level,classId,scenario,statId,powerBudget,statValue,physicalAutoDps,directSpellDps,directHps,physicalEffectiveHp,magicalEffectiveHp,companionDps
10,WARRIOR,ordinary,BASELINE,19.5635,0,20.718338178294573,27.63567441860465,48.60279069767442,529.600131373676,523.8095238095239,0
10,WARRIOR,ordinary,STRENGTH,19.5635,2.4454375,21.516860465116277,27.63567441860465,48.60279069767442,530.4276315789474,523.8095238095239,0
10,WARRIOR,ordinary,AGILITY,19.5635,1.95635,20.86016114603813,27.741197232991798,48.79068505715551,531.4344195590733,523.8095238095239,0
10,WARRIOR,ordinary,INTELLECT,19.5635,2.173722222222222,20.718338178294573,28.37339534883721,49.9046511627907,529.600131373676,523.8095238095239,0
10,WARRIOR,ordinary,STAMINA,19.5635,1.6302916666666667,20.718338178294573,27.63567441860465,48.60279069767442,555.7638489750117,549.6871693121693,0
10,WARRIOR,ordinary,MAX_HP,19.5635,27.947857142857142,20.718338178294573,27.63567441860465,48.60279069767442,574.4522186902514,568.1712018140589,0
10,WARRIOR,ordinary,ATTACK_POWER,19.5635,4.890875,21.516860465116277,27.63567441860465,48.60279069767442,529.600131373676,523.8095238095239,0
10,WARRIOR,ordinary,SPELL_POWER,19.5635,4.890875,20.718338178294573,28.402255813953488,49.93860465116279,529.600131373676,523.8095238095239,0
10,WARRIOR,ordinary,CRITICAL_CHANCE,19.5635,0.5589571428571428,20.82325909198505,27.77630803574751,48.85320349767442,529.600131373676,523.8095238095239,0
10,WARRIOR,ordinary,CRITICAL_DAMAGE,19.5635,1.3042333333333334,20.748401162790696,27.66453488372093,48.63674418604651,529.600131373676,523.8095238095239,0
10,WARRIOR,ordinary,ACCURACY,19.5635,1.3042333333333334,20.962083333333332,27.9608,48.60279069767442,529.600131373676,523.8095238095239,0
10,WARRIOR,ordinary,ATTACK_SPEED,19.5635,0.78254,20.880467461875,27.63567441860465,48.60279069767442,529.600131373676,523.8095238095239,0
10,WARRIOR,ordinary,ARMOR,19.5635,24.454375,20.718338178294573,27.63567441860465,48.60279069767442,546.6564963132469,523.8095238095239,0
10,WARRIOR,ordinary,MAGIC_RESISTANCE,19.5635,16.30291666666667,20.718338178294573,27.63567441860465,48.60279069767442,529.600131373676,532.258064516129,0
10,WARRIOR,ordinary,DODGE,19.5635,0.6521166666666667,20.718338178294573,27.63567441860465,48.60279069767442,533.1768830155228,523.8095238095239,0
10,WARRIOR,ordinary,ARMOR_PENETRATION,19.5635,0.978175,20.748401162790696,27.63567441860465,48.60279069767442,529.600131373676,523.8095238095239,0
10,WARRIOR,ordinary,MAGIC_PENETRATION,19.5635,0.978175,20.718338178294573,27.66453488372093,48.60279069767442,529.600131373676,523.8095238095239,0
10,WARRIOR,ordinary,MAX_RESOURCE,19.5635,39.127,20.718338178294573,27.63567441860465,48.60279069767442,529.600131373676,523.8095238095239,0
10,WARRIOR,ordinary,BLOCK_CHANCE,19.5635,0.78254,20.718338178294573,27.63567441860465,48.60279069767442,530.3771197880016,523.8095238095239,0
10,WARRIOR,ordinary,BLOCK_VALUE,19.5635,13.042333333333334,20.718338178294573,27.63567441860465,48.60279069767442,540.5631914180356,523.8095238095239,0
10,WARRIOR,ordinary,WEAPON_DAMAGE,19.5635,3.9127,21.516860465116277,27.63567441860465,48.60279069767442,529.600131373676,523.8095238095239,0
10,WARRIOR,near-caps,BASELINE,19.5635,0,69.05421,62.43528,70.784,1446.9368784748408,804.8780487804878,0
10,WARRIOR,near-caps,STRENGTH,19.5635,2.4454375,71.97400333333333,62.43528,70.784,1459.3698175787729,804.8780487804878,0
10,WARRIOR,near-caps,AGILITY,19.5635,1.95635,70.42613950218552,62.601012890831576,70.97189435948108,1454.219384332092,804.8780487804878,0
10,WARRIOR,near-caps,INTELLECT,19.5635,2.173722222222222,69.05421,64.12272,72.68,1446.9368784748408,814.8148148148148,0
10,WARRIOR,near-caps,STAMINA,19.5635,1.6302916666666667,69.05421,62.43528,70.784,1518.419579540605,844.6412601626016,0
10,WARRIOR,near-caps,MAX_HP,19.5635,27.947857142857142,69.05421,62.43528,70.784,1569.4786517304362,873.0435540069686,0
10,WARRIOR,near-caps,ATTACK_POWER,19.5635,4.890875,71.97400333333333,62.43528,70.784,1446.9368784748408,804.8780487804878,0
10,WARRIOR,near-caps,SPELL_POWER,19.5635,4.890875,69.05421,64.12272,72.912,1446.9368784748408,804.8780487804878,0
10,WARRIOR,near-caps,CRITICAL_CHANCE,19.5635,0.5589571428571428,69.29656170640476,62.65615750457143,71.0344128,1446.9368784748408,804.8780487804878,0
10,WARRIOR,near-caps,CRITICAL_DAMAGE,19.5635,1.3042333333333334,69.37253333333334,62.64176,71.016,1446.9368784748408,804.8780487804878,0
10,WARRIOR,near-caps,ACCURACY,19.5635,1.3042333333333334,69.8301,63.1368,70.784,1446.9368784748408,804.8780487804878,0
10,WARRIOR,near-caps,ATTACK_SPEED,19.5635,0.78254,69.41932946955,62.43528,70.784,1446.9368784748408,804.8780487804878,0
10,WARRIOR,near-caps,ARMOR,19.5635,24.454375,69.05421,62.43528,70.784,1490.730367532796,804.8780487804878,0
10,WARRIOR,near-caps,MAGIC_RESISTANCE,19.5635,16.30291666666667,69.05421,62.43528,70.784,1446.9368784748408,825,0
10,WARRIOR,near-caps,DODGE,19.5635,0.6521166666666667,69.05421,62.43528,70.784,1461.1584573205073,804.8780487804878,0
10,WARRIOR,near-caps,ARMOR_PENETRATION,19.5635,0.978175,69.37253333333334,62.43528,70.784,1446.9368784748408,804.8780487804878,0
10,WARRIOR,near-caps,MAGIC_PENETRATION,19.5635,0.978175,69.05421,62.64176,70.784,1446.9368784748408,804.8780487804878,0
10,WARRIOR,near-caps,MAX_RESOURCE,19.5635,39.127,69.05421,62.43528,70.784,1446.9368784748408,804.8780487804878,0
10,WARRIOR,near-caps,BLOCK_CHANCE,19.5635,0.78254,69.05421,62.43528,70.784,1450.9395278925508,804.8780487804878,0
10,WARRIOR,near-caps,BLOCK_VALUE,19.5635,13.042333333333334,69.05421,62.43528,70.784,1627.1467242577992,804.8780487804878,0
10,WARRIOR,near-caps,WEAPON_DAMAGE,19.5635,3.9127,72.52283666666666,62.43528,70.784,1446.9368784748408,804.8780487804878,0
10,WARRIOR,at-caps,BASELINE,19.5635,0,72.3375,64.512,71.68,1547.8424015009382,825,0
10,WARRIOR,at-caps,STRENGTH,19.5635,2.4454375,75.2625,64.512,71.68,1562.1301775147929,825,0
10,WARRIOR,at-caps,AGILITY,19.5635,1.95635,73.4625,64.512,71.68,1547.8424015009382,825,0
10,WARRIOR,at-caps,INTELLECT,19.5635,2.173722222222222,72.3375,66.24,73.6,1547.8424015009382,825,0
10,WARRIOR,at-caps,STAMINA,19.5635,1.6302916666666667,72.3375,64.512,71.68,1624.3101156973107,865.7572916666667,0
10,WARRIOR,at-caps,MAX_HP,19.5635,27.947857142857142,72.3375,64.512,71.68,1678.9299115518627,894.8696428571428,0
10,WARRIOR,at-caps,ATTACK_POWER,19.5635,4.890875,75.2625,64.512,71.68,1547.8424015009382,825,0
10,WARRIOR,at-caps,SPELL_POWER,19.5635,4.890875,72.3375,66.456,73.84,1547.8424015009382,825,0
10,WARRIOR,at-caps,CRITICAL_CHANCE,19.5635,0.5589571428571428,72.3375,64.512,71.68,1547.8424015009382,825,0
10,WARRIOR,at-caps,CRITICAL_DAMAGE,19.5635,1.3042333333333334,72.675,64.728,71.92,1547.8424015009382,825,0
10,WARRIOR,at-caps,ACCURACY,19.5635,1.3042333333333334,72.3375,64.512,71.68,1547.8424015009382,825,0
10,WARRIOR,at-caps,ATTACK_SPEED,19.5635,0.78254,72.3375,64.512,71.68,1547.8424015009382,825,0
10,WARRIOR,at-caps,ARMOR,19.5635,24.454375,72.3375,64.512,71.68,1547.8424015009382,825,0
10,WARRIOR,at-caps,MAGIC_RESISTANCE,19.5635,16.30291666666667,72.3375,64.512,71.68,1547.8424015009382,825,0
10,WARRIOR,at-caps,DODGE,19.5635,0.6521166666666667,72.3375,64.512,71.68,1547.8424015009382,825,0
10,WARRIOR,at-caps,ARMOR_PENETRATION,19.5635,0.978175,72.3375,64.512,71.68,1547.8424015009382,825,0
10,WARRIOR,at-caps,MAGIC_PENETRATION,19.5635,0.978175,72.3375,64.512,71.68,1547.8424015009382,825,0
10,WARRIOR,at-caps,MAX_RESOURCE,19.5635,39.127,72.3375,64.512,71.68,1547.8424015009382,825,0
10,WARRIOR,at-caps,BLOCK_CHANCE,19.5635,0.78254,72.3375,64.512,71.68,1547.8424015009382,825,0
10,WARRIOR,at-caps,BLOCK_VALUE,19.5635,13.042333333333334,72.3375,64.512,71.68,1756.7207878626564,825,0
10,WARRIOR,at-caps,WEAPON_DAMAGE,19.5635,3.9127,75.9375,64.512,71.68,1547.8424015009382,825,0
10,ARCHER,ordinary,BASELINE,19.5635,0,16.354396186440677,30.59164406779661,54.01050847457627,480.442984718113,476.1904761904762,6.389166666666667
10,ARCHER,ordinary,STRENGTH,19.5635,2.4454375,17.152171610169493,30.59164406779661,54.01050847457627,480.442984718113,476.1904761904762,6.715
10,ARCHER,ordinary,AGILITY,19.5635,1.95635,16.805103518723076,30.68521549666567,54.176331259913844,481.8732027939383,476.1904761904762,6.4175
10,ARCHER,ordinary,INTELLECT,19.5635,2.173722222222222,16.354396186440677,31.400440677966102,55.362033898305086,480.442984718113,476.1904761904762,6.389166666666667
10,ARCHER,ordinary,STAMINA,19.5635,1.6302916666666667,16.354396186440677,30.59164406779661,54.01050847457627,506.5517245279263,502.06812169312167,6.389166666666667
10,ARCHER,ordinary,MAX_HP,19.5635,27.947857142857142,16.354396186440677,30.59164406779661,54.01050847457627,525.2008243920787,520.5521541950113,6.389166666666667
10,ARCHER,ordinary,ATTACK_POWER,19.5635,4.890875,17.152171610169493,30.59164406779661,54.01050847457627,480.442984718113,476.1904761904762,6.715
10,ARCHER,ordinary,SPELL_POWER,19.5635,4.890875,16.354396186440677,31.400440677966102,55.412542372881354,480.442984718113,476.1904761904762,6.389166666666667
10,ARCHER,ordinary,CRITICAL_CHANCE,19.5635,0.5589571428571428,16.435561421559726,30.74177995636804,54.27657207457627,480.442984718113,476.1904761904762,6.389166666666667
10,ARCHER,ordinary,CRITICAL_DAMAGE,19.5635,1.3042333333333334,16.399117231638417,30.67750847457627,54.111525423728814,480.442984718113,476.1904761904762,6.389166666666667
10,ARCHER,ordinary,ACCURACY,19.5635,1.3042333333333334,16.54680084745763,30.951545762711863,54.01050847457627,480.442984718113,476.1904761904762,6.389166666666667
10,ARCHER,ordinary,ATTACK_SPEED,19.5635,0.78254,16.482375878358052,30.59164406779661,54.01050847457627,480.442984718113,476.1904761904762,6.389166666666667
10,ARCHER,ordinary,ARMOR,19.5635,24.454375,16.354396186440677,30.59164406779661,54.01050847457627,495.3404416085971,476.1904761904762,6.389166666666667
10,ARCHER,ordinary,MAGIC_RESISTANCE,19.5635,16.30291666666667,16.354396186440677,30.59164406779661,54.01050847457627,480.442984718113,487.8048780487805,6.389166666666667
10,ARCHER,ordinary,DODGE,19.5635,0.6521166666666667,16.354396186440677,30.59164406779661,54.01050847457627,483.80295988742523,476.1904761904762,6.389166666666667
10,ARCHER,ordinary,ARMOR_PENETRATION,19.5635,0.978175,16.354396186440677,30.59164406779661,54.01050847457627,480.442984718113,476.1904761904762,6.389166666666667
10,ARCHER,ordinary,MAGIC_PENETRATION,19.5635,0.978175,16.354396186440677,30.63457627118644,54.01050847457627,480.442984718113,476.1904761904762,6.389166666666667
10,ARCHER,ordinary,MAX_RESOURCE,19.5635,39.127,16.354396186440677,30.59164406779661,54.01050847457627,480.442984718113,476.1904761904762,6.389166666666667
10,ARCHER,ordinary,BLOCK_CHANCE,19.5635,0.78254,16.354396186440677,30.59164406779661,54.01050847457627,480.442984718113,476.1904761904762,6.389166666666667
10,ARCHER,ordinary,BLOCK_VALUE,19.5635,13.042333333333334,16.354396186440677,30.59164406779661,54.01050847457627,480.442984718113,476.1904761904762,6.389166666666667
10,ARCHER,ordinary,WEAPON_DAMAGE,19.5635,3.9127,17.506338276836157,30.59164406779661,54.01050847457627,480.442984718113,476.1904761904762,6.389166666666667
10,ARCHER,near-caps,BASELINE,19.5635,0,52.89655666666667,66.57912,75.608,1092.1004732435383,731.7073170731708,6.389166666666667
10,ARCHER,near-caps,STRENGTH,19.5635,2.4454375,55.49802666666667,66.57912,75.608,1092.1004732435383,731.7073170731708,6.715
10,ARCHER,near-caps,AGILITY,19.5635,1.95635,53.882254561593946,66.72670227895044,75.77382278533757,1096.6621582719838,731.7073170731708,6.4175
10,ARCHER,near-caps,INTELLECT,19.5635,2.173722222222222,52.89655666666667,68.26656,77.504,1092.1004732435383,740.7407407407408,6.389166666666667
10,ARCHER,near-caps,STAMINA,19.5635,1.6302916666666667,52.89655666666667,66.57912,75.608,1151.4485499332604,771.4705284552846,6.389166666666667
10,ARCHER,near-caps,MAX_HP,19.5635,27.947857142857142,52.89655666666667,66.57912,75.608,1193.840033283062,799.8728222996516,6.389166666666667
10,ARCHER,near-caps,ATTACK_POWER,19.5635,4.890875,55.49802666666667,66.57912,75.608,1092.1004732435383,731.7073170731708,6.715
10,ARCHER,near-caps,SPELL_POWER,19.5635,4.890875,52.89655666666667,68.62256,77.736,1092.1004732435383,731.7073170731708,6.389166666666667
10,ARCHER,near-caps,CRITICAL_CHANCE,19.5635,0.5589571428571428,53.08368899692857,66.815916604,75.8740636,1092.1004732435383,731.7073170731708,6.389166666666667
10,ARCHER,near-caps,CRITICAL_DAMAGE,19.5635,1.3042333333333334,53.21488,66.7856,76.072,1092.1004732435383,731.7073170731708,6.389166666666667
10,ARCHER,near-caps,ACCURACY,19.5635,1.3042333333333334,53.4909,67.3272,75.608,1092.1004732435383,731.7073170731708,6.389166666666667
10,ARCHER,near-caps,ATTACK_SPEED,19.5635,0.78254,53.17624363595,66.57912,75.608,1092.1004732435383,731.7073170731708,6.389166666666667
10,ARCHER,near-caps,ARMOR,19.5635,24.454375,52.89655666666667,66.57912,75.608,1119.402985074627,731.7073170731708,6.389166666666667
10,ARCHER,near-caps,MAGIC_RESISTANCE,19.5635,16.30291666666667,52.89655666666667,66.57912,75.608,1092.1004732435383,750,6.389166666666667
10,ARCHER,near-caps,DODGE,19.5635,0.6521166666666667,52.89655666666667,66.57912,75.608,1102.8344542614207,731.7073170731708,6.389166666666667
10,ARCHER,near-caps,ARMOR_PENETRATION,19.5635,0.978175,53.21488,66.57912,75.608,1092.1004732435383,731.7073170731708,6.389166666666667
10,ARCHER,near-caps,MAGIC_PENETRATION,19.5635,0.978175,52.89655666666667,66.93512,75.608,1092.1004732435383,731.7073170731708,6.389166666666667
10,ARCHER,near-caps,MAX_RESOURCE,19.5635,39.127,52.89655666666667,66.57912,75.608,1092.1004732435383,731.7073170731708,6.389166666666667
10,ARCHER,near-caps,BLOCK_CHANCE,19.5635,0.78254,52.89655666666667,66.57912,75.608,1092.1004732435383,731.7073170731708,6.389166666666667
10,ARCHER,near-caps,BLOCK_VALUE,19.5635,13.042333333333334,52.89655666666667,66.57912,75.608,1092.1004732435383,731.7073170731708,6.389166666666667
10,ARCHER,near-caps,WEAPON_DAMAGE,19.5635,3.9127,56.365183333333334,66.57912,75.608,1092.1004732435383,731.7073170731708,6.389166666666667
10,ARCHER,at-caps,BASELINE,19.5635,0,55.4625,68.904,76.56,1153.8461538461538,750,6.389166666666667
10,ARCHER,at-caps,STRENGTH,19.5635,2.4454375,58.5,68.904,76.56,1153.8461538461538,750,6.715
10,ARCHER,at-caps,AGILITY,19.5635,1.95635,56.7,68.904,76.56,1153.8461538461538,750,6.4175
10,ARCHER,at-caps,INTELLECT,19.5635,2.173722222222222,55.4625,70.632,78.48,1153.8461538461538,750,6.389166666666667
10,ARCHER,at-caps,STAMINA,19.5635,1.6302916666666667,55.4625,68.904,76.56,1216.5496794871794,790.7572916666667,6.389166666666667
10,ARCHER,at-caps,MAX_HP,19.5635,27.947857142857142,55.4625,68.904,76.56,1261.3379120879122,819.8696428571428,6.389166666666667
10,ARCHER,at-caps,ATTACK_POWER,19.5635,4.890875,58.5,68.904,76.56,1153.8461538461538,750,6.715
10,ARCHER,at-caps,SPELL_POWER,19.5635,4.890875,55.4625,70.848,78.72,1153.8461538461538,750,6.389166666666667
10,ARCHER,at-caps,CRITICAL_CHANCE,19.5635,0.5589571428571428,55.4625,68.904,76.56,1153.8461538461538,750,6.389166666666667
10,ARCHER,at-caps,CRITICAL_DAMAGE,19.5635,1.3042333333333334,55.8,69.336,77.04,1153.8461538461538,750,6.389166666666667
10,ARCHER,at-caps,ACCURACY,19.5635,1.3042333333333334,55.4625,68.904,76.56,1153.8461538461538,750,6.389166666666667
10,ARCHER,at-caps,ATTACK_SPEED,19.5635,0.78254,55.4625,68.904,76.56,1153.8461538461538,750,6.389166666666667
10,ARCHER,at-caps,ARMOR,19.5635,24.454375,55.4625,68.904,76.56,1153.8461538461538,750,6.389166666666667
10,ARCHER,at-caps,MAGIC_RESISTANCE,19.5635,16.30291666666667,55.4625,68.904,76.56,1153.8461538461538,750,6.389166666666667
10,ARCHER,at-caps,DODGE,19.5635,0.6521166666666667,55.4625,68.904,76.56,1153.8461538461538,750,6.389166666666667
10,ARCHER,at-caps,ARMOR_PENETRATION,19.5635,0.978175,55.4625,68.904,76.56,1153.8461538461538,750,6.389166666666667
10,ARCHER,at-caps,MAGIC_PENETRATION,19.5635,0.978175,55.4625,68.904,76.56,1153.8461538461538,750,6.389166666666667
10,ARCHER,at-caps,MAX_RESOURCE,19.5635,39.127,55.4625,68.904,76.56,1153.8461538461538,750,6.389166666666667
10,ARCHER,at-caps,BLOCK_CHANCE,19.5635,0.78254,55.4625,68.904,76.56,1153.8461538461538,750,6.389166666666667
10,ARCHER,at-caps,BLOCK_VALUE,19.5635,13.042333333333334,55.4625,68.904,76.56,1153.8461538461538,750,6.389166666666667
10,ARCHER,at-caps,WEAPON_DAMAGE,19.5635,3.9127,59.0625,68.904,76.56,1153.8461538461538,750,6.389166666666667
10,MAGE,ordinary,BASELINE,19.5635,0,11.503796728971963,37.548392523364484,66.26186915887851,447.80858095334304,475.40983606557376,0
10,MAGE,ordinary,STRENGTH,19.5635,2.4454375,12.270716510903426,37.548392523364484,66.26186915887851,447.80858095334304,475.40983606557376,0
10,MAGE,ordinary,AGILITY,19.5635,1.95635,11.90294094009044,37.695199228455195,66.52093981492094,449.37129016005696,475.40983606557376,0
10,MAGE,ordinary,INTELLECT,19.5635,2.173722222222222,11.503796728971963,38.28463551401869,67.5611214953271,447.80858095334304,475.40983606557376,0
10,MAGE,ordinary,STAMINA,19.5635,1.6302916666666667,11.503796728971963,37.548392523364484,66.26186915887851,472.98301535989685,502.1359289617486,0
10,MAGE,ordinary,MAX_HP,19.5635,27.947857142857142,11.503796728971963,37.548392523364484,66.26186915887851,490.964754221721,521.2259953161592,0
10,MAGE,ordinary,ATTACK_POWER,19.5635,4.890875,12.270716510903426,37.548392523364484,66.26186915887851,447.80858095334304,475.40983606557376,0
10,MAGE,ordinary,SPELL_POWER,19.5635,4.890875,11.503796728971963,38.312757009345795,67.9611214953271,447.80858095334304,475.40983606557376,0
10,MAGE,ordinary,CRITICAL_CHANCE,19.5635,0.5589571428571428,11.563185925400534,37.74223886050734,66.60395093030708,447.80858095334304,475.40983606557376,0
10,MAGE,ordinary,CRITICAL_DAMAGE,19.5635,1.3042333333333334,11.503796728971963,37.60463551401869,66.32803738317757,447.80858095334304,475.40983606557376,0
10,MAGE,ordinary,ACCURACY,19.5635,1.3042333333333334,11.639135514018692,37.99013831775701,66.26186915887851,447.80858095334304,475.40983606557376,0
10,MAGE,ordinary,ATTACK_SPEED,19.5635,0.78254,11.59381853989486,37.548392523364484,66.26186915887851,447.80858095334304,475.40983606557376,0
10,MAGE,ordinary,ARMOR,19.5635,24.454375,11.503796728971963,37.548392523364484,66.26186915887851,461.69411834724514,475.40983606557376,0
10,MAGE,ordinary,MAGIC_RESISTANCE,19.5635,16.30291666666667,11.503796728971963,37.548392523364484,66.26186915887851,447.80858095334304,487.39495798319325,0
10,MAGE,ordinary,DODGE,19.5635,0.6521166666666667,11.503796728971963,37.548392523364484,66.26186915887851,450.8275020360713,475.40983606557376,0
10,MAGE,ordinary,ARMOR_PENETRATION,19.5635,0.978175,11.503796728971963,37.548392523364484,66.26186915887851,447.80858095334304,475.40983606557376,0
10,MAGE,ordinary,MAGIC_PENETRATION,19.5635,0.978175,11.503796728971963,37.57651401869159,66.26186915887851,447.80858095334304,475.40983606557376,0
10,MAGE,ordinary,MAX_RESOURCE,19.5635,39.127,11.503796728971963,37.548392523364484,66.26186915887851,447.80858095334304,475.40983606557376,0
10,MAGE,ordinary,BLOCK_CHANCE,19.5635,0.78254,11.503796728971963,37.548392523364484,66.26186915887851,447.80858095334304,475.40983606557376,0
10,MAGE,ordinary,BLOCK_VALUE,19.5635,13.042333333333334,11.503796728971963,37.548392523364484,66.26186915887851,447.80858095334304,475.40983606557376,0
10,MAGE,ordinary,WEAPON_DAMAGE,19.5635,3.9127,12.300009735202492,37.548392523364484,66.26186915887851,447.80858095334304,475.40983606557376,0
10,MAGE,near-caps,BASELINE,19.5635,0,38.473216666666666,85.29048,96.696,1055.6971241354204,707.3170731707318,0
10,MAGE,near-caps,STRENGTH,19.5635,2.4454375,41.074686666666665,85.29048,96.696,1055.6971241354204,707.3170731707318,0
10,MAGE,near-caps,AGILITY,19.5635,1.95635,39.67543231254261,85.5180388592519,96.95507065604242,1061.0603001781035,707.3170731707318,0
10,MAGE,near-caps,INTELLECT,19.5635,2.173722222222222,38.473216666666666,86.97792,98.592,1055.6971241354204,716.0493827160494,0
10,MAGE,near-caps,STAMINA,19.5635,1.6302916666666667,38.473216666666666,85.29048,96.696,1115.0452008251425,747.0802845528456,0
10,MAGE,near-caps,MAX_HP,19.5635,27.947857142857142,38.473216666666666,85.29048,96.696,1157.436684174944,775.4825783972126,0
10,MAGE,near-caps,ATTACK_POWER,19.5635,4.890875,41.074686666666665,85.29048,96.696,1055.6971241354204,707.3170731707318,0
10,MAGE,near-caps,SPELL_POWER,19.5635,4.890875,38.473216666666666,87.1844,98.992,1055.6971241354204,707.3170731707318,0
10,MAGE,near-caps,CRITICAL_CHANCE,19.5635,0.5589571428571428,38.61126510702381,85.59095300171428,97.03808177142857,1055.6971241354204,707.3170731707318,0
10,MAGE,near-caps,CRITICAL_DAMAGE,19.5635,1.3042333333333334,38.473216666666666,85.70344,97.16,1055.6971241354204,707.3170731707318,0
10,MAGE,near-caps,ACCURACY,19.5635,1.3042333333333334,38.9055,86.2488,96.696,1055.6971241354204,707.3170731707318,0
10,MAGE,near-caps,ATTACK_SPEED,19.5635,0.78254,38.67664120025,85.29048,96.696,1055.6971241354204,707.3170731707318,0
10,MAGE,near-caps,ARMOR,19.5635,24.454375,38.473216666666666,85.29048,96.696,1082.089552238806,707.3170731707318,0
10,MAGE,near-caps,MAGIC_RESISTANCE,19.5635,16.30291666666667,38.473216666666666,85.29048,96.696,1055.6971241354204,725,0
10,MAGE,near-caps,DODGE,19.5635,0.6521166666666667,38.473216666666666,85.29048,96.696,1066.07330578604,707.3170731707318,0
10,MAGE,near-caps,ARMOR_PENETRATION,19.5635,0.978175,38.473216666666666,85.29048,96.696,1055.6971241354204,707.3170731707318,0
10,MAGE,near-caps,MAGIC_PENETRATION,19.5635,0.978175,38.473216666666666,85.70344,96.696,1055.6971241354204,707.3170731707318,0
10,MAGE,near-caps,MAX_RESOURCE,19.5635,39.127,38.473216666666666,85.29048,96.696,1055.6971241354204,707.3170731707318,0
10,MAGE,near-caps,BLOCK_CHANCE,19.5635,0.78254,38.473216666666666,85.29048,96.696,1055.6971241354204,707.3170731707318,0
10,MAGE,near-caps,BLOCK_VALUE,19.5635,13.042333333333334,38.473216666666666,85.29048,96.696,1055.6971241354204,707.3170731707318,0
10,MAGE,near-caps,WEAPON_DAMAGE,19.5635,3.9127,41.62352,85.29048,96.696,1055.6971241354204,707.3170731707318,0
10,MAGE,at-caps,BASELINE,19.5635,0,40.1625,88.128,97.92,1115.3846153846155,725,0
10,MAGE,at-caps,STRENGTH,19.5635,2.4454375,43.2,88.128,97.92,1115.3846153846155,725,0
10,MAGE,at-caps,AGILITY,19.5635,1.95635,41.4,88.128,97.92,1115.3846153846155,725,0
10,MAGE,at-caps,INTELLECT,19.5635,2.173722222222222,40.1625,89.856,99.84,1115.3846153846155,725,0
10,MAGE,at-caps,STAMINA,19.5635,1.6302916666666667,40.1625,88.128,97.92,1178.088141025641,765.7572916666667,0
10,MAGE,at-caps,MAX_HP,19.5635,27.947857142857142,40.1625,88.128,97.92,1222.8763736263736,794.8696428571428,0
10,MAGE,at-caps,ATTACK_POWER,19.5635,4.890875,43.2,88.128,97.92,1115.3846153846155,725,0
10,MAGE,at-caps,SPELL_POWER,19.5635,4.890875,40.1625,90.216,100.24,1115.3846153846155,725,0
10,MAGE,at-caps,CRITICAL_CHANCE,19.5635,0.5589571428571428,40.1625,88.128,97.92,1115.3846153846155,725,0
10,MAGE,at-caps,CRITICAL_DAMAGE,19.5635,1.3042333333333334,40.5,88.56,98.4,1115.3846153846155,725,0
10,MAGE,at-caps,ACCURACY,19.5635,1.3042333333333334,40.1625,88.128,97.92,1115.3846153846155,725,0
10,MAGE,at-caps,ATTACK_SPEED,19.5635,0.78254,40.1625,88.128,97.92,1115.3846153846155,725,0
10,MAGE,at-caps,ARMOR,19.5635,24.454375,40.1625,88.128,97.92,1115.3846153846155,725,0
10,MAGE,at-caps,MAGIC_RESISTANCE,19.5635,16.30291666666667,40.1625,88.128,97.92,1115.3846153846155,725,0
10,MAGE,at-caps,DODGE,19.5635,0.6521166666666667,40.1625,88.128,97.92,1115.3846153846155,725,0
10,MAGE,at-caps,ARMOR_PENETRATION,19.5635,0.978175,40.1625,88.128,97.92,1115.3846153846155,725,0
10,MAGE,at-caps,MAGIC_PENETRATION,19.5635,0.978175,40.1625,88.128,97.92,1115.3846153846155,725,0
10,MAGE,at-caps,MAX_RESOURCE,19.5635,39.127,40.1625,88.128,97.92,1115.3846153846155,725,0
10,MAGE,at-caps,BLOCK_CHANCE,19.5635,0.78254,40.1625,88.128,97.92,1115.3846153846155,725,0
10,MAGE,at-caps,BLOCK_VALUE,19.5635,13.042333333333334,40.1625,88.128,97.92,1115.3846153846155,725,0
10,MAGE,at-caps,WEAPON_DAMAGE,19.5635,3.9127,43.7625,88.128,97.92,1115.3846153846155,725,0
10,PALADIN,ordinary,BASELINE,19.5635,0,16.71773607148518,33.61001046124584,59.31178316690442,550.3161608619247,565.8536585365854,0
10,PALADIN,ordinary,STRENGTH,19.5635,2.4454375,17.478832322872087,33.61001046124584,59.31178316690442,551.1706890620209,565.8536585365854,0
10,PALADIN,ordinary,AGILITY,19.5635,1.95635,16.84034905026595,33.74710284709975,59.55371090664661,552.2912991870228,565.8536585365854,0
10,PALADIN,ordinary,INTELLECT,19.5635,2.173722222222222,16.71773607148518,34.34066286257727,60.6011697574893,550.3161608619247,565.8536585365854,0
10,PALADIN,ordinary,STAMINA,19.5635,1.6302916666666667,16.71773607148518,33.61001046124584,59.31178316690442,576.0970761229933,592.3624661246613,0
10,PALADIN,ordinary,MAX_HP,19.5635,27.947857142857142,16.71773607148518,33.61001046124584,59.31178316690442,594.5120155951852,611.2973286875726,0
10,PALADIN,ordinary,ATTACK_POWER,19.5635,4.890875,17.478832322872087,33.61001046124584,59.31178316690442,550.3161608619247,565.8536585365854,0
10,PALADIN,ordinary,SPELL_POWER,19.5635,4.890875,16.71773607148518,34.34066286257727,60.6011697574893,550.3161608619247,565.8536585365854,0
10,PALADIN,ordinary,CRITICAL_CHANCE,19.5635,0.5589571428571428,16.802860586366133,33.784852255531554,59.620327509761566,550.3161608619247,565.8536585365854,0
10,PALADIN,ordinary,CRITICAL_DAMAGE,19.5635,1.3042333333333334,16.744117530511968,33.63533666191155,59.34157869709938,550.3161608619247,565.8536585365854,0
10,PALADIN,ordinary,ACCURACY,19.5635,1.3042333333333334,16.914415319385007,34.0054223490252,59.31178316690442,550.3161608619247,565.8536585365854,0
10,PALADIN,ordinary,ATTACK_SPEED,19.5635,0.78254,16.84855904333898,33.61001046124584,59.31178316690442,550.3161608619247,565.8536585365854,0
10,PALADIN,ordinary,ARMOR,19.5635,24.454375,16.71773607148518,33.61001046124584,59.31178316690442,567.9262780095063,565.8536585365854,0
10,PALADIN,ordinary,MAGIC_RESISTANCE,19.5635,16.30291666666667,16.71773607148518,33.61001046124584,59.31178316690442,550.3161608619247,580.0,0
10,PALADIN,ordinary,DODGE,19.5635,0.6521166666666667,16.71773607148518,33.61001046124584,59.31178316690442,554.0010858646224,565.8536585365854,0
10,PALADIN,ordinary,ARMOR_PENETRATION,19.5635,0.978175,16.744117530511968,33.61001046124584,59.31178316690442,550.3161608619247,565.8536585365854,0
10,PALADIN,ordinary,MAGIC_PENETRATION,19.5635,0.978175,16.71773607148518,33.61001046124584,59.31178316690442,550.3161608619247,565.8536585365854,0
10,PALADIN,ordinary,MAX_RESOURCE,19.5635,39.127,16.71773607148518,33.61001046124584,59.31178316690442,550.3161608619247,565.8536585365854,0
10,PALADIN,ordinary,BLOCK_CHANCE,19.5635,0.78254,16.71773607148518,33.61001046124584,59.31178316690442,550.9846376345364,565.8536585365854,0
10,PALADIN,ordinary,BLOCK_VALUE,19.5635,13.042333333333334,16.71773607148518,33.61001046124584,59.31178316690442,561.6359553100339,565.8536585365854,0
10,PALADIN,ordinary,WEAPON_DAMAGE,19.5635,3.9127,17.505213781898874,33.61001046124584,59.31178316690442,550.3161608619247,565.8536585365854,0
10,PALADIN,near-caps,BASELINE,19.5635,0,56.365183333333334,76.70376,87.216,1475.5766621438263,848.780487804878,0
10,PALADIN,near-caps,STRENGTH,19.5635,2.4454375,58.96665333333333,76.70376,87.216,1487.834388641154,848.780487804878,0
10,PALADIN,near-caps,AGILITY,19.5635,1.95635,57.39109631370799,76.91751542975916,87.45792773974219,1483.3391733590936,848.780487804878,0
10,PALADIN,near-caps,INTELLECT,19.5635,2.173722222222222,56.365183333333334,78.3912,89.112,1475.5766621438263,859.2592592592592,0
10,PALADIN,near-caps,STAMINA,19.5635,1.6302916666666667,56.365183333333334,76.70376,87.216,1544.703683288105,888.5436991869918,0
10,PALADIN,near-caps,MAX_HP,19.5635,27.947857142857142,56.365183333333334,76.70376,87.216,1594.0801269625897,916.9459930313589,0
10,PALADIN,near-caps,ATTACK_POWER,19.5635,4.890875,58.96665333333333,76.70376,87.216,1475.5766621438263,848.780487804878,0
10,PALADIN,near-caps,SPELL_POWER,19.5635,4.890875,56.365183333333334,78.7472,89.112,1475.5766621438263,848.780487804878,0
10,PALADIN,near-caps,CRITICAL_CHANCE,19.5635,0.5589571428571428,56.564586636071425,76.97637457771428,87.52454434285714,1475.5766621438263,848.780487804878,0
10,PALADIN,near-caps,CRITICAL_DAMAGE,19.5635,1.3042333333333334,56.365183333333334,77.11672,87.448,1475.5766621438263,848.780487804878,0
10,PALADIN,near-caps,ACCURACY,19.5635,1.3042333333333334,56.9985,77.5656,87.216,1475.5766621438263,848.780487804878,0
10,PALADIN,near-caps,ATTACK_SPEED,19.5635,0.78254,56.66321043175,76.70376,87.216,1475.5766621438263,848.780487804878,0
10,PALADIN,near-caps,ARMOR,19.5635,24.454375,56.365183333333334,76.70376,87.216,1518.7221785807803,848.780487804878,0
10,PALADIN,near-caps,MAGIC_RESISTANCE,19.5635,16.30291666666667,56.365183333333334,76.70376,87.216,1475.5766621438263,870.0,0
10,PALADIN,near-caps,DODGE,19.5635,0.6521166666666667,56.365183333333334,76.70376,87.216,1490.0797342236694,848.780487804878,0
10,PALADIN,near-caps,ARMOR_PENETRATION,19.5635,0.978175,56.365183333333334,76.70376,87.216,1475.5766621438263,848.780487804878,0
10,PALADIN,near-caps,MAGIC_PENETRATION,19.5635,0.978175,56.365183333333334,77.05976,87.216,1475.5766621438263,848.780487804878,0
10,PALADIN,near-caps,MAX_RESOURCE,19.5635,39.127,56.365183333333334,76.70376,87.216,1475.5766621438263,848.780487804878,0
10,PALADIN,near-caps,BLOCK_CHANCE,19.5635,0.78254,56.365183333333334,76.70376,87.216,1478.864362479664,848.780487804878,0
10,PALADIN,near-caps,BLOCK_VALUE,19.5635,13.042333333333334,56.365183333333334,76.70376,87.216,1652.5707447490515,848.780487804878,0
10,PALADIN,near-caps,WEAPON_DAMAGE,19.5635,3.9127,59.51548666666667,76.70376,87.216,1475.5766621438263,848.780487804878,0
10,PALADIN,at-caps,BASELINE,19.5635,0,58.8375,79.488,88.32,1574.6606334841629,870.0,0
10,PALADIN,at-caps,STRENGTH,19.5635,2.4454375,61.7625,79.488,88.32,1588.6783839306095,870.0,0
10,PALADIN,at-caps,AGILITY,19.5635,1.95635,59.9625,79.488,88.32,1574.6606334841629,870.0,0
10,PALADIN,at-caps,INTELLECT,19.5635,2.173722222222222,58.8375,81.216,90.24,1574.6606334841629,870.0,0
10,PALADIN,at-caps,STAMINA,19.5635,1.6302916666666667,58.8375,79.488,88.32,1648.429487179487,910.7572916666667,0
10,PALADIN,at-caps,MAX_HP,19.5635,27.947857142857142,58.8375,79.488,88.32,1701.1215255332902,939.8696428571428,0
10,PALADIN,at-caps,ATTACK_POWER,19.5635,4.890875,61.7625,79.488,88.32,1574.6606334841629,870.0,0
10,PALADIN,at-caps,SPELL_POWER,19.5635,4.890875,58.8375,81.216,90.24,1574.6606334841629,870.0,0
10,PALADIN,at-caps,CRITICAL_CHANCE,19.5635,0.5589571428571428,58.8375,79.488,88.32,1574.6606334841629,870.0,0
10,PALADIN,at-caps,CRITICAL_DAMAGE,19.5635,1.3042333333333334,59.175,79.704,88.56,1574.6606334841629,870.0,0
10,PALADIN,at-caps,ACCURACY,19.5635,1.3042333333333334,58.8375,79.488,88.32,1574.6606334841629,870.0,0
10,PALADIN,at-caps,ATTACK_SPEED,19.5635,0.78254,58.8375,79.488,88.32,1574.6606334841629,870.0,0
10,PALADIN,at-caps,ARMOR,19.5635,24.454375,58.8375,79.488,88.32,1574.6606334841629,870.0,0
10,PALADIN,at-caps,MAGIC_RESISTANCE,19.5635,16.30291666666667,58.8375,79.488,88.32,1574.6606334841629,870.0,0
10,PALADIN,at-caps,DODGE,19.5635,0.6521166666666667,58.8375,79.488,88.32,1574.6606334841629,870.0,0
10,PALADIN,at-caps,ARMOR_PENETRATION,19.5635,0.978175,58.8375,79.488,88.32,1574.6606334841629,870.0,0
10,PALADIN,at-caps,MAGIC_PENETRATION,19.5635,0.978175,58.8375,79.488,88.32,1574.6606334841629,870.0,0
10,PALADIN,at-caps,MAX_RESOURCE,19.5635,39.127,58.8375,79.488,88.32,1574.6606334841629,870.0,0
10,PALADIN,at-caps,BLOCK_CHANCE,19.5635,0.78254,58.8375,79.488,88.32,1574.6606334841629,870.0,0
10,PALADIN,at-caps,BLOCK_VALUE,19.5635,13.042333333333334,58.8375,79.488,88.32,1778.6864298492205,870.0,0
10,PALADIN,at-caps,WEAPON_DAMAGE,19.5635,3.9127,62.4375,79.488,88.32,1574.6606334841629,870.0,0
20,WARRIOR,ordinary,BASELINE,36.3935,0,32.890277777777776,29.73111111111111,52.62444444444444,865.7406287055635,832.4607329842931,0
20,WARRIOR,ordinary,STRENGTH,36.3935,4.5491875,34.45648148148148,29.73111111111111,52.62444444444444,867.5461357518733,832.4607329842931,0
20,WARRIOR,ordinary,AGILITY,36.3935,3.63935,33.848964638751305,29.923535108895297,52.96118644056677,870.8987558684407,832.4607329842931,0
20,WARRIOR,ordinary,INTELLECT,36.3935,4.043722222222223,32.890277777777776,31.198777777777778,55.23555555555556,865.7406287055635,836.8421052631579,0
20,WARRIOR,ordinary,STAMINA,36.3935,3.0327916666666668,32.890277777777776,29.73111111111111,52.62444444444444,915.2804582193936,884.7282894736842,0
20,WARRIOR,ordinary,MAX_HP,36.3935,51.99071428571428,32.890277777777776,29.73111111111111,52.62444444444444,950.6660507292722,914.121540762902,0
20,WARRIOR,ordinary,ATTACK_POWER,36.3935,9.098375,34.45648148148148,29.73111111111111,52.62444444444444,865.7406287055635,832.4607329842931,0
20,WARRIOR,ordinary,SPELL_POWER,36.3935,9.098375,32.890277777777776,31.538777777777778,55.32,865.7406287055635,832.4607329842931,0
20,WARRIOR,ordinary,CRITICAL_CHANCE,36.3935,1.0398142857142858,33.19962252777778,30.013940596825396,53.11939604444444,865.7406287055635,832.4607329842931,0
20,WARRIOR,ordinary,CRITICAL_DAMAGE,36.3935,2.4262333333333332,32.96504629629629,29.767,52.75111111111111,865.7406287055635,832.4607329842931,0
20,WARRIOR,ordinary,ACCURACY,36.3935,2.4262333333333332,33.66416666666667,30.430666666666667,52.62444444444444,865.7406287055635,832.4607329842931,0
20,WARRIOR,ordinary,ATTACK_SPEED,36.3935,1.45574,33.3690747075,29.73111111111111,52.62444444444444,865.7406287055635,832.4607329842931,0
20,WARRIOR,ordinary,ARMOR,36.3935,45.491875,32.890277777777776,29.73111111111111,52.62444444444444,898.4630066803958,832.4607329842931,0
20,WARRIOR,ordinary,MAGIC_RESISTANCE,36.3935,30.327916666666667,32.890277777777776,29.73111111111111,52.62444444444444,865.7406287055635,850.2673796791444,0
20,WARRIOR,ordinary,DODGE,36.3935,1.2131166666666666,32.890277777777776,29.73111111111111,52.62444444444444,876.8728868712668,832.4607329842931,0
20,WARRIOR,ordinary,ARMOR_PENETRATION,36.3935,1.819675,32.92766203703704,29.73111111111111,52.62444444444444,865.7406287055635,832.4607329842931,0
20,WARRIOR,ordinary,MAGIC_PENETRATION,36.3935,1.819675,32.890277777777776,30.07111111111111,52.62444444444444,865.7406287055635,832.4607329842931,0
20,WARRIOR,ordinary,MAX_RESOURCE,36.3935,72.787,32.890277777777776,29.73111111111111,52.62444444444444,865.7406287055635,832.4607329842931,0
20,WARRIOR,ordinary,BLOCK_CHANCE,36.3935,1.45574,32.890277777777776,29.73111111111111,52.62444444444444,868.305511929889,832.4607329842931,0
20,WARRIOR,ordinary,BLOCK_VALUE,36.3935,24.262333333333334,32.890277777777776,29.73111111111111,52.62444444444444,887.9154153533048,832.4607329842931,0
20,WARRIOR,ordinary,WEAPON_DAMAGE,36.3935,7.2787,34.84803240740741,29.73111111111111,52.62444444444444,865.7406287055635,832.4607329842931,0
20,WARRIOR,near-caps,BASELINE,36.3935,0,108.07626,66.16616,75.208,2387.93955359047,1303.27868852459,0
20,WARRIOR,near-caps,STRENGTH,36.3935,4.5491875,113.2792,66.16616,75.208,2416.1416497232835,1303.27868852459,0
20,WARRIOR,near-caps,AGILITY,36.3935,3.63935,110.6219961307434,66.4608233954304,75.54474199612233,2408.282456933608,1303.27868852459,0
20,WARRIOR,near-caps,INTELLECT,36.3935,4.043722222222223,108.07626,69.39152,78.768,2387.93955359047,1303.27868852459,0
20,WARRIOR,near-caps,STAMINA,36.3935,3.0327916666666668,108.07626,66.16616,75.208,2524.583387149581,1377.8555327868853,0
20,WARRIOR,near-caps,MAX_HP,36.3935,51.99071428571428,108.07626,66.16616,75.208,2622.186125406089,1431.124707259953,0
20,WARRIOR,near-caps,ATTACK_POWER,36.3935,9.098375,113.2792,66.16616,75.208,2387.93955359047,1303.27868852459,0
20,WARRIOR,near-caps,SPELL_POWER,36.3935,9.098375,108.07626,69.74752,79.232,2387.93955359047,1303.27868852459,0
20,WARRIOR,near-caps,CRITICAL_CHANCE,36.3935,1.0398142857142858,108.78390907819048,66.59926344628572,75.7029516,2387.93955359047,1303.27868852459,0
20,WARRIOR,near-caps,CRITICAL_DAMAGE,36.3935,2.4262333333333332,109.03123,66.7856,75.904,2387.93955359047,1303.27868852459,0
20,WARRIOR,near-caps,ACCURACY,36.3935,2.4262333333333332,109.2906,66.9096,75.208,2387.93955359047,1303.27868852459,0
20,WARRIOR,near-caps,ATTACK_SPEED,36.3935,1.45574,109.1393068563,66.16616,75.208,2387.93955359047,1303.27868852459,0
20,WARRIOR,near-caps,ARMOR,36.3935,45.491875,108.07626,66.16616,75.208,2436.9832905711737,1303.27868852459,0
20,WARRIOR,near-caps,MAGIC_RESISTANCE,36.3935,30.327916666666667,108.07626,66.16616,75.208,2387.93955359047,1314.0495867768595,0
20,WARRIOR,near-caps,DODGE,36.3935,1.2131166666666666,108.07626,66.16616,75.208,2431.973396275724,1303.27868852459,0
20,WARRIOR,near-caps,ARMOR_PENETRATION,36.3935,1.819675,109.26174,66.16616,75.208,2387.93955359047,1303.27868852459,0
20,WARRIOR,near-caps,MAGIC_PENETRATION,36.3935,1.819675,108.07626,66.93512,75.208,2387.93955359047,1303.27868852459,0
20,WARRIOR,near-caps,MAX_RESOURCE,36.3935,72.787,108.07626,66.16616,75.208,2387.93955359047,1303.27868852459,0
20,WARRIOR,near-caps,BLOCK_CHANCE,36.3935,1.45574,108.07626,66.16616,75.208,2401.659768468986,1303.27868852459,0
20,WARRIOR,near-caps,BLOCK_VALUE,36.3935,24.262333333333334,108.07626,66.16616,75.208,2776.894837769961,1303.27868852459,0
20,WARRIOR,near-caps,WEAPON_DAMAGE,36.3935,7.2787,114.46468,66.16616,75.208,2387.93955359047,1303.27868852459,0
20,WARRIOR,at-caps,BASELINE,36.3935,0,113.4,68.544,76.16,2532.250358337315,1325,0
20,WARRIOR,at-caps,STRENGTH,36.3935,4.5491875,118.8,68.544,76.16,2564.102564102564,1325,0
20,WARRIOR,at-caps,AGILITY,36.3935,3.63935,115.5375,68.544,76.16,2532.250358337315,1325,0
20,WARRIOR,at-caps,INTELLECT,36.3935,4.043722222222223,113.4,71.784,79.76,2532.250358337315,1325,0
20,WARRIOR,at-caps,STAMINA,36.3935,3.0327916666666668,113.4,68.544,76.16,2677.1520146520147,1400.8197916666666,0
20,WARRIOR,at-caps,MAX_HP,36.3935,51.99071428571428,113.4,68.544,76.16,2780.653197733943,1454.9767857142858,0
20,WARRIOR,at-caps,ATTACK_POWER,36.3935,9.098375,118.8,68.544,76.16,2532.250358337315,1325,0
20,WARRIOR,at-caps,SPELL_POWER,36.3935,9.098375,113.4,72.216,80.24,2532.250358337315,1325,0
20,WARRIOR,at-caps,CRITICAL_CHANCE,36.3935,1.0398142857142858,113.4,68.544,76.16,2532.250358337315,1325,0
20,WARRIOR,at-caps,CRITICAL_DAMAGE,36.3935,2.4262333333333332,114.4125,69.192,76.88,2532.250358337315,1325,0
20,WARRIOR,at-caps,ACCURACY,36.3935,2.4262333333333332,113.4,68.544,76.16,2532.250358337315,1325,0
20,WARRIOR,at-caps,ATTACK_SPEED,36.3935,1.45574,113.4,68.544,76.16,2532.250358337315,1325,0
20,WARRIOR,at-caps,ARMOR,36.3935,45.491875,113.4,68.544,76.16,2532.250358337315,1325,0
20,WARRIOR,at-caps,MAGIC_RESISTANCE,36.3935,30.327916666666667,113.4,68.544,76.16,2532.250358337315,1325,0
20,WARRIOR,at-caps,DODGE,36.3935,1.2131166666666666,113.4,68.544,76.16,2532.250358337315,1325,0
20,WARRIOR,at-caps,ARMOR_PENETRATION,36.3935,1.819675,113.4,68.544,76.16,2532.250358337315,1325,0
20,WARRIOR,at-caps,MAGIC_PENETRATION,36.3935,1.819675,113.4,68.544,76.16,2532.250358337315,1325,0
20,WARRIOR,at-caps,MAX_RESOURCE,36.3935,72.787,113.4,68.544,76.16,2532.250358337315,1325,0
20,WARRIOR,at-caps,BLOCK_CHANCE,36.3935,1.45574,113.4,68.544,76.16,2532.250358337315,1325,0
20,WARRIOR,at-caps,BLOCK_VALUE,36.3935,24.262333333333334,113.4,68.544,76.16,2975.8562605277934,1325,0
20,WARRIOR,at-caps,WEAPON_DAMAGE,36.3935,7.2787,119.7,68.544,76.16,2532.250358337315,1325,0
20,ARCHER,ordinary,BASELINE,36.3935,0,26.134570802005012,35.52706015037594,62.86,832.6377295492488,789.4736842105264,10.653333333333334
20,ARCHER,ordinary,STRENGTH,36.3935,4.5491875,27.79782268170426,35.52706015037594,62.86,832.6377295492488,789.4736842105264,11.290833333333333
20,ARCHER,ordinary,AGILITY,36.3935,3.63935,26.790486360338047,35.680602378881275,63.12994205408076,836.4070356133734,789.4736842105264,10.965
20,ARCHER,ordinary,INTELLECT,36.3935,4.043722222222223,26.134570802005012,37.12378195488722,65.34736842105264,832.6377295492488,793.6507936507936,10.653333333333334
20,ARCHER,ordinary,STAMINA,36.3935,3.0327916666666668,26.134570802005012,35.52706015037594,62.86,883.142064899833,841.7903439153439,10.653333333333334
20,ARCHER,ordinary,MAX_HP,36.3935,51.99071428571428,26.134570802005012,35.52706015037594,62.86,919.2165901502505,871.5642857142857,10.653333333333334
20,ARCHER,ordinary,ATTACK_POWER,36.3935,9.098375,27.79782268170426,35.52706015037594,62.86,832.6377295492488,789.4736842105264,11.290833333333333
20,ARCHER,ordinary,SPELL_POWER,36.3935,9.098375,26.134570802005012,37.18296240601504,65.74736842105263,832.6377295492488,789.4736842105264,10.653333333333334
20,ARCHER,ordinary,CRITICAL_CHANCE,36.3935,1.0398142857142858,26.362896688909775,35.84170795323308,63.4131812,832.6377295492488,789.4736842105264,10.653333333333334
20,ARCHER,ordinary,CRITICAL_DAMAGE,36.3935,2.4262333333333332,26.257863408521303,35.645421052631576,63.06887218045113,832.6377295492488,789.4736842105264,10.653333333333334
20,ARCHER,ordinary,ACCURACY,36.3935,2.4262333333333332,26.74950187969925,36.36299097744361,62.86,832.6377295492488,789.4736842105264,10.653333333333334
20,ARCHER,ordinary,ATTACK_SPEED,36.3935,1.45574,26.51502220299812,35.52706015037594,62.86,832.6377295492488,789.4736842105264,10.653333333333334
20,ARCHER,ordinary,ARMOR,36.3935,45.491875,26.134570802005012,35.52706015037594,62.86,862.837025439636,789.4736842105264,10.653333333333334
20,ARCHER,ordinary,MAGIC_RESISTANCE,36.3935,30.327916666666667,26.134570802005012,35.52706015037594,62.86,832.6377295492488,806.4516129032259,10.653333333333334
20,ARCHER,ordinary,DODGE,36.3935,1.2131166666666666,26.134570802005012,35.52706015037594,62.86,844.0046343737445,789.4736842105264,10.653333333333334
20,ARCHER,ordinary,ARMOR_PENETRATION,36.3935,1.819675,26.19621710526316,35.52706015037594,62.86,832.6377295492488,789.4736842105264,10.653333333333334
20,ARCHER,ordinary,MAGIC_PENETRATION,36.3935,1.819675,26.134570802005012,35.86706015037594,62.86,832.6377295492488,789.4736842105264,10.653333333333334
20,ARCHER,ordinary,MAX_RESOURCE,36.3935,72.787,26.134570802005012,35.52706015037594,62.86,832.6377295492488,789.4736842105264,10.653333333333334
20,ARCHER,ordinary,BLOCK_CHANCE,36.3935,1.45574,26.134570802005012,35.52706015037594,62.86,832.6377295492488,789.4736842105264,10.653333333333334
20,ARCHER,ordinary,BLOCK_VALUE,36.3935,24.262333333333334,26.134570802005012,35.52706015037594,62.86,832.6377295492488,789.4736842105264,10.653333333333334
20,ARCHER,ordinary,WEAPON_DAMAGE,36.3935,7.2787,28.213635651629072,35.52706015037594,62.86,832.6377295492488,789.4736842105264,10.653333333333334
20,ARCHER,near-caps,BASELINE,36.3935,0,80.64557,74.45384,84.456,1835.086860778077,1229.5081967213114,10.653333333333334
20,ARCHER,near-caps,STRENGTH,36.3935,4.5491875,85.84851,74.45384,84.456,1835.086860778077,1229.5081967213114,11.290833333333333
20,ARCHER,near-caps,AGILITY,36.3935,3.63935,83.19327594764522,74.69408842813188,84.72594205408076,1846.2727356440414,1229.5081967213114,10.965
20,ARCHER,near-caps,INTELLECT,36.3935,4.043722222222223,80.64557,77.62224,88.08,1835.086860778077,1229.5081967213114,10.653333333333334
20,ARCHER,near-caps,STAMINA,36.3935,3.0327916666666668,80.64557,74.45384,84.456,1946.3955835576216,1304.0850409836066,10.653333333333334
20,ARCHER,near-caps,MAX_HP,36.3935,51.99071428571428,80.64557,74.45384,84.456,2025.9018141144395,1357.3542154566744,10.653333333333334
20,ARCHER,near-caps,ATTACK_POWER,36.3935,9.098375,85.84851,74.45384,84.456,1835.086860778077,1229.5081967213114,11.290833333333333
20,ARCHER,near-caps,SPELL_POWER,36.3935,9.098375,80.64557,77.97824,88.48,1835.086860778077,1229.5081967213114,10.653333333333334
20,ARCHER,near-caps,CRITICAL_CHANCE,36.3935,1.0398142857142858,81.17630680864286,74.946171268,85.0091812,1835.086860778077,1229.5081967213114,10.653333333333334
20,ARCHER,near-caps,CRITICAL_DAMAGE,36.3935,2.4262333333333332,81.60054,75.07328,85.152,1835.086860778077,1229.5081967213114,10.653333333333334
20,ARCHER,near-caps,ACCURACY,36.3935,2.4262333333333332,81.5517,75.2904,84.456,1835.086860778077,1229.5081967213114,10.653333333333334
20,ARCHER,near-caps,ATTACK_SPEED,36.3935,1.45574,81.43880636535,74.45384,84.456,1835.086860778077,1229.5081967213114,10.653333333333334
20,ARCHER,near-caps,ARMOR,36.3935,45.491875,80.64557,74.45384,84.456,1865.6716417910447,1229.5081967213114,10.653333333333334
20,ARCHER,near-caps,MAGIC_RESISTANCE,36.3935,30.327916666666667,80.64557,74.45384,84.456,1835.086860778077,1239.6694214876034,10.653333333333334
20,ARCHER,near-caps,DODGE,36.3935,1.2131166666666666,80.64557,74.45384,84.456,1868.9260448645332,1229.5081967213114,10.653333333333334
20,ARCHER,near-caps,ARMOR_PENETRATION,36.3935,1.819675,81.51272666666667,74.45384,84.456,1835.086860778077,1229.5081967213114,10.653333333333334
20,ARCHER,near-caps,MAGIC_PENETRATION,36.3935,1.819675,80.64557,75.01632,84.456,1835.086860778077,1229.5081967213114,10.653333333333334
20,ARCHER,near-caps,MAX_RESOURCE,36.3935,72.787,80.64557,74.45384,84.456,1835.086860778077,1229.5081967213114,10.653333333333334
20,ARCHER,near-caps,BLOCK_CHANCE,36.3935,1.45574,80.64557,74.45384,84.456,1835.086860778077,1229.5081967213114,10.653333333333334
20,ARCHER,near-caps,BLOCK_VALUE,36.3935,24.262333333333334,80.64557,74.45384,84.456,1835.086860778077,1229.5081967213114,10.653333333333334
20,ARCHER,near-caps,WEAPON_DAMAGE,36.3935,7.2787,87.03399,74.45384,84.456,1835.086860778077,1229.5081967213114,10.653333333333334
20,ARCHER,at-caps,BASELINE,36.3935,0,84.6,76.968,85.52,1923.076923076923,1250,10.653333333333334
20,ARCHER,at-caps,STRENGTH,36.3935,4.5491875,90.0,76.968,85.52,1923.076923076923,1250,11.290833333333333
20,ARCHER,at-caps,AGILITY,36.3935,3.63935,86.7375,76.968,85.52,1923.076923076923,1250,10.965
20,ARCHER,at-caps,INTELLECT,36.3935,4.043722222222223,84.6,80.28,89.2,1923.076923076923,1250,10.653333333333334
20,ARCHER,at-caps,STAMINA,36.3935,3.0327916666666668,84.6,76.968,85.52,2039.7227564102564,1325.8197916666666,10.653333333333334
20,ARCHER,at-caps,MAX_HP,36.3935,51.99071428571428,84.6,76.968,85.52,2123.0412087912086,1379.9767857142858,10.653333333333334
20,ARCHER,at-caps,ATTACK_POWER,36.3935,9.098375,90.0,76.968,85.52,1923.076923076923,1250,11.290833333333333
20,ARCHER,at-caps,SPELL_POWER,36.3935,9.098375,84.6,80.64,89.6,1923.076923076923,1250,10.653333333333334
20,ARCHER,at-caps,CRITICAL_CHANCE,36.3935,1.0398142857142858,84.6,76.968,85.52,1923.076923076923,1250,10.653333333333334
20,ARCHER,at-caps,CRITICAL_DAMAGE,36.3935,2.4262333333333332,85.275,77.616,86.24,1923.076923076923,1250,10.653333333333334
20,ARCHER,at-caps,ACCURACY,36.3935,2.4262333333333332,84.6,76.968,85.52,1923.076923076923,1250,10.653333333333334
20,ARCHER,at-caps,ATTACK_SPEED,36.3935,1.45574,84.6,76.968,85.52,1923.076923076923,1250,10.653333333333334
20,ARCHER,at-caps,ARMOR,36.3935,45.491875,84.6,76.968,85.52,1923.076923076923,1250,10.653333333333334
20,ARCHER,at-caps,MAGIC_RESISTANCE,36.3935,30.327916666666667,84.6,76.968,85.52,1923.076923076923,1250,10.653333333333334
20,ARCHER,at-caps,DODGE,36.3935,1.2131166666666666,84.6,76.968,85.52,1923.076923076923,1250,10.653333333333334
20,ARCHER,at-caps,ARMOR_PENETRATION,36.3935,1.819675,84.6,76.968,85.52,1923.076923076923,1250,10.653333333333334
20,ARCHER,at-caps,MAGIC_PENETRATION,36.3935,1.819675,84.6,76.968,85.52,1923.076923076923,1250,10.653333333333334
20,ARCHER,at-caps,MAX_RESOURCE,36.3935,72.787,84.6,76.968,85.52,1923.076923076923,1250,10.653333333333334
20,ARCHER,at-caps,BLOCK_CHANCE,36.3935,1.45574,84.6,76.968,85.52,1923.076923076923,1250,10.653333333333334
20,ARCHER,at-caps,BLOCK_VALUE,36.3935,24.262333333333334,84.6,76.968,85.52,1923.076923076923,1250,10.653333333333334
20,ARCHER,at-caps,WEAPON_DAMAGE,36.3935,7.2787,91.2375,76.968,85.52,1923.076923076923,1250,10.653333333333334
20,MAGE,ordinary,BASELINE,36.3935,0,16.806473214285713,48.777857142857144,86.07857142857142,767.9104477611941,798.9130434782609,0
20,MAGE,ordinary,STRENGTH,36.3935,4.5491875,18.333184523809525,48.777857142857144,86.07857142857142,767.9104477611941,798.9130434782609,0
20,MAGE,ordinary,AGILITY,36.3935,3.63935,17.347752258900243,49.0933218202389,86.63527380042159,772.5188542660269,798.9130434782609,0
20,MAGE,ordinary,INTELLECT,36.3935,4.043722222222223,16.806473214285713,50.27871428571429,88.72714285714285,767.9104477611941,803.2786885245902,0
20,MAGE,ordinary,STAMINA,36.3935,3.0327916666666668,16.806473214285713,48.777857142857144,86.07857142857142,815.4392723880597,852.9965846994536,0
20,MAGE,ordinary,MAX_HP,36.3935,51.99071428571428,16.806473214285713,48.777857142857144,86.07857142857142,849.3884328358209,883.6805124223603,0
20,MAGE,ordinary,ATTACK_POWER,36.3935,9.098375,18.333184523809525,48.777857142857144,86.07857142857142,767.9104477611941,798.9130434782609,0
20,MAGE,ordinary,SPELL_POWER,36.3935,9.098375,16.806473214285713,50.31392857142857,89.12714285714286,767.9104477611941,798.9130434782609,0
20,MAGE,ordinary,CRITICAL_CHANCE,36.3935,1.0398142857142858,16.964828264880953,49.23745505714286,86.88962657142856,767.9104477611941,798.9130434782609,0
20,MAGE,ordinary,CRITICAL_DAMAGE,36.3935,2.4262333333333332,16.843154761904763,48.8835,86.28571428571429,767.9104477611941,798.9130434782609,0
20,MAGE,ordinary,ACCURACY,36.3935,2.4262333333333332,17.201919642857142,49.92557142857143,86.07857142857142,767.9104477611941,798.9130434782609,0
20,MAGE,ordinary,ATTACK_SPEED,36.3935,1.45574,17.051131767455356,48.777857142857144,86.07857142857142,767.9104477611941,798.9130434782609,0
20,MAGE,ordinary,ARMOR,36.3935,45.491875,16.806473214285713,48.777857142857144,86.07857142857142,795.7621220323255,798.9130434782609,0
20,MAGE,ordinary,MAGIC_RESISTANCE,36.3935,30.327916666666667,16.806473214285713,48.777857142857144,86.07857142857142,767.9104477611941,816.6666666666666,0
20,MAGE,ordinary,DODGE,36.3935,1.2131166666666666,16.806473214285713,48.777857142857144,86.07857142857142,777.768156105703,798.9130434782609,0
20,MAGE,ordinary,ARMOR_PENETRATION,36.3935,1.819675,16.806473214285713,48.777857142857144,86.07857142857142,767.9104477611941,798.9130434782609,0
20,MAGE,ordinary,MAGIC_PENETRATION,36.3935,1.819675,16.806473214285713,49.15307142857143,86.07857142857142,767.9104477611941,798.9130434782609,0
20,MAGE,ordinary,MAX_RESOURCE,36.3935,72.787,16.806473214285713,48.777857142857144,86.07857142857142,767.9104477611941,798.9130434782609,0
20,MAGE,ordinary,BLOCK_CHANCE,36.3935,1.45574,16.806473214285713,48.777857142857144,86.07857142857142,767.9104477611941,798.9130434782609,0
20,MAGE,ordinary,BLOCK_VALUE,36.3935,24.262333333333334,16.806473214285713,48.777857142857144,86.07857142857142,767.9104477611941,798.9130434782609,0
20,MAGE,ordinary,WEAPON_DAMAGE,36.3935,7.2787,18.72403273809524,48.777857142857144,86.07857142857142,767.9104477611941,798.9130434782609,0
20,MAGE,near-caps,BASELINE,36.3935,0,55.179703333333336,108.76512,123.24,1798.3851235625152,1204.9180327868853,0
20,MAGE,near-caps,STRENGTH,36.3935,4.5491875,60.15213333333333,108.76512,123.24,1798.3851235625152,1204.9180327868853,0
20,MAGE,near-caps,AGILITY,36.3935,3.63935,57.49087115404524,109.25804426422384,123.79670237185016,1813.842767200692,1204.9180327868853,0
20,MAGE,near-caps,INTELLECT,36.3935,4.043722222222223,55.179703333333336,111.93352,127.032,1798.3851235625152,1204.9180327868853,0
20,MAGE,near-caps,STAMINA,36.3935,3.0327916666666668,55.179703333333336,108.76512,123.24,1909.6938463420602,1279.4948770491803,0
20,MAGE,near-caps,MAX_HP,36.3935,51.99071428571428,55.179703333333336,108.76512,123.24,1989.200076898878,1332.7640515222483,0
20,MAGE,near-caps,ATTACK_POWER,36.3935,9.098375,60.15213333333333,108.76512,123.24,1798.3851235625152,1204.9180327868853,0
20,MAGE,near-caps,SPELL_POWER,36.3935,9.098375,55.179703333333336,112.28952,127.432,1798.3851235625152,1204.9180327868853,0
20,MAGE,near-caps,CRITICAL_CHANCE,36.3935,1.0398142857142858,55.53923471983333,109.48325733828571,124.05105514285714,1798.3851235625152,1204.9180327868853,0
20,MAGE,near-caps,CRITICAL_DAMAGE,36.3935,2.4262333333333332,55.81635,109.59104,124.4,1798.3851235625152,1204.9180327868853,0
20,MAGE,near-caps,ACCURACY,36.3935,2.4262333333333332,55.7997,109.9872,123.24,1798.3851235625152,1204.9180327868853,0
20,MAGE,near-caps,ATTACK_SPEED,36.3935,1.45574,55.72245536935,108.76512,123.24,1798.3851235625152,1204.9180327868853,0
20,MAGE,near-caps,ARMOR,36.3935,45.491875,55.179703333333336,108.76512,123.24,1828.358208955224,1204.9180327868853,0
20,MAGE,near-caps,MAGIC_RESISTANCE,36.3935,30.327916666666667,55.179703333333336,108.76512,123.24,1798.3851235625152,1214.8760330578511,0
20,MAGE,near-caps,DODGE,36.3935,1.2131166666666666,55.179703333333336,108.76512,123.24,1831.5475239672426,1204.9180327868853,0
20,MAGE,near-caps,ARMOR_PENETRATION,36.3935,1.819675,55.49802666666667,108.76512,123.24,1798.3851235625152,1204.9180327868853,0
20,MAGE,near-caps,MAGIC_PENETRATION,36.3935,1.819675,55.179703333333336,109.6836,123.24,1798.3851235625152,1204.9180327868853,0
20,MAGE,near-caps,MAX_RESOURCE,36.3935,72.787,55.179703333333336,108.76512,123.24,1798.3851235625152,1204.9180327868853,0
20,MAGE,near-caps,BLOCK_CHANCE,36.3935,1.45574,55.179703333333336,108.76512,123.24,1798.3851235625152,1204.9180327868853,0
20,MAGE,near-caps,BLOCK_VALUE,36.3935,24.262333333333334,55.179703333333336,108.76512,123.24,1798.3851235625152,1204.9180327868853,0
20,MAGE,near-caps,WEAPON_DAMAGE,36.3935,7.2787,61.56812333333333,108.76512,123.24,1798.3851235625152,1204.9180327868853,0
20,MAGE,at-caps,BASELINE,36.3935,0,57.6,112.32,124.8,1884.6153846153845,1225,0
20,MAGE,at-caps,STRENGTH,36.3935,4.5491875,63.0,112.32,124.8,1884.6153846153845,1225,0
20,MAGE,at-caps,AGILITY,36.3935,3.63935,59.9625,112.32,124.8,1884.6153846153845,1225,0
20,MAGE,at-caps,INTELLECT,36.3935,4.043722222222223,57.6,115.776,128.64,1884.6153846153845,1225,0
20,MAGE,at-caps,STAMINA,36.3935,3.0327916666666668,57.6,112.32,124.8,2001.261217948718,1300.8197916666666,0
20,MAGE,at-caps,MAX_HP,36.3935,51.99071428571428,57.6,112.32,124.8,2084.5796703296705,1354.9767857142858,0
20,MAGE,at-caps,ATTACK_POWER,36.3935,9.098375,63.0,112.32,124.8,1884.6153846153845,1225,0
20,MAGE,at-caps,SPELL_POWER,36.3935,9.098375,57.6,116.136,129.04,1884.6153846153845,1225,0
20,MAGE,at-caps,CRITICAL_CHANCE,36.3935,1.0398142857142858,57.6,112.32,124.8,1884.6153846153845,1225,0
20,MAGE,at-caps,CRITICAL_DAMAGE,36.3935,2.4262333333333332,58.275,113.4,126.0,1884.6153846153845,1225,0
20,MAGE,at-caps,ACCURACY,36.3935,2.4262333333333332,57.6,112.32,124.8,1884.6153846153845,1225,0
20,MAGE,at-caps,ATTACK_SPEED,36.3935,1.45574,57.6,112.32,124.8,1884.6153846153845,1225,0
20,MAGE,at-caps,ARMOR,36.3935,45.491875,57.6,112.32,124.8,1884.6153846153845,1225,0
20,MAGE,at-caps,MAGIC_RESISTANCE,36.3935,30.327916666666667,57.6,112.32,124.8,1884.6153846153845,1225,0
20,MAGE,at-caps,DODGE,36.3935,1.2131166666666666,57.6,112.32,124.8,1884.6153846153845,1225,0
20,MAGE,at-caps,ARMOR_PENETRATION,36.3935,1.819675,57.6,112.32,124.8,1884.6153846153845,1225,0
20,MAGE,at-caps,MAGIC_PENETRATION,36.3935,1.819675,57.6,112.32,124.8,1884.6153846153845,1225,0
20,MAGE,at-caps,MAX_RESOURCE,36.3935,72.787,57.6,112.32,124.8,1884.6153846153845,1225,0
20,MAGE,at-caps,BLOCK_CHANCE,36.3935,1.45574,57.6,112.32,124.8,1884.6153846153845,1225,0
20,MAGE,at-caps,BLOCK_VALUE,36.3935,24.262333333333334,57.6,112.32,124.8,1884.6153846153845,1225,0
20,MAGE,at-caps,WEAPON_DAMAGE,36.3935,7.2787,64.2375,112.32,124.8,1884.6153846153845,1225,0
20,PALADIN,ordinary,BASELINE,36.3935,0,25.442425506212608,41.09877128393926,72.3631661297745,910.0565844658107,916.1290322580645,0
20,PALADIN,ordinary,STRENGTH,36.3935,4.5491875,26.986318357876975,41.09877128393926,72.3631661297745,911.9427121020093,916.1290322580645,0
20,PALADIN,ordinary,AGILITY,36.3935,3.63935,26.07457265044306,41.382277527746865,72.86650341824577,915.7929070213482,916.1290322580645,0
20,PALADIN,ordinary,INTELLECT,36.3935,4.043722222222223,25.442425506212608,42.271442705936494,74.57870225494707,910.0565844658107,921.081081081081,0
20,PALADIN,ordinary,STAMINA,36.3935,3.0327916666666668,25.442425506212608,41.09877128393926,72.3631661297745,958.6483454792445,970.2614864864864,0
20,PALADIN,ordinary,MAX_HP,36.3935,51.99071428571428,25.442425506212608,41.09877128393926,72.3631661297745,993.3567462031259,999.9850230414746,0
20,PALADIN,ordinary,ATTACK_POWER,36.3935,9.098375,26.986318357876975,41.09877128393926,72.3631661297745,910.0565844658107,916.1290322580645,0
20,PALADIN,ordinary,SPELL_POWER,36.3935,9.098375,25.442425506212608,42.61144270593649,74.97870225494708,910.0565844658107,916.1290322580645,0
20,PALADIN,ordinary,CRITICAL_CHANCE,36.3935,1.0398142857142858,25.681799419903086,41.4876618267964,73.05360281548879,910.0565844658107,916.1290322580645,0
20,PALADIN,ordinary,CRITICAL_DAMAGE,36.3935,2.4262333333333332,25.50603859871146,41.190374137137596,72.50685687988955,910.0565844658107,916.1290322580645,0
20,PALADIN,ordinary,ACCURACY,36.3935,2.4262333333333332,26.04107081224114,42.065801196502534,72.3631661297745,910.0565844658107,916.1290322580645,0
20,PALADIN,ordinary,ATTACK_SPEED,36.3935,1.45574,25.81280107127675,41.09877128393926,72.3631661297745,910.0565844658107,916.1290322580645,0
20,PALADIN,ordinary,ARMOR,36.3935,45.491875,25.442425506212608,41.09877128393926,72.3631661297745,944.2325291614153,916.1290322580645,0
20,PALADIN,ordinary,MAGIC_RESISTANCE,36.3935,30.327916666666667,25.442425506212608,41.09877128393926,72.3631661297745,910.0565844658107,936.2637362637363,0
20,PALADIN,ordinary,DODGE,36.3935,1.2131166666666666,25.442425506212608,41.09877128393926,72.3631661297745,921.6044685754359,916.1290322580645,0
20,PALADIN,ordinary,ARMOR_PENETRATION,36.3935,1.819675,25.474232052462035,41.09877128393926,72.3631661297745,910.0565844658107,916.1290322580645,0
20,PALADIN,ordinary,MAGIC_PENETRATION,36.3935,1.819675,25.442425506212608,41.1293055683387,72.3631661297745,910.0565844658107,916.1290322580645,0
20,PALADIN,ordinary,MAX_RESOURCE,36.3935,72.787,25.442425506212608,41.09877128393926,72.3631661297745,910.0565844658107,916.1290322580645,0
20,PALADIN,ordinary,BLOCK_CHANCE,36.3935,1.45574,25.442425506212608,41.09877128393926,72.3631661297745,912.3227403758659,916.1290322580645,0
20,PALADIN,ordinary,BLOCK_VALUE,36.3935,24.262333333333334,25.442425506212608,41.09877128393926,72.3631661297745,933.2181518329152,916.1290322580645,0
20,PALADIN,ordinary,WEAPON_DAMAGE,36.3935,7.2787,27.372291570793067,41.09877128393926,72.3631661297745,910.0565844658107,916.1290322580645,0
20,PALADIN,near-caps,BASELINE,36.3935,0,84.66303,92.24672,104.912,2472.568133472246,1396.72131147541,0
20,PALADIN,near-caps,STRENGTH,36.3935,4.5491875,89.63546,92.24672,104.912,2500.7704838638665,1396.72131147541,0
20,PALADIN,near-caps,AGILITY,36.3935,3.63935,87.13170323567668,92.68929295557389,105.41533728847128,2495.1522581247814,1396.72131147541,0
20,PALADIN,near-caps,INTELLECT,36.3935,4.043722222222223,84.66303,95.6216,108.304,2472.568133472246,1396.72131147541,0
20,PALADIN,near-caps,STAMINA,36.3935,3.0327916666666668,84.66303,92.24672,104.912,2604.5889790789392,1471.298155737705,0
20,PALADIN,near-caps,MAX_HP,36.3935,51.99071428571428,84.66303,92.24672,104.912,2698.8895830837205,1524.5673302107728,0
20,PALADIN,near-caps,ATTACK_POWER,36.3935,9.098375,89.63546,92.24672,104.912,2472.568133472246,1396.72131147541,0
20,PALADIN,near-caps,SPELL_POWER,36.3935,9.098375,84.66303,95.82808,108.704,2472.568133472246,1396.72131147541,0
20,PALADIN,near-caps,CRITICAL_CHANCE,36.3935,1.0398142857142858,85.2165941982619,92.85380517257143,105.60243668571428,2472.568133472246,1396.72131147541,0
20,PALADIN,near-caps,CRITICAL_DAMAGE,36.3935,2.4262333333333332,85.618,93.07264,105.84,2472.568133472246,1396.72131147541,0
20,PALADIN,near-caps,ACCURACY,36.3935,2.4262333333333332,85.6143,93.2832,104.912,2472.568133472246,1396.72131147541,0
20,PALADIN,near-caps,ATTACK_SPEED,36.3935,1.45574,85.49578242765,92.24672,104.912,2472.568133472246,1396.72131147541,0
20,PALADIN,near-caps,ARMOR,36.3935,45.491875,84.66303,92.24672,104.912,2521.5978406598774,1396.72131147541,0
20,PALADIN,near-caps,MAGIC_RESISTANCE,36.3935,30.327916666666667,84.66303,92.24672,104.912,2472.568133472246,1408.2644628099174,0
20,PALADIN,near-caps,DODGE,36.3935,1.2131166666666666,84.66303,92.24672,104.912,2518.162535581036,1396.72131147541,0
20,PALADIN,near-caps,ARMOR_PENETRATION,36.3935,1.819675,85.29967666666667,92.24672,104.912,2472.568133472246,1396.72131147541,0
20,PALADIN,near-caps,MAGIC_PENETRATION,36.3935,1.819675,84.66303,93.1652,104.912,2472.568133472246,1396.72131147541,0
20,PALADIN,near-caps,MAX_RESOURCE,36.3935,72.787,84.66303,92.24672,104.912,2472.568133472246,1396.72131147541,0
20,PALADIN,near-caps,BLOCK_CHANCE,36.3935,1.45574,84.66303,92.24672,104.912,2484.1701256966085,1396.72131147541,0
20,PALADIN,near-caps,BLOCK_VALUE,36.3935,24.262333333333334,84.66303,92.24672,104.912,2859.549788722231,1396.72131147541,0
20,PALADIN,near-caps,WEAPON_DAMAGE,36.3935,7.2787,91.05145,92.24672,104.912,2472.568133472246,1396.72131147541,0
20,PALADIN,at-caps,BASELINE,36.3935,0,88.7625,95.616,106.24,2616.305849838784,1420.0,0
20,PALADIN,at-caps,STRENGTH,36.3935,4.5491875,93.9375,95.616,106.24,2648.018648018648,1420.0,0
20,PALADIN,at-caps,AGILITY,36.3935,3.63935,90.9,95.616,106.24,2616.305849838784,1420.0,0
20,PALADIN,at-caps,INTELLECT,36.3935,4.043722222222223,88.7625,98.712,109.68,2616.305849838784,1420.0,0
20,PALADIN,at-caps,STAMINA,36.3935,3.0327916666666668,88.7625,95.616,106.24,2756.001458621219,1495.8197916666666,0
20,PALADIN,at-caps,MAX_HP,36.3935,51.99071428571428,88.7625,95.616,106.24,2855.7840363229584,1549.9767857142858,0
20,PALADIN,at-caps,ATTACK_POWER,36.3935,9.098375,93.9375,95.616,106.24,2616.305849838784,1420.0,0
20,PALADIN,at-caps,SPELL_POWER,36.3935,9.098375,88.7625,99.072,110.08,2616.305849838784,1420.0,0
20,PALADIN,at-caps,CRITICAL_CHANCE,36.3935,1.0398142857142858,88.7625,95.616,106.24,2616.305849838784,1420.0,0
20,PALADIN,at-caps,CRITICAL_DAMAGE,36.3935,2.4262333333333332,89.775,96.48,107.2,2616.305849838784,1420.0,0
20,PALADIN,at-caps,ACCURACY,36.3935,2.4262333333333332,88.7625,95.616,106.24,2616.305849838784,1420.0,0
20,PALADIN,at-caps,ATTACK_SPEED,36.3935,1.45574,88.7625,95.616,106.24,2616.305849838784,1420.0,0
20,PALADIN,at-caps,ARMOR,36.3935,45.491875,88.7625,95.616,106.24,2616.305849838784,1420.0,0
20,PALADIN,at-caps,MAGIC_RESISTANCE,36.3935,30.327916666666667,88.7625,95.616,106.24,2616.305849838784,1420.0,0
20,PALADIN,at-caps,DODGE,36.3935,1.2131166666666666,88.7625,95.616,106.24,2616.305849838784,1420.0,0
20,PALADIN,at-caps,ARMOR_PENETRATION,36.3935,1.819675,88.7625,95.616,106.24,2616.305849838784,1420.0,0
20,PALADIN,at-caps,MAGIC_PENETRATION,36.3935,1.819675,88.7625,95.616,106.24,2616.305849838784,1420.0,0
20,PALADIN,at-caps,MAX_RESOURCE,36.3935,72.787,88.7625,95.616,106.24,2616.305849838784,1420.0,0
20,PALADIN,at-caps,BLOCK_CHANCE,36.3935,1.45574,88.7625,95.616,106.24,2616.305849838784,1420.0,0
20,PALADIN,at-caps,BLOCK_VALUE,36.3935,24.262333333333334,88.7625,95.616,106.24,3055.4061323292094,1420.0,0
20,PALADIN,at-caps,WEAPON_DAMAGE,36.3935,7.2787,95.4,95.616,106.24,2616.305849838784,1420.0,0
30,WARRIOR,ordinary,BASELINE,60.9235,0,45.44448138297872,32.1148085106383,56.6731914893617,1212.8817873303167,1145.0980392156862,0
30,WARRIOR,ordinary,STRENGTH,60.9235,7.6154375,48.18814273049645,32.1148085106383,56.6731914893617,1214.7798808942139,1145.0980392156862,0
30,WARRIOR,ordinary,AGILITY,60.9235,6.09235,47.040727722566686,32.42191695339981,57.21514756482319,1224.078964841087,1145.0980392156862,0
30,WARRIOR,ordinary,INTELLECT,60.9235,6.769277777777778,45.44448138297872,34.45104255319149,60.77106382978723,1212.8817873303167,1149.6062992125985,0
30,WARRIOR,ordinary,STAMINA,60.9235,5.076958333333334,45.44448138297872,32.1148085106383,56.6731914893617,1297.2345311321644,1229.5583989501313,0
30,WARRIOR,ordinary,MAX_HP,60.9235,87.03357142857143,45.44448138297872,32.1148085106383,56.6731914893617,1357.486490990627,1281.6212885154061,0
30,WARRIOR,ordinary,ATTACK_POWER,60.9235,15.230875,48.18814273049645,32.1148085106383,56.6731914893617,1212.8817873303167,1145.0980392156862,0
30,WARRIOR,ordinary,SPELL_POWER,60.9235,15.230875,45.44448138297872,34.79104255319149,61.571063829787235,1212.8817873303167,1145.0980392156862,0
30,WARRIOR,ordinary,CRITICAL_CHANCE,60.9235,1.7406714285714286,46.15344235024063,32.6119442706383,57.5504898893617,1212.8817873303167,1145.0980392156862,0
30,WARRIOR,ordinary,CRITICAL_DAMAGE,60.9235,4.061566666666667,45.62081117021277,32.24176595744681,56.92212765957447,1212.8817873303167,1145.0980392156862,0
30,WARRIOR,ordinary,ACCURACY,60.9235,4.061566666666667,47.58304521276596,33.626093617021276,56.6731914893617,1212.8817873303167,1145.0980392156862,0
30,WARRIOR,ordinary,ATTACK_SPEED,60.9235,2.43694,46.55193612759309,32.1148085106383,56.6731914893617,1212.8817873303167,1145.0980392156862,0
30,WARRIOR,ordinary,ARMOR,60.9235,76.154375,45.44448138297872,32.1148085106383,56.6731914893617,1267.3377043124942,1145.0980392156862,0
30,WARRIOR,ordinary,MAGIC_RESISTANCE,60.9235,50.76958333333334,45.44448138297872,32.1148085106383,56.6731914893617,1212.8817873303167,1177.4193548387098,0
30,WARRIOR,ordinary,DODGE,60.9235,2.0307833333333334,45.44448138297872,32.1148085106383,56.6731914893617,1239.6511900144628,1145.0980392156862,0
30,WARRIOR,ordinary,ARMOR_PENETRATION,60.9235,3.046175,45.8427304964539,32.1148085106383,56.6731914893617,1212.8817873303167,1145.0980392156862,0
30,WARRIOR,ordinary,MAGIC_PENETRATION,60.9235,3.046175,45.44448138297872,32.49712765957447,56.6731914893617,1212.8817873303167,1145.0980392156862,0
30,WARRIOR,ordinary,MAX_RESOURCE,60.9235,121.847,45.44448138297872,32.1148085106383,56.6731914893617,1212.8817873303167,1145.0980392156862,0
30,WARRIOR,ordinary,BLOCK_CHANCE,60.9235,2.43694,45.44448138297872,32.1148085106383,56.6731914893617,1219.265389396409,1145.0980392156862,0
30,WARRIOR,ordinary,BLOCK_VALUE,60.9235,40.61566666666667,45.44448138297872,32.1148085106383,56.6731914893617,1252.007006276456,1145.0980392156862,0
30,WARRIOR,ordinary,WEAPON_DAMAGE,60.9235,12.1847,48.63047429078014,32.1148085106383,56.6731914893617,1212.8817873303167,1145.0980392156862,0
30,WARRIOR,near-caps,BASELINE,60.9235,0,147.41663333333332,70.10352,79.632,3324.3394013912134,1791.4110429447853,0
30,WARRIOR,near-caps,STRENGTH,60.9235,7.6154375,155.76987666666668,70.10352,79.632,3354.01643468053,1791.4110429447853,0
30,WARRIOR,near-caps,AGILITY,60.9235,6.09235,151.5879234876772,70.57820470228516,80.17395607546149,3367.5774746432908,1791.4110429447853,0
30,WARRIOR,near-caps,INTELLECT,60.9235,6.769277777777778,147.41663333333332,75.37232,85.552,3324.3394013912134,1791.4110429447853,0
30,WARRIOR,near-caps,STAMINA,60.9235,5.076958333333334,147.41663333333332,70.10352,79.632,3555.5384784695893,1915.9989775051124,0
30,WARRIOR,near-caps,MAX_HP,60.9235,87.03357142857143,147.41663333333332,70.10352,79.632,3720.6806763827153,2004.9903593339177,0
30,WARRIOR,near-caps,ATTACK_POWER,60.9235,15.230875,155.76987666666668,70.10352,79.632,3324.3394013912134,1791.4110429447853,0
30,WARRIOR,near-caps,SPELL_POWER,60.9235,15.230875,147.41663333333332,75.9348,86.352,3324.3394013912134,1791.4110429447853,0
30,WARRIOR,near-caps,CRITICAL_CHANCE,60.9235,1.7406714285714286,149.04070878738096,70.87192199542856,80.5092984,3324.3394013912134,1791.4110429447853,0
30,WARRIOR,near-caps,CRITICAL_DAMAGE,60.9235,4.061566666666667,149.32657333333333,71.13592,80.792,3324.3394013912134,1791.4110429447853,0
30,WARRIOR,near-caps,ACCURACY,60.9235,4.061566666666667,149.073,70.8912,79.632,3324.3394013912134,1791.4110429447853,0
30,WARRIOR,near-caps,ATTACK_SPEED,60.9235,2.43694,149.40875,70.10352,79.632,3324.3394013912134,1791.4110429447853,0
30,WARRIOR,near-caps,ARMOR,60.9235,76.154375,147.41663333333332,70.10352,79.632,3402.1927831568155,1791.4110429447853,0
30,WARRIOR,near-caps,MAGIC_RESISTANCE,60.9235,50.76958333333334,147.41663333333332,70.10352,79.632,3324.3394013912134,1813.6645962732919,0
30,WARRIOR,near-caps,DODGE,60.9235,2.0307833333333334,147.41663333333332,70.10352,79.632,3426.626767587866,1791.4110429447853,0
30,WARRIOR,near-caps,ARMOR_PENETRATION,60.9235,3.046175,148.60211333333334,70.10352,79.632,3324.3394013912134,1791.4110429447853,0
30,WARRIOR,near-caps,MAGIC_PENETRATION,60.9235,3.046175,147.41663333333332,70.87248,79.632,3324.3394013912134,1791.4110429447853,0
30,WARRIOR,near-caps,MAX_RESOURCE,60.9235,121.847,147.41663333333332,70.10352,79.632,3324.3394013912134,1791.4110429447853,0
30,WARRIOR,near-caps,BLOCK_CHANCE,60.9235,2.43694,147.41663333333332,70.10352,79.632,3352.4684270952926,1791.4110429447853,0
30,WARRIOR,near-caps,BLOCK_VALUE,60.9235,40.61566666666667,147.41663333333332,70.10352,79.632,4039.1185868617986,1791.4110429447853,0
30,WARRIOR,near-caps,WEAPON_DAMAGE,60.9235,12.1847,157.82251333333335,70.10352,79.632,3324.3394013912134,1791.4110429447853,0
30,WARRIOR,at-caps,BASELINE,60.9235,0,154.2375,72.576,80.64,3537.25015142338,1825,0
30,WARRIOR,at-caps,STRENGTH,60.9235,7.6154375,163.2375,72.576,80.64,3570.9918062859238,1825,0
30,WARRIOR,at-caps,AGILITY,60.9235,6.09235,157.8375,72.576,80.64,3537.25015142338,1825,0
30,WARRIOR,at-caps,INTELLECT,60.9235,6.769277777777778,154.2375,77.976,86.64,3537.25015142338,1825,0
30,WARRIOR,at-caps,STAMINA,60.9235,5.076958333333334,154.2375,72.576,80.64,3783.25661215425,1951.9239583333333,0
30,WARRIOR,at-caps,MAX_HP,60.9235,87.03357142857143,154.2375,72.576,80.64,3958.9755126763002,2042.5839285714285,0
30,WARRIOR,at-caps,ATTACK_POWER,60.9235,15.230875,163.2375,72.576,80.64,3537.25015142338,1825,0
30,WARRIOR,at-caps,SPELL_POWER,60.9235,15.230875,154.2375,78.696,87.44,3537.25015142338,1825,0
30,WARRIOR,at-caps,CRITICAL_CHANCE,60.9235,1.7406714285714286,154.2375,72.576,80.64,3537.25015142338,1825,0
30,WARRIOR,at-caps,CRITICAL_DAMAGE,60.9235,4.061566666666667,156.6,73.656,81.84,3537.25015142338,1825,0
30,WARRIOR,at-caps,ACCURACY,60.9235,4.061566666666667,154.2375,72.576,80.64,3537.25015142338,1825,0
30,WARRIOR,at-caps,ATTACK_SPEED,60.9235,2.43694,154.2375,72.576,80.64,3537.25015142338,1825,0
30,WARRIOR,at-caps,ARMOR,60.9235,76.154375,154.2375,72.576,80.64,3537.25015142338,1825,0
30,WARRIOR,at-caps,MAGIC_RESISTANCE,60.9235,50.76958333333334,154.2375,72.576,80.64,3537.25015142338,1825,0
30,WARRIOR,at-caps,DODGE,60.9235,2.0307833333333334,154.2375,72.576,80.64,3537.25015142338,1825,0
30,WARRIOR,at-caps,ARMOR_PENETRATION,60.9235,3.046175,154.2375,72.576,80.64,3537.25015142338,1825,0
30,WARRIOR,at-caps,MAGIC_PENETRATION,60.9235,3.046175,154.2375,72.576,80.64,3537.25015142338,1825,0
30,WARRIOR,at-caps,MAX_RESOURCE,60.9235,121.847,154.2375,72.576,80.64,3537.25015142338,1825,0
30,WARRIOR,at-caps,BLOCK_CHANCE,60.9235,2.43694,154.2375,72.576,80.64,3537.25015142338,1825,0
30,WARRIOR,at-caps,BLOCK_VALUE,60.9235,40.61566666666667,154.2375,72.576,80.64,4361.463778939507,1825,0
30,WARRIOR,at-caps,WEAPON_DAMAGE,60.9235,12.1847,165.2625,72.576,80.64,3537.25015142338,1825,0
30,ARCHER,ordinary,BASELINE,60.9235,0,36.136965090090094,40.46137837837838,71.67513513513514,1205.0154697931932,1106.7193675889328,14.9175
30,ARCHER,ordinary,STRENGTH,60.9235,7.6154375,39.06697635135135,40.46137837837838,71.67513513513514,1205.0154697931932,1106.7193675889328,16.15
30,ARCHER,ordinary,AGILITY,60.9235,6.09235,37.55967944332669,40.690711888434116,72.07575338799542,1212.6101667794549,1106.7193675889328,15.526666666666667
30,ARCHER,ordinary,INTELLECT,60.9235,6.769277777777778,36.136965090090094,43.20205405405405,76.12378378378378,1205.0154697931932,1111.111111111111,14.9175
30,ARCHER,ordinary,STAMINA,60.9235,5.076958333333334,36.136965090090094,40.46137837837838,71.67513513513514,1292.4128030955094,1186.9874835309618,14.9175
30,ARCHER,ordinary,MAX_HP,60.9235,87.03357142857143,36.136965090090094,40.46137837837838,71.67513513513514,1354.839469740021,1244.3218520609826,14.9175
30,ARCHER,ordinary,ATTACK_POWER,60.9235,15.230875,39.06697635135135,40.46137837837838,71.67513513513514,1205.0154697931932,1106.7193675889328,16.15
30,ARCHER,ordinary,SPELL_POWER,60.9235,15.230875,36.136965090090094,43.61418918918919,76.69351351351351,1205.0154697931932,1106.7193675889328,14.9175
30,ARCHER,ordinary,CRITICAL_CHANCE,60.9235,1.7406714285714286,36.66097971806628,41.04728838123552,72.69864993513514,1205.0154697931932,1106.7193675889328,14.9175
30,ARCHER,ordinary,CRITICAL_DAMAGE,60.9235,4.061566666666667,36.362387387387386,40.74991891891892,72.18432432432432,1205.0154697931932,1106.7193675889328,14.9175
30,ARCHER,ordinary,ACCURACY,60.9235,4.061566666666667,37.83752815315315,42.36544324324324,71.67513513513514,1205.0154697931932,1106.7193675889328,14.9175
30,ARCHER,ordinary,ATTACK_SPEED,60.9235,2.43694,37.017601247156534,40.46137837837838,71.67513513513514,1205.0154697931932,1106.7193675889328,14.9175
30,ARCHER,ordinary,ARMOR,60.9235,76.154375,36.136965090090094,40.46137837837838,71.67513513513514,1256.7934782608695,1106.7193675889328,14.9175
30,ARCHER,ordinary,MAGIC_RESISTANCE,60.9235,50.76958333333334,36.136965090090094,40.46137837837838,71.67513513513514,1205.0154697931932,1133.6032388663969,14.9175
30,ARCHER,ordinary,DODGE,60.9235,2.0307833333333334,36.136965090090094,40.46137837837838,71.67513513513514,1233.806451913341,1106.7193675889328,14.9175
30,ARCHER,ordinary,ARMOR_PENETRATION,60.9235,3.046175,36.566272522522524,40.46137837837838,71.67513513513514,1205.0154697931932,1106.7193675889328,14.9175
30,ARCHER,ordinary,MAGIC_PENETRATION,60.9235,3.046175,36.136965090090094,40.873513513513515,71.67513513513514,1205.0154697931932,1106.7193675889328,14.9175
30,ARCHER,ordinary,MAX_RESOURCE,60.9235,121.847,36.136965090090094,40.46137837837838,71.67513513513514,1205.0154697931932,1106.7193675889328,14.9175
30,ARCHER,ordinary,BLOCK_CHANCE,60.9235,2.43694,36.136965090090094,40.46137837837838,71.67513513513514,1205.0154697931932,1106.7193675889328,14.9175
30,ARCHER,ordinary,BLOCK_VALUE,60.9235,40.61566666666667,36.136965090090094,40.46137837837838,71.67513513513514,1205.0154697931932,1106.7193675889328,14.9175
30,ARCHER,ordinary,WEAPON_DAMAGE,60.9235,12.1847,39.85045045045045,40.46137837837838,71.67513513513514,1205.0154697931932,1106.7193675889328,14.9175
30,ARCHER,near-caps,BASELINE,60.9235,0,108.71290666666667,82.12208,93.304,2563.867777676037,1717.7914110429447,14.9175
30,ARCHER,near-caps,STRENGTH,60.9235,7.6154375,117.06615,82.12208,93.304,2563.867777676037,1717.7914110429447,16.15
30,ARCHER,near-caps,AGILITY,60.9235,6.09235,112.66764633749139,82.4762047331746,93.70461825286029,2584.896444493332,1717.7914110429447,15.526666666666667
30,ARCHER,near-caps,INTELLECT,60.9235,6.769277777777778,108.71290666666667,87.5404,99.224,2563.867777676037,1717.7914110429447,14.9175
30,ARCHER,near-caps,STAMINA,60.9235,5.076958333333334,108.71290666666667,82.12208,93.304,2749.819918810854,1842.379345603272,14.9175
30,ARCHER,near-caps,MAX_HP,60.9235,87.03357142857143,108.71290666666667,82.12208,93.304,2882.642876764294,1931.370727432077,14.9175
30,ARCHER,near-caps,ATTACK_POWER,60.9235,15.230875,117.06615,82.12208,93.304,2563.867777676037,1717.7914110429447,16.15
30,ARCHER,near-caps,SPELL_POWER,60.9235,15.230875,108.71290666666667,88.10288,100.088,2563.867777676037,1717.7914110429447,14.9175
30,ARCHER,near-caps,CRITICAL_CHANCE,60.9235,1.7406714285714286,109.91663317966666,83.02681138171428,94.3275148,2563.867777676037,1717.7914110429447,14.9175
30,ARCHER,near-caps,CRITICAL_DAMAGE,60.9235,4.061566666666667,110.30452333333334,83.36096,94.696,2563.867777676037,1717.7914110429447,14.9175
30,ARCHER,near-caps,ACCURACY,60.9235,4.061566666666667,109.9344,83.0448,93.304,2563.867777676037,1717.7914110429447,14.9175
30,ARCHER,near-caps,ATTACK_SPEED,60.9235,2.43694,110.182,82.12208,93.304,2563.867777676037,1717.7914110429447,14.9175
30,ARCHER,near-caps,ARMOR,60.9235,76.154375,108.71290666666667,82.12208,93.304,2611.9402985074626,1717.7914110429447,14.9175
30,ARCHER,near-caps,MAGIC_RESISTANCE,60.9235,50.76958333333334,108.71290666666667,82.12208,93.304,2563.867777676037,1739.1304347826087,14.9175
30,ARCHER,near-caps,DODGE,60.9235,2.0307833333333334,108.71290666666667,82.12208,93.304,2642.756016989146,1717.7914110429447,14.9175
30,ARCHER,near-caps,ARMOR_PENETRATION,60.9235,3.046175,109.81057333333334,82.12208,93.304,2563.867777676037,1717.7914110429447,14.9175
30,ARCHER,near-caps,MAGIC_PENETRATION,60.9235,3.046175,108.71290666666667,83.04056,93.304,2563.867777676037,1717.7914110429447,14.9175
30,ARCHER,near-caps,MAX_RESOURCE,60.9235,121.847,108.71290666666667,82.12208,93.304,2563.867777676037,1717.7914110429447,14.9175
30,ARCHER,near-caps,BLOCK_CHANCE,60.9235,2.43694,108.71290666666667,82.12208,93.304,2563.867777676037,1717.7914110429447,14.9175
30,ARCHER,near-caps,BLOCK_VALUE,60.9235,40.61566666666667,108.71290666666667,82.12208,93.304,2563.867777676037,1717.7914110429447,14.9175
30,ARCHER,near-caps,WEAPON_DAMAGE,60.9235,12.1847,119.11878666666667,82.12208,93.304,2563.867777676037,1717.7914110429447,14.9175
30,ARCHER,at-caps,BASELINE,60.9235,0,113.9625,85.032,94.48,2692.3076923076924,1750,14.9175
30,ARCHER,at-caps,STRENGTH,60.9235,7.6154375,122.9625,85.032,94.48,2692.3076923076924,1750,16.15
30,ARCHER,at-caps,AGILITY,60.9235,6.09235,117.5625,85.032,94.48,2692.3076923076924,1750,15.526666666666667
30,ARCHER,at-caps,INTELLECT,60.9235,6.769277777777778,113.9625,90.432,100.48,2692.3076923076924,1750,14.9175
30,ARCHER,at-caps,STAMINA,60.9235,5.076958333333334,113.9625,85.032,94.48,2887.5753205128203,1876.9239583333333,14.9175
30,ARCHER,at-caps,MAX_HP,60.9235,87.03357142857143,113.9625,85.032,94.48,3027.052197802198,1967.5839285714285,14.9175
30,ARCHER,at-caps,ATTACK_POWER,60.9235,15.230875,122.9625,85.032,94.48,2692.3076923076924,1750,16.15
30,ARCHER,at-caps,SPELL_POWER,60.9235,15.230875,113.9625,91.224,101.36,2692.3076923076924,1750,14.9175
30,ARCHER,at-caps,CRITICAL_CHANCE,60.9235,1.7406714285714286,113.9625,85.032,94.48,2692.3076923076924,1750,14.9175
30,ARCHER,at-caps,CRITICAL_DAMAGE,60.9235,4.061566666666667,115.65,86.328,95.92,2692.3076923076924,1750,14.9175
30,ARCHER,at-caps,ACCURACY,60.9235,4.061566666666667,113.9625,85.032,94.48,2692.3076923076924,1750,14.9175
30,ARCHER,at-caps,ATTACK_SPEED,60.9235,2.43694,113.9625,85.032,94.48,2692.3076923076924,1750,14.9175
30,ARCHER,at-caps,ARMOR,60.9235,76.154375,113.9625,85.032,94.48,2692.3076923076924,1750,14.9175
30,ARCHER,at-caps,MAGIC_RESISTANCE,60.9235,50.76958333333334,113.9625,85.032,94.48,2692.3076923076924,1750,14.9175
30,ARCHER,at-caps,DODGE,60.9235,2.0307833333333334,113.9625,85.032,94.48,2692.3076923076924,1750,14.9175
30,ARCHER,at-caps,ARMOR_PENETRATION,60.9235,3.046175,113.9625,85.032,94.48,2692.3076923076924,1750,14.9175
30,ARCHER,at-caps,MAGIC_PENETRATION,60.9235,3.046175,113.9625,85.032,94.48,2692.3076923076924,1750,14.9175
30,ARCHER,at-caps,MAX_RESOURCE,60.9235,121.847,113.9625,85.032,94.48,2692.3076923076924,1750,14.9175
30,ARCHER,at-caps,BLOCK_CHANCE,60.9235,2.43694,113.9625,85.032,94.48,2692.3076923076924,1750,14.9175
30,ARCHER,at-caps,BLOCK_VALUE,60.9235,40.61566666666667,113.9625,85.032,94.48,2692.3076923076924,1750,14.9175
30,ARCHER,at-caps,WEAPON_DAMAGE,60.9235,12.1847,125.1,85.032,94.48,2692.3076923076924,1750,14.9175
30,MAGE,ordinary,BASELINE,60.9235,0,22.26588319088319,60.308735042735044,106.42717948717949,1097.4938314402823,1126.530612244898,0
30,MAGE,ordinary,STRENGTH,60.9235,7.6154375,24.694951923076925,60.308735042735044,106.42717948717949,1097.4938314402823,1126.530612244898,0
30,MAGE,ordinary,AGILITY,60.9235,6.09235,23.331126715190702,60.89127627390044,107.45519342453018,1107.6963085238501,1126.530612244898,0
30,MAGE,ordinary,INTELLECT,60.9235,6.769277777777778,22.26588319088319,62.640641025641024,110.86871794871794,1097.4938314402823,1126.530612244898,0
30,MAGE,ordinary,STAMINA,60.9235,5.076958333333334,22.26588319088319,60.308735042735044,106.42717948717949,1178.2464467056832,1209.4197278911565,0
30,MAGE,ordinary,MAX_HP,60.9235,87.03357142857143,22.26588319088319,60.308735042735044,106.42717948717949,1235.9268861809696,1268.6262390670554,0
30,MAGE,ordinary,ATTACK_POWER,60.9235,15.230875,24.694951923076925,60.308735042735044,106.42717948717949,1097.4938314402823,1126.530612244898,0
30,MAGE,ordinary,SPELL_POWER,60.9235,15.230875,22.26588319088319,62.98064102564103,111.3668376068376,1097.4938314402823,1126.530612244898,0
30,MAGE,ordinary,CRITICAL_CHANCE,60.9235,1.7406714285714286,22.611116357549857,61.24382373416361,108.0773360014652,1097.4938314402823,1126.530612244898,0
30,MAGE,ordinary,CRITICAL_DAMAGE,60.9235,4.061566666666667,22.352759971509972,60.600641025641025,106.91777777777777,1097.4938314402823,1126.530612244898,0
30,MAGE,ordinary,ACCURACY,60.9235,4.061566666666667,23.31368945868946,63.14679316239316,106.42717948717949,1097.4938314402823,1126.530612244898,0
30,MAGE,ordinary,ATTACK_SPEED,60.9235,2.43694,22.8084894047151,60.308735042735044,106.42717948717949,1097.4938314402823,1126.530612244898,0
30,MAGE,ordinary,ARMOR,60.9235,76.154375,22.26588319088319,60.308735042735044,106.42717948717949,1144.651769509982,1126.530612244898,0
30,MAGE,ordinary,MAGIC_RESISTANCE,60.9235,50.76958333333334,22.26588319088319,60.308735042735044,106.42717948717949,1097.4938314402823,1154.8117154811716,0
30,MAGE,ordinary,DODGE,60.9235,2.0307833333333334,22.26588319088319,60.308735042735044,106.42717948717949,1121.6782787914628,1126.530612244898,0
30,MAGE,ordinary,ARMOR_PENETRATION,60.9235,3.046175,22.30932158119658,60.308735042735044,106.42717948717949,1097.4938314402823,1126.530612244898,0
30,MAGE,ordinary,MAGIC_PENETRATION,60.9235,3.046175,22.26588319088319,61.07213675213675,106.42717948717949,1097.4938314402823,1126.530612244898,0
30,MAGE,ordinary,MAX_RESOURCE,60.9235,121.847,22.26588319088319,60.308735042735044,106.42717948717949,1097.4938314402823,1126.530612244898,0
30,MAGE,ordinary,BLOCK_CHANCE,60.9235,2.43694,22.26588319088319,60.308735042735044,106.42717948717949,1097.4938314402823,1126.530612244898,0
30,MAGE,ordinary,BLOCK_VALUE,60.9235,40.61566666666667,22.26588319088319,60.308735042735044,106.42717948717949,1097.4938314402823,1126.530612244898,0
30,MAGE,ordinary,WEAPON_DAMAGE,60.9235,12.1847,25.446723646723648,60.308735042735044,106.42717948717949,1097.4938314402823,1126.530612244898,0
30,MAGE,near-caps,BASELINE,60.9235,0,71.97400333333333,132.1828,149.784,2527.241095137808,1693.2515337423313,0
30,MAGE,near-caps,STRENGTH,60.9235,7.6154375,80.32724666666667,132.1828,149.784,2527.241095137808,1693.2515337423313,0
30,MAGE,near-caps,AGILITY,60.9235,6.09235,75.96041611273829,133.0900114556831,150.8120139373507,2560.3933088361905,1693.2515337423313,0
30,MAGE,near-caps,INTELLECT,60.9235,6.769277777777778,71.97400333333333,137.24512,155.872,2527.241095137808,1693.2515337423313,0
30,MAGE,near-caps,STAMINA,60.9235,5.076958333333334,71.97400333333333,132.1828,149.784,2713.1932362726247,1817.8394683026586,0
30,MAGE,near-caps,MAX_HP,60.9235,87.03357142857143,71.97400333333333,132.1828,149.784,2846.016194226065,1906.8308501314636,0
30,MAGE,near-caps,ATTACK_POWER,60.9235,15.230875,80.32724666666667,132.1828,149.784,2527.241095137808,1693.2515337423313,0
30,MAGE,near-caps,SPELL_POWER,60.9235,15.230875,71.97400333333333,138.01408,156.736,2527.241095137808,1693.2515337423313,0
30,MAGE,near-caps,CRITICAL_CHANCE,60.9235,1.7406714285714286,72.76693429030952,133.63904571714286,151.43415651428572,2527.241095137808,1693.2515337423313,0
30,MAGE,near-caps,CRITICAL_DAMAGE,60.9235,4.061566666666667,72.92897333333333,134.04112,152.104,2527.241095137808,1693.2515337423313,0
30,MAGE,near-caps,ACCURACY,60.9235,4.061566666666667,72.7827,133.668,149.784,2527.241095137808,1693.2515337423313,0
30,MAGE,near-caps,ATTACK_SPEED,60.9235,2.43694,72.946625,132.1828,149.784,2527.241095137808,1693.2515337423313,0
30,MAGE,near-caps,ARMOR,60.9235,76.154375,71.97400333333333,132.1828,149.784,2574.626865671642,1693.2515337423313,0
30,MAGE,near-caps,MAGIC_RESISTANCE,60.9235,50.76958333333334,71.97400333333333,132.1828,149.784,2527.241095137808,1714.2857142857142,0
30,MAGE,near-caps,DODGE,60.9235,2.0307833333333334,71.97400333333333,132.1828,149.784,2605.0023596035867,1693.2515337423313,0
30,MAGE,near-caps,ARMOR_PENETRATION,60.9235,3.046175,72.52283666666666,132.1828,149.784,2527.241095137808,1693.2515337423313,0
30,MAGE,near-caps,MAGIC_PENETRATION,60.9235,3.046175,71.97400333333333,133.30776,149.784,2527.241095137808,1693.2515337423313,0
30,MAGE,near-caps,MAX_RESOURCE,60.9235,121.847,71.97400333333333,132.1828,149.784,2527.241095137808,1693.2515337423313,0
30,MAGE,near-caps,BLOCK_CHANCE,60.9235,2.43694,71.97400333333333,132.1828,149.784,2527.241095137808,1693.2515337423313,0
30,MAGE,near-caps,BLOCK_VALUE,60.9235,40.61566666666667,71.97400333333333,132.1828,149.784,2527.241095137808,1693.2515337423313,0
30,MAGE,near-caps,WEAPON_DAMAGE,60.9235,12.1847,82.37988333333334,132.1828,149.784,2527.241095137808,1693.2515337423313,0
30,MAGE,at-caps,BASELINE,60.9235,0,75.2625,136.512,151.68,2653.846153846154,1725,0
30,MAGE,at-caps,STRENGTH,60.9235,7.6154375,84.2625,136.512,151.68,2653.846153846154,1725,0
30,MAGE,at-caps,AGILITY,60.9235,6.09235,78.8625,136.512,151.68,2653.846153846154,1725,0
30,MAGE,at-caps,INTELLECT,60.9235,6.769277777777778,75.2625,142.056,157.84,2653.846153846154,1725,0
30,MAGE,at-caps,STAMINA,60.9235,5.076958333333334,75.2625,136.512,151.68,2849.113782051282,1851.9239583333333,0
30,MAGE,at-caps,MAX_HP,60.9235,87.03357142857143,75.2625,136.512,151.68,2988.5906593406594,1942.5839285714285,0
30,MAGE,at-caps,ATTACK_POWER,60.9235,15.230875,84.2625,136.512,151.68,2653.846153846154,1725,0
30,MAGE,at-caps,SPELL_POWER,60.9235,15.230875,75.2625,142.848,158.72,2653.846153846154,1725,0
30,MAGE,at-caps,CRITICAL_CHANCE,60.9235,1.7406714285714286,75.2625,136.512,151.68,2653.846153846154,1725,0
30,MAGE,at-caps,CRITICAL_DAMAGE,60.9235,4.061566666666667,76.6125,138.672,154.08,2653.846153846154,1725,0
30,MAGE,at-caps,ACCURACY,60.9235,4.061566666666667,75.2625,136.512,151.68,2653.846153846154,1725,0
30,MAGE,at-caps,ATTACK_SPEED,60.9235,2.43694,75.2625,136.512,151.68,2653.846153846154,1725,0
30,MAGE,at-caps,ARMOR,60.9235,76.154375,75.2625,136.512,151.68,2653.846153846154,1725,0
30,MAGE,at-caps,MAGIC_RESISTANCE,60.9235,50.76958333333334,75.2625,136.512,151.68,2653.846153846154,1725,0
30,MAGE,at-caps,DODGE,60.9235,2.0307833333333334,75.2625,136.512,151.68,2653.846153846154,1725,0
30,MAGE,at-caps,ARMOR_PENETRATION,60.9235,3.046175,75.2625,136.512,151.68,2653.846153846154,1725,0
30,MAGE,at-caps,MAGIC_PENETRATION,60.9235,3.046175,75.2625,136.512,151.68,2653.846153846154,1725,0
30,MAGE,at-caps,MAX_RESOURCE,60.9235,121.847,75.2625,136.512,151.68,2653.846153846154,1725,0
30,MAGE,at-caps,BLOCK_CHANCE,60.9235,2.43694,75.2625,136.512,151.68,2653.846153846154,1725,0
30,MAGE,at-caps,BLOCK_VALUE,60.9235,40.61566666666667,75.2625,136.512,151.68,2653.846153846154,1725,0
30,MAGE,at-caps,WEAPON_DAMAGE,60.9235,12.1847,86.4,136.512,151.68,2653.846153846154,1725,0
30,PALADIN,ordinary,BASELINE,60.9235,0,34.413252340615244,48.42883147570218,85.68347748551048,1278.0367095958322,1270.967741935484,0
30,PALADIN,ordinary,STRENGTH,60.9235,7.6154375,36.79650347377025,48.42883147570218,85.68347748551048,1280.0227806286152,1270.967741935484,0
30,PALADIN,ordinary,AGILITY,60.9235,6.09235,35.612223606229044,48.945909575773676,86.59832610761599,1290.7618818009387,1270.967741935484,0
30,PALADIN,ordinary,INTELLECT,60.9235,6.769277777777778,34.413252340615244,51.02133526526973,89.70015158270174,1278.0367095958322,1276.1133603238866,0
30,PALADIN,ordinary,STAMINA,60.9235,5.076958333333334,34.413252340615244,48.42883147570218,85.68347748551048,1360.3785766401022,1358.3313090418353,0
30,PALADIN,ordinary,MAX_HP,60.9235,87.03357142857143,34.413252340615244,48.42883147570218,85.68347748551048,1419.194195957438,1411.344470046083,0
30,PALADIN,ordinary,ATTACK_POWER,60.9235,15.230875,36.79650347377025,48.42883147570218,85.68347748551048,1278.0367095958322,1270.967741935484,0
30,PALADIN,ordinary,SPELL_POWER,60.9235,15.230875,34.413252340615244,51.09216986179224,90.14181899242087,1278.0367095958322,1270.967741935484,0
30,PALADIN,ordinary,CRITICAL_CHANCE,60.9235,1.7406714285714286,34.955761602520006,49.19228996427361,87.0342385140819,1278.0367095958322,1270.967741935484,0
30,PALADIN,ordinary,CRITICAL_DAMAGE,60.9235,4.061566666666667,34.52393139768168,48.64133526526973,85.97514935354437,1278.0367095958322,1270.967741935484,0
30,PALADIN,ordinary,ACCURACY,60.9235,4.061566666666667,36.03269950958538,50.707835309852875,85.68347748551048,1278.0367095958322,1270.967741935484,0
30,PALADIN,ordinary,ATTACK_SPEED,60.9235,2.43694,35.251882652204635,48.42883147570218,85.68347748551048,1278.0367095958322,1270.967741935484,0
30,PALADIN,ordinary,ARMOR,60.9235,76.154375,34.413252340615244,48.42883147570218,85.68347748551048,1334.9994478679318,1270.967741935484,0
30,PALADIN,ordinary,MAGIC_RESISTANCE,60.9235,50.76958333333334,34.413252340615244,48.42883147570218,85.68347748551048,1278.0367095958322,1302.4793388429753,0
30,PALADIN,ordinary,DODGE,60.9235,2.0307833333333334,34.413252340615244,48.42883147570218,85.68347748551048,1305.7549269721121,1270.967741935484,0
30,PALADIN,ordinary,ARMOR_PENETRATION,60.9235,3.046175,34.767419007281916,48.42883147570218,85.68347748551048,1278.0367095958322,1270.967741935484,0
30,PALADIN,ordinary,MAGIC_PENETRATION,60.9235,3.046175,34.413252340615244,49.14424877396344,85.68347748551048,1278.0367095958322,1270.967741935484,0
30,PALADIN,ordinary,MAX_RESOURCE,60.9235,121.847,34.413252340615244,48.42883147570218,85.68347748551048,1278.0367095958322,1270.967741935484,0
30,PALADIN,ordinary,BLOCK_CHANCE,60.9235,2.43694,34.413252340615244,48.42883147570218,85.68347748551048,1283.618270206393,1270.967741935484,0
30,PALADIN,ordinary,BLOCK_VALUE,60.9235,40.61566666666667,34.413252340615244,48.42883147570218,85.68347748551048,1318.9666282378125,1270.967741935484,0
30,PALADIN,ordinary,WEAPON_DAMAGE,60.9235,12.1847,37.541729826125724,48.42883147570218,85.68347748551048,1278.0367095958322,1270.967741935484,0
30,PALADIN,near-caps,BASELINE,60.9235,0,113.04869,107.99616,122.608,3451.0545862238105,1933.7423312883436,0
30,PALADIN,near-caps,STRENGTH,60.9235,7.6154375,121.40193333333333,107.99616,122.608,3480.6729890058436,1933.7423312883436,0
30,PALADIN,near-caps,AGILITY,60.9235,6.09235,117.39081436683874,108.80198130178036,123.52284862210551,3500.327860888394,1933.7423312883436,0
30,PALADIN,near-caps,INTELLECT,60.9235,6.769277777777778,113.04869,113.26496,128.528,3451.0545862238105,1933.7423312883436,0
30,PALADIN,near-caps,STAMINA,60.9235,5.076958333333334,113.04869,107.99616,122.608,3673.400529628851,2058.330265848671,0
30,PALADIN,near-caps,MAX_HP,60.9235,87.03357142857143,113.04869,107.99616,122.608,3832.2190606324516,2147.321647677476,0
30,PALADIN,near-caps,ATTACK_POWER,60.9235,15.230875,121.40193333333333,107.99616,122.608,3451.0545862238105,1933.7423312883436,0
30,PALADIN,near-caps,SPELL_POWER,60.9235,15.230875,113.04869,113.82744,129.16,3451.0545862238105,1933.7423312883436,0
30,PALADIN,near-caps,CRITICAL_CHANCE,60.9235,1.7406714285714286,114.30018343811905,109.18594373485715,123.95876102857143,3451.0545862238105,1933.7423312883436,0
30,PALADIN,near-caps,CRITICAL_DAMAGE,60.9235,4.061566666666667,114.64030666666666,109.648,124.232,3451.0545862238105,1933.7423312883436,0
30,PALADIN,near-caps,ACCURACY,60.9235,4.061566666666667,114.3189,109.2096,122.608,3451.0545862238105,1933.7423312883436,0
30,PALADIN,near-caps,ATTACK_SPEED,60.9235,2.43694,114.576375,107.99616,122.608,3451.0545862238105,1933.7423312883436,0
30,PALADIN,near-caps,ARMOR,60.9235,76.154375,113.04869,107.99616,122.608,3528.7110800632304,1933.7423312883436,0
30,PALADIN,near-caps,MAGIC_RESISTANCE,60.9235,50.76958333333334,113.04869,107.99616,122.608,3451.0545862238105,1957.7639751552795,0
30,PALADIN,near-caps,DODGE,60.9235,2.0307833333333334,113.04869,107.99616,122.608,3557.240881184543,1933.7423312883436,0
30,PALADIN,near-caps,ARMOR_PENETRATION,60.9235,3.046175,114.14635666666666,107.99616,122.608,3451.0545862238105,1933.7423312883436,0
30,PALADIN,near-caps,MAGIC_PENETRATION,60.9235,3.046175,113.04869,109.12112,122.608,3451.0545862238105,1933.7423312883436,0
30,PALADIN,near-caps,MAX_RESOURCE,60.9235,121.847,113.04869,107.99616,122.608,3451.0545862238105,1933.7423312883436,0
30,PALADIN,near-caps,BLOCK_CHANCE,60.9235,2.43694,113.04869,107.99616,122.608,3474.503406159748,1933.7423312883436,0
30,PALADIN,near-caps,BLOCK_VALUE,60.9235,40.61566666666667,113.04869,107.99616,122.608,4158.83805864595,1933.7423312883436,0
30,PALADIN,near-caps,WEAPON_DAMAGE,60.9235,12.1847,123.45457,107.99616,122.608,3451.0545862238105,1933.7423312883436,0
30,PALADIN,at-caps,BASELINE,60.9235,0,118.4625,111.744,124.16,3662.561003950732,1970.0,0
30,PALADIN,at-caps,STRENGTH,60.9235,7.6154375,127.4625,111.744,124.16,3696.060037523452,1970.0,0
30,PALADIN,at-caps,AGILITY,60.9235,6.09235,122.0625,111.744,124.16,3662.561003950732,1970.0,0
30,PALADIN,at-caps,INTELLECT,60.9235,6.769277777777778,118.4625,117.144,130.16,3662.561003950732,1970.0,0
30,PALADIN,at-caps,STAMINA,60.9235,5.076958333333334,118.4625,111.744,124.16,3898.5339685490744,2096.9239583333333,0
30,PALADIN,at-caps,MAX_HP,60.9235,87.03357142857143,118.4625,111.744,124.16,4067.0860861193187,2187.5839285714287,0
30,PALADIN,at-caps,ATTACK_POWER,60.9235,15.230875,127.4625,111.744,124.16,3662.561003950732,1970.0,0
30,PALADIN,at-caps,SPELL_POWER,60.9235,15.230875,118.4625,117.72,130.8,3662.561003950732,1970.0,0
30,PALADIN,at-caps,CRITICAL_CHANCE,60.9235,1.7406714285714286,118.4625,111.744,124.16,3662.561003950732,1970.0,0
30,PALADIN,at-caps,CRITICAL_DAMAGE,60.9235,4.061566666666667,120.4875,113.256,125.84,3662.561003950732,1970.0,0
30,PALADIN,at-caps,ACCURACY,60.9235,4.061566666666667,118.4625,111.744,124.16,3662.561003950732,1970.0,0
30,PALADIN,at-caps,ATTACK_SPEED,60.9235,2.43694,118.4625,111.744,124.16,3662.561003950732,1970.0,0
30,PALADIN,at-caps,ARMOR,60.9235,76.154375,118.4625,111.744,124.16,3662.561003950732,1970.0,0
30,PALADIN,at-caps,MAGIC_RESISTANCE,60.9235,50.76958333333334,118.4625,111.744,124.16,3662.561003950732,1970.0,0
30,PALADIN,at-caps,DODGE,60.9235,2.0307833333333334,118.4625,111.744,124.16,3662.561003950732,1970.0,0
30,PALADIN,at-caps,ARMOR_PENETRATION,60.9235,3.046175,118.4625,111.744,124.16,3662.561003950732,1970.0,0
30,PALADIN,at-caps,MAGIC_PENETRATION,60.9235,3.046175,118.4625,111.744,124.16,3662.561003950732,1970.0,0
30,PALADIN,at-caps,MAX_RESOURCE,60.9235,121.847,118.4625,111.744,124.16,3662.561003950732,1970.0,0
30,PALADIN,at-caps,BLOCK_CHANCE,60.9235,2.43694,118.4625,111.744,124.16,3662.561003950732,1970.0,0
30,PALADIN,at-caps,BLOCK_VALUE,60.9235,40.61566666666667,118.4625,111.744,124.16,4473.4601192165765,1970.0,0
30,PALADIN,at-caps,WEAPON_DAMAGE,60.9235,12.1847,129.6,111.744,124.16,3662.561003950732,1970.0,0
40,WARRIOR,ordinary,BASELINE,93.1535,0,58.587840136054425,34.50375510204081,60.745714285714286,1573.2672310220541,1457.680250783699,0
40,WARRIOR,ordinary,STRENGTH,93.1535,11.6441875,62.63184523809524,34.50375510204081,60.745714285714286,1577.222648321921,1457.680250783699,0
40,WARRIOR,ordinary,AGILITY,93.1535,9.31535,60.98910621530841,34.95107900722469,61.54108967862145,1593.842049535076,1457.680250783699,0
40,WARRIOR,ordinary,INTELLECT,93.1535,10.350388888888888,58.587840136054425,38.09422448979592,67.19673469387754,1573.2672310220541,1462.2641509433963,0
40,WARRIOR,ordinary,STAMINA,93.1535,7.762791666666667,58.587840136054425,34.50375510204081,60.745714285714286,1704.589228338374,1584.3206236897274,0
40,WARRIOR,ordinary,MAX_HP,93.1535,133.07642857142858,58.587840136054425,34.50375510204081,60.745714285714286,1798.3906549928881,1666.2639946260635,0
40,WARRIOR,ordinary,ATTACK_POWER,93.1535,23.288375,62.63184523809524,34.50375510204081,60.745714285714286,1573.2672310220541,1457.680250783699,0
40,WARRIOR,ordinary,SPELL_POWER,93.1535,23.288375,58.587840136054425,38.48244897959184,68.0534693877551,1573.2672310220541,1457.680250783699,0
40,WARRIOR,ordinary,CRITICAL_CHANCE,93.1535,2.6615285714285712,59.94521970748299,35.300084450612246,62.16164748571428,1573.2672310220541,1457.680250783699,0
40,WARRIOR,ordinary,CRITICAL_DAMAGE,93.1535,6.210233333333333,59.039944727891154,34.79310204081633,61.1995918367347,1573.2672310220541,1457.680250783699,0
40,WARRIOR,ordinary,ACCURACY,93.1535,6.210233333333333,62.034183673469386,36.53338775510204,60.745714285714286,1573.2672310220541,1457.680250783699,0
40,WARRIOR,ordinary,ATTACK_SPEED,93.1535,3.72614,60.7709050825,34.50375510204081,60.745714285714286,1573.2672310220541,1457.680250783699,0
40,WARRIOR,ordinary,ARMOR,93.1535,116.441875,58.587840136054425,34.50375510204081,60.745714285714286,1650.8955483422212,1457.680250783699,0
40,WARRIOR,ordinary,MAGIC_RESISTANCE,93.1535,77.62791666666666,58.587840136054425,34.50375510204081,60.745714285714286,1573.2672310220541,1500,0
40,WARRIOR,ordinary,DODGE,93.1535,3.1051166666666665,58.587840136054425,34.50375510204081,60.745714285714286,1627.8210046936833,1457.680250783699,0
40,WARRIOR,ordinary,ARMOR_PENETRATION,93.1535,4.657675,59.446875,34.50375510204081,60.745714285714286,1573.2672310220541,1457.680250783699,0
40,WARRIOR,ordinary,MAGIC_PENETRATION,93.1535,4.657675,58.587840136054425,34.94020408163265,60.745714285714286,1573.2672310220541,1457.680250783699,0
40,WARRIOR,ordinary,MAX_RESOURCE,93.1535,186.307,58.587840136054425,34.50375510204081,60.745714285714286,1573.2672310220541,1457.680250783699,0
40,WARRIOR,ordinary,BLOCK_CHANCE,93.1535,3.72614,58.587840136054425,34.50375510204081,60.745714285714286,1586.2370710848645,1457.680250783699,0
40,WARRIOR,ordinary,BLOCK_VALUE,93.1535,62.102333333333334,58.587840136054425,34.50375510204081,60.745714285714286,1636.89578178746,1457.680250783699,0
40,WARRIOR,ordinary,WEAPON_DAMAGE,93.1535,18.6307,63.49088010204082,34.50375510204081,60.745714285714286,1573.2672310220541,1457.680250783699,0
40,WARRIOR,near-caps,BASELINE,93.1535,0,186.43868333333333,74.04088,84.056,4247.428707137507,2279.4117647058824,0
40,WARRIOR,near-caps,STRENGTH,93.1535,11.6441875,199.44603333333333,74.04088,84.056,4308.603493582497,2279.4117647058824,0
40,WARRIOR,near-caps,AGILITY,93.1535,9.31535,193.45502191827808,74.73811922600787,84.85137539290716,4324.630015583765,2279.4117647058824,0
40,WARRIOR,near-caps,INTELLECT,93.1535,10.350388888888888,186.43868333333333,82.12208,93.136,4247.428707137507,2279.4117647058824,0
40,WARRIOR,near-caps,STAMINA,93.1535,7.762791666666667,186.43868333333333,74.04088,84.056,4601.965311143183,2469.6762663398695,0
40,WARRIOR,near-caps,MAX_HP,93.1535,133.07642857142858,186.43868333333333,74.04088,84.056,4855.205742575808,2605.579481792717,0
40,WARRIOR,near-caps,ATTACK_POWER,93.1535,23.288375,199.44603333333333,74.04088,84.056,4247.428707137507,2279.4117647058824,0
40,WARRIOR,near-caps,SPELL_POWER,93.1535,23.288375,186.43868333333333,83.04056,94.168,4247.428707137507,2279.4117647058824,0
40,WARRIOR,near-caps,CRITICAL_CHANCE,93.1535,2.6615285714285712,188.79866666666666,74.9736,85.12,4247.428707137507,2279.4117647058824,0
40,WARRIOR,near-caps,CRITICAL_DAMAGE,93.1535,6.210233333333333,190.57688666666667,75.69272,85.912,4247.428707137507,2279.4117647058824,0
40,WARRIOR,near-caps,ACCURACY,93.1535,6.210233333333333,188.5335,74.8728,84.056,4247.428707137507,2279.4117647058824,0
40,WARRIOR,near-caps,ATTACK_SPEED,93.1535,3.72614,188.958125,74.04088,84.056,4247.428707137507,2279.4117647058824,0
40,WARRIOR,near-caps,ARMOR,93.1535,116.441875,186.43868333333333,74.04088,84.056,4354.014120114609,2279.4117647058824,0
40,WARRIOR,near-caps,MAGIC_RESISTANCE,93.1535,77.62791666666666,186.43868333333333,74.04088,84.056,4247.428707137507,2325,0
40,WARRIOR,near-caps,DODGE,93.1535,3.1051166666666665,186.43868333333333,74.04088,84.056,4378.118821203277,2279.4117647058824,0
40,WARRIOR,near-caps,ARMOR_PENETRATION,93.1535,4.657675,188.17299666666668,74.04088,84.056,4247.428707137507,2279.4117647058824,0
40,WARRIOR,near-caps,MAGIC_PENETRATION,93.1535,4.657675,186.43868333333333,74.80984,84.056,4247.428707137507,2279.4117647058824,0
40,WARRIOR,near-caps,MAX_RESOURCE,93.1535,186.307,186.43868333333333,74.04088,84.056,4247.428707137507,2279.4117647058824,0
40,WARRIOR,near-caps,BLOCK_CHANCE,93.1535,3.72614,186.43868333333333,74.04088,84.056,4284.1348811498065,2279.4117647058824,0
40,WARRIOR,near-caps,BLOCK_VALUE,93.1535,62.102333333333334,186.43868333333333,74.04088,84.056,5445.934170953144,2279.4117647058824,0
40,WARRIOR,near-caps,WEAPON_DAMAGE,93.1535,18.6307,202.04750333333334,74.04088,84.056,4247.428707137507,2279.4117647058824,0
40,WARRIOR,at-caps,BASELINE,93.1535,0,195.3,76.608,85.12,4527.750730282376,2325,0
40,WARRIOR,at-caps,STRENGTH,93.1535,11.6441875,208.8,76.608,85.12,4597.587502471822,2325,0
40,WARRIOR,at-caps,AGILITY,93.1535,9.31535,200.7,76.608,85.12,4527.750730282376,2325,0
40,WARRIOR,at-caps,INTELLECT,93.1535,10.350388888888888,195.3,84.888,94.32,4527.750730282376,2325,0
40,WARRIOR,at-caps,STAMINA,93.1535,7.762791666666667,195.3,76.608,85.12,4905.68605972087,2519.069791666667,0
40,WARRIOR,at-caps,MAX_HP,93.1535,133.07642857142858,195.3,76.608,85.12,5175.639866462651,2657.6910714285714,0
40,WARRIOR,at-caps,ATTACK_POWER,93.1535,23.288375,208.8,76.608,85.12,4527.750730282376,2325,0
40,WARRIOR,at-caps,SPELL_POWER,93.1535,23.288375,195.3,85.824,95.36,4527.750730282376,2325,0
40,WARRIOR,at-caps,CRITICAL_CHANCE,93.1535,2.6615285714285712,195.3,76.608,85.12,4527.750730282376,2325,0
40,WARRIOR,at-caps,CRITICAL_DAMAGE,93.1535,6.210233333333333,199.6875,78.336,87.04,4527.750730282376,2325,0
40,WARRIOR,at-caps,ACCURACY,93.1535,6.210233333333333,195.3,76.608,85.12,4527.750730282376,2325,0
40,WARRIOR,at-caps,ATTACK_SPEED,93.1535,3.72614,195.3,76.608,85.12,4527.750730282376,2325,0
40,WARRIOR,at-caps,ARMOR,93.1535,116.441875,195.3,76.608,85.12,4527.750730282376,2325,0
40,WARRIOR,at-caps,MAGIC_RESISTANCE,93.1535,77.62791666666666,195.3,76.608,85.12,4527.750730282376,2325,0
40,WARRIOR,at-caps,DODGE,93.1535,3.1051166666666665,195.3,76.608,85.12,4527.750730282376,2325,0
40,WARRIOR,at-caps,ARMOR_PENETRATION,93.1535,4.657675,195.3,76.608,85.12,4527.750730282376,2325,0
40,WARRIOR,at-caps,MAGIC_PENETRATION,93.1535,4.657675,195.3,76.608,85.12,4527.750730282376,2325,0
40,WARRIOR,at-caps,MAX_RESOURCE,93.1535,186.307,195.3,76.608,85.12,4527.750730282376,2325,0
40,WARRIOR,at-caps,BLOCK_CHANCE,93.1535,3.72614,195.3,76.608,85.12,4527.750730282376,2325,0
40,WARRIOR,at-caps,BLOCK_VALUE,93.1535,62.102333333333334,195.3,76.608,85.12,5922.058074375956,2325,0
40,WARRIOR,at-caps,WEAPON_DAMAGE,93.1535,18.6307,212.0625,76.608,85.12,4527.750730282376,2325,0
40,ARCHER,ordinary,BASELINE,93.1535,0,46.673734662576685,45.56949079754601,80.46539877300613,1598.4780135723531,1419.558359621451,19.18166666666667
40,ARCHER,ordinary,STRENGTH,93.1535,11.6441875,51.07691717791411,45.56949079754601,80.46539877300613,1598.4780135723531,1419.558359621451,21.0375
40,ARCHER,ordinary,AGILITY,93.1535,9.31535,48.76700035100043,45.87951160049786,81.01419865508691,1611.4731121843238,1419.558359621451,20.088333333333335
40,ARCHER,ordinary,INTELLECT,93.1535,10.350388888888888,46.673734662576685,49.53925153374233,87.52490797546012,1598.4780135723531,1424.0506329113923,19.18166666666667
40,ARCHER,ordinary,STAMINA,93.1535,7.762791666666667,46.673734662576685,45.56949079754601,80.46539877300613,1736.3519224957904,1546.879614978903,19.18166666666667
40,ARCHER,ordinary,MAX_HP,93.1535,133.07642857142858,46.673734662576685,45.56949079754601,80.46539877300613,1834.8332860125313,1629.4580892293825,19.18166666666667
40,ARCHER,ordinary,ATTACK_POWER,93.1535,23.288375,51.07691717791411,45.56949079754601,80.46539877300613,1598.4780135723531,1419.558359621451,21.0375
40,ARCHER,ordinary,SPELL_POWER,93.1535,23.288375,46.673734662576685,50.21925153374233,88.51950920245399,1598.4780135723531,1419.558359621451,19.18166666666667
40,ARCHER,ordinary,CRITICAL_CHANCE,93.1535,2.6615285714285712,47.672916847100495,46.537754891831725,82.17942317300613,1598.4780135723531,1419.558359621451,19.18166666666667
40,ARCHER,ordinary,CRITICAL_DAMAGE,93.1535,6.210233333333333,47.276795756646216,46.14842944785276,81.43840490797545,1598.4780135723531,1419.558359621451,19.18166666666667
40,ARCHER,ordinary,ACCURACY,93.1535,6.210233333333333,49.41924846625767,48.250049079754604,80.46539877300613,1598.4780135723531,1419.558359621451,19.18166666666667
40,ARCHER,ordinary,ATTACK_SPEED,93.1535,3.72614,48.412863359332825,45.56949079754601,80.46539877300613,1598.4780135723531,1419.558359621451,19.18166666666667
40,ARCHER,ordinary,ARMOR,93.1535,116.441875,46.673734662576685,45.56949079754601,80.46539877300613,1673.877919872936,1419.558359621451,19.18166666666667
40,ARCHER,ordinary,MAGIC_RESISTANCE,93.1535,77.62791666666666,46.673734662576685,45.56949079754601,80.46539877300613,1598.4780135723531,1461.0389610389611,19.18166666666667
40,ARCHER,ordinary,DODGE,93.1535,3.1051166666666665,46.673734662576685,45.56949079754601,80.46539877300613,1659.4281616737853,1419.558359621451,19.18166666666667
40,ARCHER,ordinary,ARMOR_PENETRATION,93.1535,4.657675,47.468219580777095,45.56949079754601,80.46539877300613,1598.4780135723531,1419.558359621451,19.18166666666667
40,ARCHER,ordinary,MAGIC_PENETRATION,93.1535,4.657675,46.673734662576685,46.15760736196319,80.46539877300613,1598.4780135723531,1419.558359621451,19.18166666666667
40,ARCHER,ordinary,MAX_RESOURCE,93.1535,186.307,46.673734662576685,45.56949079754601,80.46539877300613,1598.4780135723531,1419.558359621451,19.18166666666667
40,ARCHER,ordinary,BLOCK_CHANCE,93.1535,3.72614,46.673734662576685,45.56949079754601,80.46539877300613,1598.4780135723531,1419.558359621451,19.18166666666667
40,ARCHER,ordinary,BLOCK_VALUE,93.1535,62.102333333333334,46.673734662576685,45.56949079754601,80.46539877300613,1598.4780135723531,1419.558359621451,19.18166666666667
40,ARCHER,ordinary,WEAPON_DAMAGE,93.1535,18.6307,52.04370526584867,45.56949079754601,80.46539877300613,1598.4780135723531,1419.558359621451,19.18166666666667
40,ARCHER,near-caps,BASELINE,93.1535,0,136.69243,89.9968,102.152,3292.361720807726,2205.8823529411766,19.18166666666667
40,ARCHER,near-caps,STRENGTH,93.1535,11.6441875,149.69978,89.9968,102.152,3292.361720807726,2205.8823529411766,21.0375
40,ARCHER,near-caps,AGILITY,93.1535,9.31535,142.65772319851396,90.48219815657332,102.70079988208079,3326.2065668569976,2205.8823529411766,20.088333333333335
40,ARCHER,near-caps,INTELLECT,93.1535,10.350388888888888,136.69243,98.078,111.232,3292.361720807726,2205.8823529411766,19.18166666666667
40,ARCHER,near-caps,STAMINA,93.1535,7.762791666666667,136.69243,89.9968,102.152,3576.3385889181545,2396.1468545751636,19.18166666666667
40,ARCHER,near-caps,MAX_HP,93.1535,133.07642857142858,136.69243,89.9968,102.152,3779.1792089970318,2532.0500700280113,19.18166666666667
40,ARCHER,near-caps,ATTACK_POWER,93.1535,23.288375,149.69978,89.9968,102.152,3292.361720807726,2205.8823529411766,21.0375
40,ARCHER,near-caps,SPELL_POWER,93.1535,23.288375,136.69243,98.99648,112.496,3292.361720807726,2205.8823529411766,19.18166666666667
40,ARCHER,near-caps,CRITICAL_CHANCE,93.1535,2.6615285714285712,138.41576666666666,91.136,103.44,3292.361720807726,2205.8823529411766,19.18166666666667
40,ARCHER,near-caps,CRITICAL_DAMAGE,93.1535,6.210233333333333,139.87566333333334,92.0616,104.472,3292.361720807726,2205.8823529411766,19.18166666666667
40,ARCHER,near-caps,ACCURACY,93.1535,6.210233333333333,138.2283,91.008,102.152,3292.361720807726,2205.8823529411766,19.18166666666667
40,ARCHER,near-caps,ATTACK_SPEED,93.1535,3.72614,138.539625,89.9968,102.152,3292.361720807726,2205.8823529411766,19.18166666666667
40,ARCHER,near-caps,ARMOR,93.1535,116.441875,136.69243,89.9968,102.152,3358.208955223881,2205.8823529411766,19.18166666666667
40,ARCHER,near-caps,MAGIC_RESISTANCE,93.1535,77.62791666666666,136.69243,89.9968,102.152,3292.361720807726,2250,19.18166666666667
40,ARCHER,near-caps,DODGE,93.1535,3.1051166666666665,136.69243,89.9968,102.152,3393.665158371041,2205.8823529411766,19.18166666666667
40,ARCHER,near-caps,ARMOR_PENETRATION,93.1535,4.657675,137.87791,89.9968,102.152,3292.361720807726,2205.8823529411766,19.18166666666667
40,ARCHER,near-caps,MAGIC_PENETRATION,93.1535,4.657675,136.69243,90.91528,102.152,3292.361720807726,2205.8823529411766,19.18166666666667
40,ARCHER,near-caps,MAX_RESOURCE,93.1535,186.307,136.69243,89.9968,102.152,3292.361720807726,2205.8823529411766,19.18166666666667
40,ARCHER,near-caps,BLOCK_CHANCE,93.1535,3.72614,136.69243,89.9968,102.152,3292.361720807726,2205.8823529411766,19.18166666666667
40,ARCHER,near-caps,BLOCK_VALUE,93.1535,62.102333333333334,136.69243,89.9968,102.152,3292.361720807726,2205.8823529411766,19.18166666666667
40,ARCHER,near-caps,WEAPON_DAMAGE,93.1535,18.6307,152.61957333333334,89.9968,102.152,3292.361720807726,2205.8823529411766,19.18166666666667
40,ARCHER,at-caps,BASELINE,93.1535,0,143.1,93.096,103.44,3461.5384615384614,2250,19.18166666666667
40,ARCHER,at-caps,STRENGTH,93.1535,11.6441875,156.6,93.096,103.44,3461.5384615384614,2250,21.0375
40,ARCHER,at-caps,AGILITY,93.1535,9.31535,148.5,93.096,103.44,3461.5384615384614,2250,20.088333333333335
40,ARCHER,at-caps,INTELLECT,93.1535,10.350388888888888,143.1,101.376,112.64,3461.5384615384614,2250,19.18166666666667
40,ARCHER,at-caps,STAMINA,93.1535,7.762791666666667,143.1,93.096,103.44,3760.1073717948716,2444.069791666667,19.18166666666667
40,ARCHER,at-caps,MAX_HP,93.1535,133.07642857142858,143.1,93.096,103.44,3973.370879120879,2582.6910714285714,19.18166666666667
40,ARCHER,at-caps,ATTACK_POWER,93.1535,23.288375,156.6,93.096,103.44,3461.5384615384614,2250,21.0375
40,ARCHER,at-caps,SPELL_POWER,93.1535,23.288375,143.1,102.528,113.92,3461.5384615384614,2250,19.18166666666667
40,ARCHER,at-caps,CRITICAL_CHANCE,93.1535,2.6615285714285712,143.1,93.096,103.44,3461.5384615384614,2250,19.18166666666667
40,ARCHER,at-caps,CRITICAL_DAMAGE,93.1535,6.210233333333333,146.475,95.256,105.84,3461.5384615384614,2250,19.18166666666667
40,ARCHER,at-caps,ACCURACY,93.1535,6.210233333333333,143.1,93.096,103.44,3461.5384615384614,2250,19.18166666666667
40,ARCHER,at-caps,ATTACK_SPEED,93.1535,3.72614,143.1,93.096,103.44,3461.5384615384614,2250,19.18166666666667
40,ARCHER,at-caps,ARMOR,93.1535,116.441875,143.1,93.096,103.44,3461.5384615384614,2250,19.18166666666667
40,ARCHER,at-caps,MAGIC_RESISTANCE,93.1535,77.62791666666666,143.1,93.096,103.44,3461.5384615384614,2250,19.18166666666667
40,ARCHER,at-caps,DODGE,93.1535,3.1051166666666665,143.1,93.096,103.44,3461.5384615384614,2250,19.18166666666667
40,ARCHER,at-caps,ARMOR_PENETRATION,93.1535,4.657675,143.1,93.096,103.44,3461.5384615384614,2250,19.18166666666667
40,ARCHER,at-caps,MAGIC_PENETRATION,93.1535,4.657675,143.1,93.096,103.44,3461.5384615384614,2250,19.18166666666667
40,ARCHER,at-caps,MAX_RESOURCE,93.1535,186.307,143.1,93.096,103.44,3461.5384615384614,2250,19.18166666666667
40,ARCHER,at-caps,BLOCK_CHANCE,93.1535,3.72614,143.1,93.096,103.44,3461.5384615384614,2250,19.18166666666667
40,ARCHER,at-caps,BLOCK_VALUE,93.1535,62.102333333333334,143.1,93.096,103.44,3461.5384615384614,2250,19.18166666666667
40,ARCHER,at-caps,WEAPON_DAMAGE,93.1535,18.6307,159.8625,93.096,103.44,3461.5384615384614,2250,19.18166666666667
40,MAGE,ordinary,BASELINE,93.1535,0,27.862756147540985,72.10396721311476,127.24229508196721,1440.221139867783,1449.5114006514657,0
40,MAGE,ordinary,STRENGTH,93.1535,11.6441875,31.90083674863388,72.10396721311476,127.24229508196721,1440.221139867783,1449.5114006514657,0
40,MAGE,ordinary,AGILITY,93.1535,9.31535,29.867641713883835,73.05706992371367,128.92424104184764,1459.182117809517,1449.5114006514657,0
40,MAGE,ordinary,INTELLECT,93.1535,10.350388888888888,27.862756147540985,75.98052459016394,134.0272131147541,1440.221139867783,1454.248366013072,0
40,MAGE,ordinary,STAMINA,93.1535,7.762791666666667,27.862756147540985,72.10396721311476,127.24229508196721,1565.8406529320841,1581.0913671023966,0
40,MAGE,ordinary,MAX_HP,93.1535,133.07642857142858,27.862756147540985,72.10396721311476,127.24229508196721,1655.568876549442,1666.2482550023267,0
40,MAGE,ordinary,ATTACK_POWER,93.1535,23.288375,31.90083674863388,72.10396721311476,127.24229508196721,1440.221139867783,1449.5114006514657,0
40,MAGE,ordinary,SPELL_POWER,93.1535,23.288375,27.862756147540985,76.36818032786886,134.9393442622951,1440.221139867783,1449.5114006514657,0
40,MAGE,ordinary,CRITICAL_CHANCE,93.1535,2.6615285714285712,28.51316719218384,73.78711788168619,130.2125609676815,1440.221139867783,1449.5114006514657,0
40,MAGE,ordinary,CRITICAL_DAMAGE,93.1535,6.210233333333333,28.061321721311476,72.67583606557378,128.25147540983608,1440.221139867783,1449.5114006514657,0
40,MAGE,ordinary,ACCURACY,93.1535,6.210233333333333,29.501741803278687,76.34537704918033,127.24229508196721,1440.221139867783,1449.5114006514657,0
40,MAGE,ordinary,ATTACK_SPEED,93.1535,3.72614,28.900961449456968,72.10396721311476,127.24229508196721,1440.221139867783,1449.5114006514657,0
40,MAGE,ordinary,ARMOR,93.1535,116.441875,27.862756147540985,72.10396721311476,127.24229508196721,1508.1560992955085,1449.5114006514657,0
40,MAGE,ordinary,MAGIC_RESISTANCE,93.1535,77.62791666666666,27.862756147540985,72.10396721311476,127.24229508196721,1440.221139867783,1493.288590604027,0
40,MAGE,ordinary,DODGE,93.1535,3.1051166666666665,27.862756147540985,72.10396721311476,127.24229508196721,1490.0869569222048,1449.5114006514657,0
40,MAGE,ordinary,ARMOR_PENETRATION,93.1535,4.657675,28.266564207650273,72.10396721311476,127.24229508196721,1440.221139867783,1449.5114006514657,0
40,MAGE,ordinary,MAGIC_PENETRATION,93.1535,4.657675,27.862756147540985,73.26693442622951,127.24229508196721,1440.221139867783,1449.5114006514657,0
40,MAGE,ordinary,MAX_RESOURCE,93.1535,186.307,27.862756147540985,72.10396721311476,127.24229508196721,1440.221139867783,1449.5114006514657,0
40,MAGE,ordinary,BLOCK_CHANCE,93.1535,3.72614,27.862756147540985,72.10396721311476,127.24229508196721,1440.221139867783,1449.5114006514657,0
40,MAGE,ordinary,BLOCK_VALUE,93.1535,62.102333333333334,27.862756147540985,72.10396721311476,127.24229508196721,1440.221139867783,1449.5114006514657,0
40,MAGE,ordinary,WEAPON_DAMAGE,93.1535,18.6307,32.70845286885246,72.10396721311476,127.24229508196721,1440.221139867783,1449.5114006514657,0
40,MAGE,near-caps,BASELINE,93.1535,0,88.44998,155.45096,176.328,3255.7799239098626,2181.372549019608,0
40,MAGE,near-caps,STRENGTH,93.1535,11.6441875,101.45733,155.45096,176.328,3255.7799239098626,2181.372549019608,0
40,MAGE,near-caps,AGILITY,93.1535,9.31535,94.54625032998166,156.93716120963916,178.00994595988044,3315.4428534838376,2181.372549019608,0
40,MAGE,near-caps,INTELLECT,93.1535,10.350388888888888,88.44998,163.68168,185.576,3255.7799239098626,2181.372549019608,0
40,MAGE,near-caps,STAMINA,93.1535,7.762791666666667,88.44998,155.45096,176.328,3539.7567920202905,2371.637050653595,0
40,MAGE,near-caps,MAX_HP,93.1535,133.07642857142858,88.44998,155.45096,176.328,3742.597412099168,2507.5402661064427,0
40,MAGE,near-caps,ATTACK_POWER,93.1535,23.288375,101.45733,155.45096,176.328,3255.7799239098626,2181.372549019608,0
40,MAGE,near-caps,SPELL_POWER,93.1535,23.288375,88.44998,164.60016,186.84,3255.7799239098626,2181.372549019608,0
40,MAGE,near-caps,CRITICAL_CHANCE,93.1535,2.6615285714285712,89.5696,157.4232,178.56,3255.7799239098626,2181.372549019608,0
40,MAGE,near-caps,CRITICAL_DAMAGE,93.1535,6.210233333333333,90.67824333333333,158.96112,180.504,3255.7799239098626,2181.372549019608,0
40,MAGE,near-caps,ACCURACY,93.1535,6.210233333333333,89.4438,157.1976,176.328,3255.7799239098626,2181.372549019608,0
40,MAGE,near-caps,ATTACK_SPEED,93.1535,3.72614,89.64525,155.45096,176.328,3255.7799239098626,2181.372549019608,0
40,MAGE,near-caps,ARMOR,93.1535,116.441875,88.44998,155.45096,176.328,3320.89552238806,2181.372549019608,0
40,MAGE,near-caps,MAGIC_RESISTANCE,93.1535,77.62791666666666,88.44998,155.45096,176.328,3255.7799239098626,2225,0
40,MAGE,near-caps,DODGE,93.1535,3.1051166666666665,88.44998,155.45096,176.328,3355.957767722474,2181.372549019608,0
40,MAGE,near-caps,ARMOR_PENETRATION,93.1535,4.657675,89.31713666666667,155.45096,176.328,3255.7799239098626,2181.372549019608,0
40,MAGE,near-caps,MAGIC_PENETRATION,93.1535,4.657675,88.44998,156.93192,176.328,3255.7799239098626,2181.372549019608,0
40,MAGE,near-caps,MAX_RESOURCE,93.1535,186.307,88.44998,155.45096,176.328,3255.7799239098626,2181.372549019608,0
40,MAGE,near-caps,BLOCK_CHANCE,93.1535,3.72614,88.44998,155.45096,176.328,3255.7799239098626,2181.372549019608,0
40,MAGE,near-caps,BLOCK_VALUE,93.1535,62.102333333333334,88.44998,155.45096,176.328,3255.7799239098626,2181.372549019608,0
40,MAGE,near-caps,WEAPON_DAMAGE,93.1535,18.6307,104.60763333333334,155.45096,176.328,3255.7799239098626,2181.372549019608,0
40,MAGE,at-caps,BASELINE,93.1535,0,92.7,160.704,178.56,3423.076923076923,2225,0
40,MAGE,at-caps,STRENGTH,93.1535,11.6441875,106.5375,160.704,178.56,3423.076923076923,2225,0
40,MAGE,at-caps,AGILITY,93.1535,9.31535,98.4375,160.704,178.56,3423.076923076923,2225,0
40,MAGE,at-caps,INTELLECT,93.1535,10.350388888888888,92.7,169.128,187.92,3423.076923076923,2225,0
40,MAGE,at-caps,STAMINA,93.1535,7.762791666666667,92.7,160.704,178.56,3721.6458333333335,2419.069791666667,0
40,MAGE,at-caps,MAX_HP,93.1535,133.07642857142858,92.7,160.704,178.56,3934.9093406593406,2557.6910714285714,0
40,MAGE,at-caps,ATTACK_POWER,93.1535,23.288375,106.5375,160.704,178.56,3423.076923076923,2225,0
40,MAGE,at-caps,SPELL_POWER,93.1535,23.288375,92.7,170.28,189.2,3423.076923076923,2225,0
40,MAGE,at-caps,CRITICAL_CHANCE,93.1535,2.6615285714285712,92.7,160.704,178.56,3423.076923076923,2225,0
40,MAGE,at-caps,CRITICAL_DAMAGE,93.1535,6.210233333333333,95.0625,164.592,182.88,3423.076923076923,2225,0
40,MAGE,at-caps,ACCURACY,93.1535,6.210233333333333,92.7,160.704,178.56,3423.076923076923,2225,0
40,MAGE,at-caps,ATTACK_SPEED,93.1535,3.72614,92.7,160.704,178.56,3423.076923076923,2225,0
40,MAGE,at-caps,ARMOR,93.1535,116.441875,92.7,160.704,178.56,3423.076923076923,2225,0
40,MAGE,at-caps,MAGIC_RESISTANCE,93.1535,77.62791666666666,92.7,160.704,178.56,3423.076923076923,2225,0
40,MAGE,at-caps,DODGE,93.1535,3.1051166666666665,92.7,160.704,178.56,3423.076923076923,2225,0
40,MAGE,at-caps,ARMOR_PENETRATION,93.1535,4.657675,92.7,160.704,178.56,3423.076923076923,2225,0
40,MAGE,at-caps,MAGIC_PENETRATION,93.1535,4.657675,92.7,160.704,178.56,3423.076923076923,2225,0
40,MAGE,at-caps,MAX_RESOURCE,93.1535,186.307,92.7,160.704,178.56,3423.076923076923,2225,0
40,MAGE,at-caps,BLOCK_CHANCE,93.1535,3.72614,92.7,160.704,178.56,3423.076923076923,2225,0
40,MAGE,at-caps,BLOCK_VALUE,93.1535,62.102333333333334,92.7,160.704,178.56,3423.076923076923,2225,0
40,MAGE,at-caps,WEAPON_DAMAGE,93.1535,18.6307,109.8,160.704,178.56,3423.076923076923,2225,0
40,PALADIN,ordinary,BASELINE,93.1535,0,43.54221159388961,56.24070384781669,99.2483009079118,1658.9107238749652,1625.8064516129032,0
40,PALADIN,ordinary,STRENGTH,93.1535,11.6441875,47.50059446606139,56.24070384781669,99.2483009079118,1663.0528230606706,1625.8064516129032,0
40,PALADIN,ordinary,AGILITY,93.1535,9.31535,45.80135628166491,57.08295351314868,100.73462384673297,1682.7324532767375,1625.8064516129032,0
40,PALADIN,ordinary,INTELLECT,93.1535,10.350388888888888,43.54221159388961,60.000746649373106,105.5542671854734,1658.9107238749652,1631.0679611650485,0
40,PALADIN,ordinary,STAMINA,93.1535,7.762791666666667,43.54221159388961,56.24070384781669,99.2483009079118,1786.6664614051294,1751.0127688172042,0
40,PALADIN,ordinary,MAX_HP,93.1535,133.07642857142858,43.54221159388961,56.24070384781669,99.2483009079118,1877.9205596409608,1840.4458525345622,0
40,PALADIN,ordinary,ATTACK_POWER,93.1535,23.288375,47.50059446606139,56.24070384781669,99.2483009079118,1658.9107238749652,1625.8064516129032,0
40,PALADIN,ordinary,SPELL_POWER,93.1535,23.288375,43.54221159388961,60.3807514051016,106.40133160397752,1658.9107238749652,1625.8064516129032,0
40,PALADIN,ordinary,CRITICAL_CHANCE,93.1535,2.6615285714285712,44.57909876650866,57.57998502495955,101.61173827934037,1658.9107238749652,1625.8064516129032,0
40,PALADIN,ordinary,CRITICAL_DAMAGE,93.1535,6.210233333333333,43.83391293774319,56.60074664937311,99.8601383484652,1658.9107238749652,1625.8064516129032,0
40,PALADIN,ordinary,ACCURACY,93.1535,6.210233333333333,46.10351815823606,59.54898054474708,99.2483009079118,1658.9107238749652,1625.8064516129032,0
40,PALADIN,ordinary,ATTACK_SPEED,93.1535,3.72614,45.164655356974166,56.24070384781669,99.2483009079118,1658.9107238749652,1625.8064516129032,0
40,PALADIN,ordinary,ARMOR,93.1535,116.441875,43.54221159388961,56.24070384781669,99.2483009079118,1740.1767619485265,1625.8064516129032,0
40,PALADIN,ordinary,MAGIC_RESISTANCE,93.1535,77.62791666666666,43.54221159388961,56.24070384781669,99.2483009079118,1658.9107238749652,1668.8741721854306,0
40,PALADIN,ordinary,DODGE,93.1535,3.1051166666666665,43.54221159388961,56.24070384781669,99.2483009079118,1715.2180997293246,1625.8064516129032,0
40,PALADIN,ordinary,ARMOR_PENETRATION,93.1535,4.657675,44.29221654777346,56.24070384781669,99.2483009079118,1658.9107238749652,1625.8064516129032,0
40,PALADIN,ordinary,MAGIC_PENETRATION,93.1535,4.657675,43.54221159388961,57.00071335927367,99.2483009079118,1658.9107238749652,1625.8064516129032,0
40,PALADIN,ordinary,MAX_RESOURCE,93.1535,186.307,43.54221159388961,56.24070384781669,99.2483009079118,1658.9107238749652,1625.8064516129032,0
40,PALADIN,ordinary,BLOCK_CHANCE,93.1535,3.72614,43.54221159388961,56.24070384781669,99.2483009079118,1670.3432279286242,1625.8064516129032,0
40,PALADIN,ordinary,BLOCK_VALUE,93.1535,62.102333333333334,43.54221159388961,56.24070384781669,99.2483009079118,1725.5250146005144,1625.8064516129032,0
40,PALADIN,ordinary,WEAPON_DAMAGE,93.1535,18.6307,48.33394266104626,56.24070384781669,99.2483009079118,1658.9107238749652,1625.8064516129032,0
40,PALADIN,near-caps,BASELINE,93.1535,0,141.66486,123.53912,140.304,4430.667958358754,2470.5882352941176,0
40,PALADIN,near-caps,STRENGTH,93.1535,11.6441875,154.35388666666665,123.53912,140.304,4492.0506746097535,2470.5882352941176,0
40,PALADIN,near-caps,AGILITY,93.1535,9.31535,148.10196161963952,124.84407136939474,141.79032293882116,4521.022941619008,2470.5882352941176,0
40,PALADIN,near-caps,INTELLECT,93.1535,10.350388888888888,141.66486,131.62032,149.384,4430.667958358754,2470.5882352941176,0
40,PALADIN,near-caps,STAMINA,93.1535,7.762791666666667,141.66486,123.53912,140.304,4771.881770907507,2660.8527369281046,0
40,PALADIN,near-caps,MAX_HP,93.1535,133.07642857142858,141.66486,123.53912,140.304,5015.605922728046,2796.7559523809523,0
40,PALADIN,near-caps,ATTACK_POWER,93.1535,23.288375,154.35388666666665,123.53912,140.304,4430.667958358754,2470.5882352941176,0
40,PALADIN,near-caps,SPELL_POWER,93.1535,23.288375,141.66486,132.5388,150.416,4430.667958358754,2470.5882352941176,0
40,PALADIN,near-caps,CRITICAL_CHANCE,93.1535,2.6615285714285712,143.46503333333334,125.0984,142.08,4430.667958358754,2470.5882352941176,0
40,PALADIN,near-caps,CRITICAL_DAMAGE,93.1535,6.210233333333333,144.84809333333334,126.42984,143.32,4430.667958358754,2470.5882352941176,0
40,PALADIN,near-caps,ACCURACY,93.1535,6.210233333333333,143.2566,124.9272,140.304,4430.667958358754,2470.5882352941176,0
40,PALADIN,near-caps,ATTACK_SPEED,93.1535,3.72614,143.57925,123.53912,140.304,4430.667958358754,2470.5882352941176,0
40,PALADIN,near-caps,ARMOR,93.1535,116.441875,141.66486,123.53912,140.304,4537.57272270569,2470.5882352941176,0
40,PALADIN,near-caps,MAGIC_RESISTANCE,93.1535,77.62791666666666,141.66486,123.53912,140.304,4430.667958358754,2520.0,0
40,PALADIN,near-caps,DODGE,93.1535,3.1051166666666665,141.66486,123.53912,140.304,4566.9962032313315,2470.5882352941176,0
40,PALADIN,near-caps,ARMOR_PENETRATION,93.1535,4.657675,143.08085,123.53912,140.304,4430.667958358754,2470.5882352941176,0
40,PALADIN,near-caps,MAGIC_PENETRATION,93.1535,4.657675,141.66486,124.87056,140.304,4430.667958358754,2470.5882352941176,0
40,PALADIN,near-caps,MAX_RESOURCE,93.1535,186.307,141.66486,123.53912,140.304,4430.667958358754,2470.5882352941176,0
40,PALADIN,near-caps,BLOCK_CHANCE,93.1535,3.72614,141.66486,123.53912,140.304,4461.6773782333885,2470.5882352941176,0
40,PALADIN,near-caps,BLOCK_VALUE,93.1535,62.102333333333334,141.66486,123.53912,140.304,5621.2733968775165,2470.5882352941176,0
40,PALADIN,near-caps,WEAPON_DAMAGE,93.1535,18.6307,157.50419,123.53912,140.304,4430.667958358754,2470.5882352941176,0
40,PALADIN,at-caps,BASELINE,93.1535,0,148.5,127.872,142.08,4710.720628096084,2520.0,0
40,PALADIN,at-caps,STRENGTH,93.1535,11.6441875,162.0,127.872,142.08,4780.423029498245,2520.0,0
40,PALADIN,at-caps,AGILITY,93.1535,9.31535,153.9,127.872,142.08,4710.720628096084,2520.0,0
40,PALADIN,at-caps,INTELLECT,93.1535,10.350388888888888,148.5,136.152,151.28,4710.720628096084,2520.0,0
40,PALADIN,at-caps,STAMINA,93.1535,7.762791666666667,148.5,127.872,142.08,5073.501807022463,2714.069791666667,0
40,PALADIN,at-caps,MAX_HP,93.1535,133.07642857142858,148.5,127.872,142.08,5332.631220541306,2852.6910714285714,0
40,PALADIN,at-caps,ATTACK_POWER,93.1535,23.288375,162.0,127.872,142.08,4710.720628096084,2520.0,0
40,PALADIN,at-caps,SPELL_POWER,93.1535,23.288375,148.5,137.088,152.32,4710.720628096084,2520.0,0
40,PALADIN,at-caps,CRITICAL_CHANCE,93.1535,2.6615285714285712,148.5,127.872,142.08,4710.720628096084,2520.0,0
40,PALADIN,at-caps,CRITICAL_DAMAGE,93.1535,6.210233333333333,151.875,130.68,145.2,4710.720628096084,2520.0,0
40,PALADIN,at-caps,ACCURACY,93.1535,6.210233333333333,148.5,127.872,142.08,4710.720628096084,2520.0,0
40,PALADIN,at-caps,ATTACK_SPEED,93.1535,3.72614,148.5,127.872,142.08,4710.720628096084,2520.0,0
40,PALADIN,at-caps,ARMOR,93.1535,116.441875,148.5,127.872,142.08,4710.720628096084,2520.0,0
40,PALADIN,at-caps,MAGIC_RESISTANCE,93.1535,77.62791666666666,148.5,127.872,142.08,4710.720628096084,2520.0,0
40,PALADIN,at-caps,DODGE,93.1535,3.1051166666666665,148.5,127.872,142.08,4710.720628096084,2520.0,0
40,PALADIN,at-caps,ARMOR_PENETRATION,93.1535,4.657675,148.5,127.872,142.08,4710.720628096084,2520.0,0
40,PALADIN,at-caps,MAGIC_PENETRATION,93.1535,4.657675,148.5,127.872,142.08,4710.720628096084,2520.0,0
40,PALADIN,at-caps,MAX_RESOURCE,93.1535,186.307,148.5,127.872,142.08,4710.720628096084,2520.0,0
40,PALADIN,at-caps,BLOCK_CHANCE,93.1535,3.72614,148.5,127.872,142.08,4710.720628096084,2520.0,0
40,PALADIN,at-caps,BLOCK_VALUE,93.1535,62.102333333333334,148.5,127.872,142.08,6086.221470836856,2520.0,0
40,PALADIN,at-caps,WEAPON_DAMAGE,93.1535,18.6307,165.2625,127.872,142.08,4710.720628096084,2520.0,0
60,WARRIOR,ordinary,BASELINE,180.7135,0,85.1998034591195,39.072415094339625,68.95132075471697,2310.385708881006,2082.7740492170024,0
60,WARRIOR,ordinary,STRENGTH,180.7135,22.5891875,93.44487028301887,39.072415094339625,68.95132075471697,2318.6889818688983,2082.7740492170024,0
60,WARRIOR,ordinary,AGILITY,180.7135,18.07135,90.27848348735664,39.87511608680992,70.36785191789986,2360.834683554396,2082.7740492170024,0
60,WARRIOR,ordinary,INTELLECT,180.7135,20.07927777777778,85.1998034591195,46.588981132075475,82.08490566037736,2310.385708881006,2092.1348314606744,0
60,WARRIOR,ordinary,STAMINA,180.7135,15.059458333333334,85.1998034591195,39.072415094339625,68.95132075471697,2571.9883954736547,2329.025187265918,0
60,WARRIOR,ordinary,MAX_HP,180.7135,258.16214285714284,85.1998034591195,39.072415094339625,68.95132075471697,2758.847457325547,2487.0548098434006,0
60,WARRIOR,ordinary,ATTACK_POWER,180.7135,45.178375,93.44487028301887,39.072415094339625,68.95132075471697,2310.385708881006,2082.7740492170024,0
60,WARRIOR,ordinary,SPELL_POWER,180.7135,45.178375,85.1998034591195,47.44507547169811,83.8920754716981,2310.385708881006,2082.7740492170024,0
60,WARRIOR,ordinary,CRITICAL_CHANCE,180.7135,5.1632428571428575,88.9668193936433,40.79280761433962,71.98730755471698,2310.385708881006,2082.7740492170024,0
60,WARRIOR,ordinary,CRITICAL_DAMAGE,180.7135,12.047566666666667,86.66725628930817,39.776792452830186,70.12528301886792,2310.385708881006,2082.7740492170024,0
60,WARRIOR,ordinary,ACCURACY,180.7135,12.047566666666667,90.21155660377359,41.37079245283019,68.95132075471697,2310.385708881006,2082.7740492170024,0
60,WARRIOR,ordinary,ATTACK_SPEED,180.7135,7.22854,91.35850533208334,39.072415094339625,68.95132075471697,2310.385708881006,2082.7740492170024,0
60,WARRIOR,ordinary,ARMOR,180.7135,225.891875,85.1998034591195,39.072415094339625,68.95132075471697,2458.981264240194,2082.7740492170024,0
60,WARRIOR,ordinary,MAGIC_RESISTANCE,180.7135,150.59458333333333,85.1998034591195,39.072415094339625,68.95132075471697,2310.385708881006,2165.1162790697676,0
60,WARRIOR,ordinary,DODGE,180.7135,6.023783333333333,85.1998034591195,39.072415094339625,68.95132075471697,2475.7428067058363,2082.7740492170024,0
60,WARRIOR,ordinary,ARMOR_PENETRATION,180.7135,9.035675,87.9846894654088,39.072415094339625,68.95132075471697,2310.385708881006,2082.7740492170024,0
60,WARRIOR,ordinary,MAGIC_PENETRATION,180.7135,9.035675,85.1998034591195,40.268509433962265,68.95132075471697,2310.385708881006,2082.7740492170024,0
60,WARRIOR,ordinary,MAX_RESOURCE,180.7135,361.427,85.1998034591195,39.072415094339625,68.95132075471697,2310.385708881006,2082.7740492170024,0
60,WARRIOR,ordinary,BLOCK_CHANCE,180.7135,7.22854,85.1998034591195,39.072415094339625,68.95132075471697,2348.7651271871887,2082.7740492170024,0
60,WARRIOR,ordinary,BLOCK_VALUE,180.7135,120.47566666666667,85.1998034591195,39.072415094339625,68.95132075471697,2442.688913222985,2082.7740492170024,0
60,WARRIOR,ordinary,WEAPON_DAMAGE,180.7135,36.1427,95.16725628930817,39.072415094339625,68.95132075471697,2310.385708881006,2082.7740492170024,0
60,WARRIOR,near-caps,BASELINE,180.7135,0,264.4827833333333,81.76608,92.904,6110.070525046039,3255.244755244755,0
60,WARRIOR,near-caps,STRENGTH,180.7135,22.5891875,289.6303266666667,81.76608,92.904,6237.329377888366,3255.244755244755,0
60,WARRIOR,near-caps,AGILITY,180.7135,18.07135,278.0389666666667,82.8056,94.08,6291.031896347776,3255.244755244755,0
60,WARRIOR,near-caps,INTELLECT,180.7135,20.07927777777778,264.4827833333333,97.51552,110.6,6110.070525046039,3266.6666666666665,0
60,WARRIOR,near-caps,STAMINA,180.7135,15.059458333333334,264.4827833333333,81.76608,92.904,6801.907761780317,3636.548099415205,0
60,WARRIOR,near-caps,MAX_HP,180.7135,258.16214285714284,264.4827833333333,81.76608,92.904,7296.077216590515,3887.11013986014,0
60,WARRIOR,near-caps,ATTACK_POWER,180.7135,45.178375,289.6303266666667,81.76608,92.904,6110.070525046039,3255.244755244755,0
60,WARRIOR,near-caps,SPELL_POWER,180.7135,45.178375,264.4827833333333,99.55896,112.896,6110.070525046039,3255.244755244755,0
60,WARRIOR,near-caps,CRITICAL_CHANCE,180.7135,5.1632428571428575,267.8306666666667,82.8056,94.08,6110.070525046039,3255.244755244755,0
60,WARRIOR,near-caps,CRITICAL_DAMAGE,180.7135,12.047566666666667,276.26074666666665,85.27624,96.848,6110.070525046039,3255.244755244755,0
60,WARRIOR,near-caps,ACCURACY,180.7135,12.047566666666667,267.4545,82.6848,92.904,6110.070525046039,3255.244755244755,0
60,WARRIOR,near-caps,ATTACK_SPEED,180.7135,7.22854,268.056875,81.76608,92.904,6110.070525046039,3255.244755244755,0
60,WARRIOR,near-caps,ARMOR,180.7135,225.891875,264.4827833333333,81.76608,92.904,6275.640135516079,3255.244755244755,0
60,WARRIOR,near-caps,MAGIC_RESISTANCE,180.7135,150.59458333333333,264.4827833333333,81.76608,92.904,6110.070525046039,3325,0
60,WARRIOR,near-caps,DODGE,180.7135,6.023783333333333,264.4827833333333,81.76608,92.904,6298.072695047455,3255.244755244755,0
60,WARRIOR,near-caps,ARMOR_PENETRATION,180.7135,9.035675,267.0842533333333,81.76608,92.904,6110.070525046039,3255.244755244755,0
60,WARRIOR,near-caps,MAGIC_PENETRATION,180.7135,9.035675,264.4827833333333,82.68456,92.904,6110.070525046039,3255.244755244755,0
60,WARRIOR,near-caps,MAX_RESOURCE,180.7135,361.427,264.4827833333333,81.76608,92.904,6110.070525046039,3255.244755244755,0
60,WARRIOR,near-caps,BLOCK_CHANCE,180.7135,7.22854,264.4827833333333,81.76608,92.904,6164.828033744322,3255.244755244755,0
60,WARRIOR,near-caps,BLOCK_VALUE,180.7135,120.47566666666667,264.4827833333333,81.76608,92.904,8837.142195408103,3255.244755244755,0
60,WARRIOR,near-caps,WEAPON_DAMAGE,180.7135,36.1427,295.3821,81.76608,92.904,6110.070525046039,3255.244755244755,0
60,WARRIOR,at-caps,BASELINE,180.7135,0,277.2,84.672,94.08,6528.293948530959,3325,0
60,WARRIOR,at-caps,STRENGTH,180.7135,22.5891875,303.6375,84.672,94.08,6674.313570865295,3325,0
60,WARRIOR,at-caps,AGILITY,180.7135,18.07135,287.6625,84.672,94.08,6528.293948530959,3325,0
60,WARRIOR,at-caps,INTELLECT,180.7135,20.07927777777778,277.2,100.8,112.0,6528.293948530959,3325,0
60,WARRIOR,at-caps,STAMINA,180.7135,15.059458333333334,277.2,84.672,94.08,7267.486209475726,3701.4864583333333,0
60,WARRIOR,at-caps,MAX_HP,180.7135,258.16214285714284,277.2,84.672,94.08,7795.480681579132,3970.405357142857,0
60,WARRIOR,at-caps,ATTACK_POWER,180.7135,45.178375,303.6375,84.672,94.08,6528.293948530959,3325,0
60,WARRIOR,at-caps,SPELL_POWER,180.7135,45.178375,277.2,102.888,114.32,6528.293948530959,3325,0
60,WARRIOR,at-caps,CRITICAL_CHANCE,180.7135,5.1632428571428575,277.2,84.672,94.08,6528.293948530959,3325,0
60,WARRIOR,at-caps,CRITICAL_DAMAGE,180.7135,12.047566666666667,289.6875,88.344,98.16,6528.293948530959,3325,0
60,WARRIOR,at-caps,ACCURACY,180.7135,12.047566666666667,277.2,84.672,94.08,6528.293948530959,3325,0
60,WARRIOR,at-caps,ATTACK_SPEED,180.7135,7.22854,277.2,84.672,94.08,6528.293948530959,3325,0
60,WARRIOR,at-caps,ARMOR,180.7135,225.891875,277.2,84.672,94.08,6528.293948530959,3325,0
60,WARRIOR,at-caps,MAGIC_RESISTANCE,180.7135,150.59458333333333,277.2,84.672,94.08,6528.293948530959,3325,0
60,WARRIOR,at-caps,DODGE,180.7135,6.023783333333333,277.2,84.672,94.08,6528.293948530959,3325,0
60,WARRIOR,at-caps,ARMOR_PENETRATION,180.7135,9.035675,277.2,84.672,94.08,6528.293948530959,3325,0
60,WARRIOR,at-caps,MAGIC_PENETRATION,180.7135,9.035675,277.2,84.672,94.08,6528.293948530959,3325,0
60,WARRIOR,at-caps,MAX_RESOURCE,180.7135,361.427,277.2,84.672,94.08,6528.293948530959,3325,0
60,WARRIOR,at-caps,BLOCK_CHANCE,180.7135,7.22854,277.2,84.672,94.08,6528.293948530959,3325,0
60,WARRIOR,at-caps,BLOCK_VALUE,180.7135,120.47566666666667,277.2,84.672,94.08,9756.864389016977,3325,0
60,WARRIOR,at-caps,WEAPON_DAMAGE,180.7135,36.1427,309.6,84.672,94.08,6528.293948530959,3325,0
60,ARCHER,ordinary,BASELINE,180.7135,0,68.22662996545769,55.40247150259067,97.99450777202073,2413.8727243239973,2049.5495495495497,27.71
60,ARCHER,ordinary,STRENGTH,180.7135,22.5891875,77.2676975388601,55.40247150259067,97.99450777202073,2413.8727243239973,2049.5495495495497,31.6625
60,ARCHER,ordinary,AGILITY,180.7135,18.07135,72.4254810537844,55.902768471830534,98.87043298912432,2441.911235535831,2049.5495495495497,29.24
60,ARCHER,ordinary,INTELLECT,180.7135,20.07927777777778,68.22662996545769,63.6429792746114,112.45295336787565,2413.8727243239973,2058.823529411765,27.71
60,ARCHER,ordinary,STAMINA,180.7135,15.059458333333334,68.22662996545769,55.40247150259067,97.99450777202073,2693.500537508052,2297.321738310709,27.71
60,ARCHER,ordinary,MAX_HP,180.7135,258.16214285714284,68.22662996545769,55.40247150259067,97.99450777202073,2893.2346897823763,2456.561936936937,27.71
60,ARCHER,ordinary,ATTACK_POWER,180.7135,45.178375,77.2676975388601,55.40247150259067,97.99450777202073,2413.8727243239973,2049.5495495495497,31.6625
60,ARCHER,ordinary,SPELL_POWER,180.7135,45.178375,68.22662996545769,64.61973056994819,114.11844559585492,2413.8727243239973,2049.5495495495497,27.71
60,ARCHER,ordinary,CRITICAL_CHANCE,180.7135,5.1632428571428575,70.96960273331483,57.63195976830496,101.89791937202072,2413.8727243239973,2049.5495495495497,27.71
60,ARCHER,ordinary,CRITICAL_DAMAGE,180.7135,12.047566666666667,70.08132556131261,56.88622797927461,100.67108808290155,2413.8727243239973,2049.5495495495497,27.71
60,ARCHER,ordinary,ACCURACY,180.7135,12.047566666666667,72.23996113989638,58.66144041450777,97.99450777202073,2413.8727243239973,2049.5495495495497,27.71
60,ARCHER,ordinary,ATTACK_SPEED,180.7135,7.22854,73.15841920316278,55.40247150259067,97.99450777202073,2413.8727243239973,2049.5495495495497,27.71
60,ARCHER,ordinary,ARMOR,180.7135,225.891875,68.22662996545769,55.40247150259067,97.99450777202073,2561.9967324075155,2049.5495495495497,27.71
60,ARCHER,ordinary,MAGIC_RESISTANCE,180.7135,150.59458333333333,68.22662996545769,55.40247150259067,97.99450777202073,2413.8727243239973,2131.1475409836066,27.71
60,ARCHER,ordinary,DODGE,180.7135,6.023783333333333,68.22662996545769,55.40247150259067,97.99450777202073,2608.5224407987976,2049.5495495495497,27.71
60,ARCHER,ordinary,ARMOR_PENETRATION,180.7135,9.035675,70.40961787564767,55.40247150259067,97.99450777202073,2413.8727243239973,2049.5495495495497,27.71
60,ARCHER,ordinary,MAGIC_PENETRATION,180.7135,9.035675,68.22662996545769,57.15813989637306,97.99450777202073,2413.8727243239973,2049.5495495495497,27.71
60,ARCHER,ordinary,MAX_RESOURCE,180.7135,361.427,68.22662996545769,55.40247150259067,97.99450777202073,2413.8727243239973,2049.5495495495497,27.71
60,ARCHER,ordinary,BLOCK_CHANCE,180.7135,7.22854,68.22662996545769,55.40247150259067,97.99450777202073,2413.8727243239973,2049.5495495495497,27.71
60,ARCHER,ordinary,BLOCK_VALUE,180.7135,120.47566666666667,68.22662996545769,55.40247150259067,97.99450777202073,2413.8727243239973,2049.5495495495497,27.71
60,ARCHER,ordinary,WEAPON_DAMAGE,180.7135,36.1427,79.19955742659758,55.40247150259067,97.99450777202073,2413.8727243239973,2049.5495495495497,27.71
60,ARCHER,near-caps,BASELINE,180.7135,0,192.50878,105.53976,119.848,4748.98236092266,3181.818181818182,27.71
60,ARCHER,near-caps,STRENGTH,180.7135,22.5891875,217.65632333333335,105.53976,119.848,4748.98236092266,3181.818181818182,31.6625
60,ARCHER,near-caps,AGILITY,180.7135,18.07135,204.0779730542369,106.31108398879657,120.7239252171036,4815.603357790022,3181.818181818182,29.24
60,ARCHER,near-caps,INTELLECT,180.7135,20.07927777777778,192.50878,121.2892,137.544,4748.98236092266,3192.9824561403507,27.71
60,ARCHER,near-caps,STAMINA,180.7135,15.059458333333334,192.50878,105.53976,119.848,5299.113914692273,3562.863888888889,27.71
60,ARCHER,near-caps,MAX_HP,180.7135,258.16214285714284,192.50878,105.53976,119.848,5692.065024527711,3813.6835664335663,27.71
60,ARCHER,near-caps,ATTACK_POWER,180.7135,45.178375,217.65632333333335,105.53976,119.848,4748.98236092266,3181.818181818182,31.6625
60,ARCHER,near-caps,SPELL_POWER,180.7135,45.178375,192.50878,123.18312,139.672,4748.98236092266,3181.818181818182,27.71
60,ARCHER,near-caps,CRITICAL_CHANCE,180.7135,5.1632428571428575,194.9456,106.8712,121.36,4748.98236092266,3181.818181818182,27.71
60,ARCHER,near-caps,CRITICAL_DAMAGE,180.7135,12.047566666666667,200.78518666666668,110.2888,125.184,4748.98236092266,3181.818181818182,27.71
60,ARCHER,near-caps,ACCURACY,180.7135,12.047566666666667,194.6718,106.7256,119.848,4748.98236092266,3181.818181818182,27.71
60,ARCHER,near-caps,ATTACK_SPEED,180.7135,7.22854,195.11025,105.53976,119.848,4748.98236092266,3181.818181818182,27.71
60,ARCHER,near-caps,ARMOR,180.7135,225.891875,192.50878,105.53976,119.848,4850.746268656716,3181.818181818182,27.71
60,ARCHER,near-caps,MAGIC_RESISTANCE,180.7135,150.59458333333333,192.50878,105.53976,119.848,4748.98236092266,3250,27.71
60,ARCHER,near-caps,DODGE,180.7135,6.023783333333333,192.50878,105.53976,119.848,4895.104895104895,3181.818181818182,27.71
60,ARCHER,near-caps,ARMOR_PENETRATION,180.7135,9.035675,194.24309333333332,105.53976,119.848,4748.98236092266,3181.818181818182,27.71
60,ARCHER,near-caps,MAGIC_PENETRATION,180.7135,9.035675,192.50878,106.66472,119.848,4748.98236092266,3181.818181818182,27.71
60,ARCHER,near-caps,MAX_RESOURCE,180.7135,361.427,192.50878,105.53976,119.848,4748.98236092266,3181.818181818182,27.71
60,ARCHER,near-caps,BLOCK_CHANCE,180.7135,7.22854,192.50878,105.53976,119.848,4748.98236092266,3181.818181818182,27.71
60,ARCHER,near-caps,BLOCK_VALUE,180.7135,120.47566666666667,192.50878,105.53976,119.848,4748.98236092266,3181.818181818182,27.71
60,ARCHER,near-caps,WEAPON_DAMAGE,180.7135,36.1427,223.40809666666667,105.53976,119.848,4748.98236092266,3181.818181818182,27.71
60,ARCHER,at-caps,BASELINE,180.7135,0,201.6,109.224,121.36,5000,3250,27.71
60,ARCHER,at-caps,STRENGTH,180.7135,22.5891875,228.0375,109.224,121.36,5000,3250,31.6625
60,ARCHER,at-caps,AGILITY,180.7135,18.07135,212.4,109.224,121.36,5000,3250,29.24
60,ARCHER,at-caps,INTELLECT,180.7135,20.07927777777778,201.6,125.352,139.28,5000,3250,27.71
60,ARCHER,at-caps,STAMINA,180.7135,15.059458333333334,201.6,109.224,121.36,5579.209935897436,3626.4864583333333,27.71
60,ARCHER,at-caps,MAX_HP,180.7135,258.16214285714284,201.6,109.224,121.36,5992.931318681319,3895.405357142857,27.71
60,ARCHER,at-caps,ATTACK_POWER,180.7135,45.178375,228.0375,109.224,121.36,5000,3250,31.6625
60,ARCHER,at-caps,SPELL_POWER,180.7135,45.178375,201.6,127.296,141.44,5000,3250,27.71
60,ARCHER,at-caps,CRITICAL_CHANCE,180.7135,5.1632428571428575,201.6,109.224,121.36,5000,3250,27.71
60,ARCHER,at-caps,CRITICAL_DAMAGE,180.7135,12.047566666666667,210.7125,114.192,126.88,5000,3250,27.71
60,ARCHER,at-caps,ACCURACY,180.7135,12.047566666666667,201.6,109.224,121.36,5000,3250,27.71
60,ARCHER,at-caps,ATTACK_SPEED,180.7135,7.22854,201.6,109.224,121.36,5000,3250,27.71
60,ARCHER,at-caps,ARMOR,180.7135,225.891875,201.6,109.224,121.36,5000,3250,27.71
60,ARCHER,at-caps,MAGIC_RESISTANCE,180.7135,150.59458333333333,201.6,109.224,121.36,5000,3250,27.71
60,ARCHER,at-caps,DODGE,180.7135,6.023783333333333,201.6,109.224,121.36,5000,3250,27.71
60,ARCHER,at-caps,ARMOR_PENETRATION,180.7135,9.035675,201.6,109.224,121.36,5000,3250,27.71
60,ARCHER,at-caps,MAGIC_PENETRATION,180.7135,9.035675,201.6,109.224,121.36,5000,3250,27.71
60,ARCHER,at-caps,MAX_RESOURCE,180.7135,361.427,201.6,109.224,121.36,5000,3250,27.71
60,ARCHER,at-caps,BLOCK_CHANCE,180.7135,7.22854,201.6,109.224,121.36,5000,3250,27.71
60,ARCHER,at-caps,BLOCK_VALUE,180.7135,120.47566666666667,201.6,109.224,121.36,5000,3250,27.71
60,ARCHER,at-caps,WEAPON_DAMAGE,180.7135,36.1427,234.0,109.224,121.36,5000,3250,27.71
60,MAGE,ordinary,BASELINE,180.7135,0,39.40640782828283,96.36733333333333,170.06,2141.25576649469,2100,0
60,MAGE,ordinary,STRENGTH,180.7135,22.5891875,47.34832702020202,96.36733333333333,170.06,2141.25576649469,2100,0
60,MAGE,ordinary,AGILITY,180.7135,18.07135,43.540873342344646,98.36407544013244,173.58366254141018,2188.301751304787,2100,0
60,MAGE,ordinary,INTELLECT,180.7135,20.07927777777778,39.40640782828283,103.93336363636364,183.2460606060606,2141.25576649469,2109.8130841121497,0
60,MAGE,ordinary,STAMINA,180.7135,15.059458333333334,39.40640782828283,96.36733333333333,170.06,2391.2259370104766,2350.620532245532,0
60,MAGE,ordinary,MAX_HP,180.7135,258.16214285714284,39.40640782828283,96.36733333333333,170.06,2569.7760588074675,2520.263953488372,0
60,MAGE,ordinary,ATTACK_POWER,180.7135,45.178375,47.34832702020202,96.36733333333333,170.06,2141.25576649469,2100,0
60,MAGE,ordinary,SPELL_POWER,180.7135,45.178375,39.40640782828283,104.72978787878787,185.05151515151516,2141.25576649469,2100,0
60,MAGE,ordinary,CRITICAL_CHANCE,180.7135,5.1632428571428575,41.143623914592354,100.61564955619048,177.55702862857143,2141.25576649469,2100,0
60,MAGE,ordinary,CRITICAL_DAMAGE,180.7135,12.047566666666667,40.07342171717172,98.05548484848485,173.07333333333332,2141.25576649469,2100,0
60,MAGE,ordinary,ACCURACY,180.7135,12.047566666666667,41.72443181818182,102.036,170.06,2141.25576649469,2100,0
60,MAGE,ordinary,ATTACK_SPEED,180.7135,7.22854,42.25491578071338,96.36733333333333,170.06,2141.25576649469,2100,0
60,MAGE,ordinary,ARMOR,180.7135,225.891875,39.40640782828283,96.36733333333333,170.06,2272.6510067114095,2100,0
60,MAGE,ordinary,MAGIC_RESISTANCE,180.7135,150.59458333333333,39.40640782828283,96.36733333333333,170.06,2141.25576649469,2181.159420289855,0
60,MAGE,ordinary,DODGE,180.7135,6.023783333333333,39.40640782828283,96.36733333333333,170.06,2294.3000954651693,2100,0
60,MAGE,ordinary,ARMOR_PENETRATION,180.7135,9.035675,40.59018308080808,96.36733333333333,170.06,2141.25576649469,2100,0
60,MAGE,ordinary,MAGIC_PENETRATION,180.7135,9.035675,39.40640782828283,99.49481818181818,170.06,2141.25576649469,2100,0
60,MAGE,ordinary,MAX_RESOURCE,180.7135,361.427,39.40640782828283,96.36733333333333,170.06,2141.25576649469,2100,0
60,MAGE,ordinary,BLOCK_CHANCE,180.7135,7.22854,39.40640782828283,96.36733333333333,170.06,2141.25576649469,2100,0
60,MAGE,ordinary,BLOCK_VALUE,180.7135,120.47566666666667,39.40640782828283,96.36733333333333,170.06,2141.25576649469,2100,0
60,MAGE,ordinary,WEAPON_DAMAGE,180.7135,36.1427,49.36171085858586,96.36733333333333,170.06,2141.25576649469,2100,0
60,MAGE,near-caps,BASELINE,180.7135,0,122.26909,202.28632,229.416,4712.451727377101,3157.3426573426573,0
60,MAGE,near-caps,STRENGTH,180.7135,22.5891875,147.41663333333332,202.28632,229.416,4712.451727377101,3157.3426573426573,0
60,MAGE,near-caps,AGILITY,180.7135,18.07135,133.80556666666666,204.8424,232.32,4853.075893628484,3157.3426573426573,0
60,MAGE,near-caps,INTELLECT,180.7135,20.07927777777778,122.26909,217.88624,247.344,4712.451727377101,3168.4210526315787,0
60,MAGE,near-caps,STAMINA,180.7135,15.059458333333334,122.26909,202.28632,229.416,5262.583281146714,3538.302485380117,0
60,MAGE,near-caps,MAX_HP,180.7135,258.16214285714284,122.26909,202.28632,229.416,5655.534390982152,3789.208041958042,0
60,MAGE,near-caps,ATTACK_POWER,180.7135,45.178375,147.41663333333332,202.28632,229.416,4712.451727377101,3157.3426573426573,0
60,MAGE,near-caps,SPELL_POWER,180.7135,45.178375,122.26909,219.92968,249.64,4712.451727377101,3157.3426573426573,0
60,MAGE,near-caps,CRITICAL_CHANCE,180.7135,5.1632428571428575,123.8168,204.8424,232.32,4712.451727377101,3157.3426573426573,0
60,MAGE,near-caps,CRITICAL_DAMAGE,180.7135,12.047566666666667,127.68058666666667,211.37144,239.624,4712.451727377101,3157.3426573426573,0
60,MAGE,near-caps,ACCURACY,180.7135,12.047566666666667,123.6429,204.5592,229.416,4712.451727377101,3157.3426573426573,0
60,MAGE,near-caps,ATTACK_SPEED,180.7135,7.22854,123.921375,202.28632,229.416,4712.451727377101,3157.3426573426573,0
60,MAGE,near-caps,ARMOR,180.7135,225.891875,122.26909,202.28632,229.416,4813.432835820896,3157.3426573426573,0
60,MAGE,near-caps,MAGIC_RESISTANCE,180.7135,150.59458333333333,122.26909,202.28632,229.416,4712.451727377101,3225,0
60,MAGE,near-caps,DODGE,180.7135,6.023783333333333,122.26909,202.28632,229.416,4857.450242065626,3157.3426573426573,0
60,MAGE,near-caps,ARMOR_PENETRATION,180.7135,9.035675,123.13624666666666,202.28632,229.416,4712.451727377101,3157.3426573426573,0
60,MAGE,near-caps,MAGIC_PENETRATION,180.7135,9.035675,122.26909,204.18024,229.416,4712.451727377101,3157.3426573426573,0
60,MAGE,near-caps,MAX_RESOURCE,180.7135,361.427,122.26909,202.28632,229.416,4712.451727377101,3157.3426573426573,0
60,MAGE,near-caps,BLOCK_CHANCE,180.7135,7.22854,122.26909,202.28632,229.416,4712.451727377101,3157.3426573426573,0
60,MAGE,near-caps,BLOCK_VALUE,180.7135,120.47566666666667,122.26909,202.28632,229.416,4712.451727377101,3157.3426573426573,0
60,MAGE,near-caps,WEAPON_DAMAGE,180.7135,36.1427,153.16840666666667,202.28632,229.416,4712.451727377101,3157.3426573426573,0
60,MAGE,at-caps,BASELINE,180.7135,0,127.8,209.088,232.32,4961.538461538462,3225,0
60,MAGE,at-caps,STRENGTH,180.7135,22.5891875,154.4625,209.088,232.32,4961.538461538462,3225,0
60,MAGE,at-caps,AGILITY,180.7135,18.07135,138.6,209.088,232.32,4961.538461538462,3225,0
60,MAGE,at-caps,INTELLECT,180.7135,20.07927777777778,127.8,225.432,250.48,4961.538461538462,3225,0
60,MAGE,at-caps,STAMINA,180.7135,15.059458333333334,127.8,209.088,232.32,5540.7483974358975,3601.4864583333333,0
60,MAGE,at-caps,MAX_HP,180.7135,258.16214285714284,127.8,209.088,232.32,5954.469780219781,3870.405357142857,0
60,MAGE,at-caps,ATTACK_POWER,180.7135,45.178375,154.4625,209.088,232.32,4961.538461538462,3225,0
60,MAGE,at-caps,SPELL_POWER,180.7135,45.178375,127.8,227.52,252.8,4961.538461538462,3225,0
60,MAGE,at-caps,CRITICAL_CHANCE,180.7135,5.1632428571428575,127.8,209.088,232.32,4961.538461538462,3225,0
60,MAGE,at-caps,CRITICAL_DAMAGE,180.7135,12.047566666666667,133.875,218.592,242.88,4961.538461538462,3225,0
60,MAGE,at-caps,ACCURACY,180.7135,12.047566666666667,127.8,209.088,232.32,4961.538461538462,3225,0
60,MAGE,at-caps,ATTACK_SPEED,180.7135,7.22854,127.8,209.088,232.32,4961.538461538462,3225,0
60,MAGE,at-caps,ARMOR,180.7135,225.891875,127.8,209.088,232.32,4961.538461538462,3225,0
60,MAGE,at-caps,MAGIC_RESISTANCE,180.7135,150.59458333333333,127.8,209.088,232.32,4961.538461538462,3225,0
60,MAGE,at-caps,DODGE,180.7135,6.023783333333333,127.8,209.088,232.32,4961.538461538462,3225,0
60,MAGE,at-caps,ARMOR_PENETRATION,180.7135,9.035675,127.8,209.088,232.32,4961.538461538462,3225,0
60,MAGE,at-caps,MAGIC_PENETRATION,180.7135,9.035675,127.8,209.088,232.32,4961.538461538462,3225,0
60,MAGE,at-caps,MAX_RESOURCE,180.7135,361.427,127.8,209.088,232.32,4961.538461538462,3225,0
60,MAGE,at-caps,BLOCK_CHANCE,180.7135,7.22854,127.8,209.088,232.32,4961.538461538462,3225,0
60,MAGE,at-caps,BLOCK_VALUE,180.7135,120.47566666666667,127.8,209.088,232.32,4961.538461538462,3225,0
60,MAGE,at-caps,WEAPON_DAMAGE,180.7135,36.1427,160.5375,209.088,232.32,4961.538461538462,3225,0
60,PALADIN,ordinary,BASELINE,180.7135,0,62.304904708520176,71.85292906644925,127.02775377089279,2431.0201814228253,2330.114942528736,0
60,PALADIN,ordinary,STRENGTH,180.7135,22.5891875,70.34604013792635,71.85292906644925,127.02775377089279,2439.6907839423898,2330.114942528736,0
60,PALADIN,ordinary,AGILITY,180.7135,18.07135,67.14642032889112,73.61237191611768,130.13824733024302,2491.214156242177,2330.114942528736,0
60,PALADIN,ordinary,INTELLECT,180.7135,20.07927777777778,62.304904708520176,79.23241907867917,139.82191602119852,2431.0201814228253,2340.877598152425,0
60,PALADIN,ordinary,STAMINA,180.7135,15.059458333333334,62.304904708520176,71.85292906644925,127.02775377089279,2683.8506174009294,2584.3330446497307,0
60,PALADIN,ordinary,MAX_HP,180.7135,258.16214285714284,62.304904708520176,71.85292906644925,127.02775377089279,2864.4437859567183,2745.5482758620687,0
60,PALADIN,ordinary,ATTACK_POWER,180.7135,45.178375,70.34604013792635,71.85292906644925,127.02775377089279,2431.0201814228253,2330.114942528736,0
60,PALADIN,ordinary,SPELL_POWER,180.7135,45.178375,62.304904708520176,80.05760171218915,141.24965348552792,2431.0201814228253,2330.114942528736,0
60,PALADIN,ordinary,CRITICAL_CHANCE,180.7135,5.1632428571428575,65.12102341685352,75.1006088235921,132.76927982803565,2431.0201814228253,2330.114942528736,0
60,PALADIN,ordinary,CRITICAL_DAMAGE,180.7135,12.047566666666667,63.262706804593016,72.96599592335915,128.90658785161028,2431.0201814228253,2330.114942528736,0
60,PALADIN,ordinary,ACCURACY,180.7135,12.047566666666667,65.96989910313901,76.07957195271096,127.02775377089279,2431.0201814228253,2330.114942528736,0
60,PALADIN,ordinary,ATTACK_SPEED,180.7135,7.22854,66.80863966733745,71.85292906644925,127.02775377089279,2431.0201814228253,2330.114942528736,0
60,PALADIN,ordinary,ARMOR,180.7135,225.891875,62.304904708520176,71.85292906644925,127.02775377089279,2586.118349897344,2330.114942528736,0
60,PALADIN,ordinary,MAGIC_RESISTANCE,180.7135,150.59458333333333,62.304904708520176,71.85292906644925,127.02775377089279,2431.0201814228253,2419.09307875895,0
60,PALADIN,ordinary,DODGE,180.7135,6.023783333333333,62.304904708520176,71.85292906644925,127.02775377089279,2600.139593446944,2330.114942528736,0
60,PALADIN,ordinary,ARMOR_PENETRATION,180.7135,9.035675,64.32779122503058,71.85292906644925,127.02775377089279,2431.0201814228253,2330.114942528736,0
60,PALADIN,ordinary,MAGIC_PENETRATION,180.7135,9.035675,62.304904708520176,74.18329433346922,127.02775377089279,2431.0201814228253,2330.114942528736,0
60,PALADIN,ordinary,MAX_RESOURCE,180.7135,361.427,62.304904708520176,71.85292906644925,127.02775377089279,2431.0201814228253,2330.114942528736,0
60,PALADIN,ordinary,BLOCK_CHANCE,180.7135,7.22854,62.304904708520176,71.85292906644925,127.02775377089279,2464.2562968788047,2330.114942528736,0
60,PALADIN,ordinary,BLOCK_VALUE,180.7135,120.47566666666667,62.304904708520176,71.85292906644925,127.02775377089279,2567.9147951115815,2330.114942528736,0
60,PALADIN,ordinary,WEAPON_DAMAGE,180.7135,36.1427,72.01475998777008,71.85292906644925,127.02775377089279,2431.0201814228253,2330.114942528736,0
60,PALADIN,near-caps,BASELINE,180.7135,0,198.57887666666667,154.682,175.696,6375.740984893469,3544.055944055944,0
60,PALADIN,near-caps,STRENGTH,180.7135,22.5891875,223.72642,154.682,175.696,6502.905007288181,3544.055944055944,0
60,PALADIN,near-caps,AGILITY,180.7135,18.07135,211.30083333333334,156.64,177.92,6571.917630582499,3544.055944055944,0
60,PALADIN,near-caps,INTELLECT,180.7135,20.07927777777778,198.57887666666667,170.43144,193.392,6375.740984893469,3556.4912280701756,0
60,PALADIN,near-caps,STAMINA,180.7135,15.059458333333334,198.57887666666667,154.682,175.696,7038.829422090492,3926.3726608187135,0
60,PALADIN,near-caps,MAX_HP,180.7135,258.16214285714284,198.57887666666667,154.682,175.696,7512.464020088365,4175.921328671328,0
60,PALADIN,near-caps,ATTACK_POWER,180.7135,45.178375,223.72642,154.682,175.696,6375.740984893469,3544.055944055944,0
60,PALADIN,near-caps,SPELL_POWER,180.7135,45.178375,198.57887666666667,172.32536,195.52,6375.740984893469,3544.055944055944,0
60,PALADIN,near-caps,CRITICAL_CHANCE,180.7135,5.1632428571428575,201.09253333333334,156.64,177.92,6375.740984893469,3544.055944055944,0
60,PALADIN,near-caps,CRITICAL_DAMAGE,180.7135,12.047566666666667,207.17360666666667,161.49584,183.352,6375.740984893469,3544.055944055944,0
60,PALADIN,near-caps,ACCURACY,180.7135,12.047566666666667,200.8101,156.42,175.696,6375.740984893469,3544.055944055944,0
60,PALADIN,near-caps,ATTACK_SPEED,180.7135,7.22854,201.262375,154.682,175.696,6375.740984893469,3544.055944055944,0
60,PALADIN,near-caps,ARMOR,180.7135,225.891875,198.57887666666667,154.682,175.696,6541.144158143905,3544.055944055944,0
60,PALADIN,near-caps,MAGIC_RESISTANCE,180.7135,150.59458333333333,198.57887666666667,154.682,175.696,6375.740984893469,3620.0,0
60,PALADIN,near-caps,DODGE,180.7135,6.023783333333333,198.57887666666667,154.682,175.696,6571.917630582499,3544.055944055944,0
60,PALADIN,near-caps,ARMOR_PENETRATION,180.7135,9.035675,200.31319,154.682,175.696,6375.740984893469,3544.055944055944,0
60,PALADIN,near-caps,MAGIC_PENETRATION,180.7135,9.035675,198.57887666666667,156.36944,175.696,6375.740984893469,3544.055944055944,0
60,PALADIN,near-caps,MAX_RESOURCE,180.7135,361.427,198.57887666666667,154.682,175.696,6375.740984893469,3544.055944055944,0
60,PALADIN,near-caps,BLOCK_CHANCE,180.7135,7.22854,198.57887666666667,154.682,175.696,6421.204672731419,3544.055944055944,0
60,PALADIN,near-caps,BLOCK_VALUE,180.7135,120.47566666666667,198.57887666666667,154.682,175.696,9022.160191409366,3544.055944055944,0
60,PALADIN,near-caps,WEAPON_DAMAGE,180.7135,36.1427,229.47819333333334,154.682,175.696,6375.740984893469,3544.055944055944,0
60,PALADIN,at-caps,BASELINE,180.7135,0,207.9,160.128,177.92,6791.744840525328,3620.0,0
60,PALADIN,at-caps,STRENGTH,180.7135,22.5891875,234.5625,160.128,177.92,6936.764303312346,3620.0,0
60,PALADIN,at-caps,AGILITY,180.7135,18.07135,218.7,160.128,177.92,6791.744840525328,3620.0,0
60,PALADIN,at-caps,INTELLECT,180.7135,20.07927777777778,207.9,176.256,195.84,6791.744840525328,3620.0,0
60,PALADIN,at-caps,STAMINA,180.7135,15.059458333333334,207.9,160.128,177.92,7498.098420888055,3996.4864583333333,0
60,PALADIN,at-caps,MAX_HP,180.7135,258.16214285714284,207.9,160.128,177.92,8002.636692575717,4265.405357142857,0
60,PALADIN,at-caps,ATTACK_POWER,180.7135,45.178375,234.5625,160.128,177.92,6791.744840525328,3620.0,0
60,PALADIN,at-caps,SPELL_POWER,180.7135,45.178375,207.9,178.2,198.0,6791.744840525328,3620.0,0
60,PALADIN,at-caps,CRITICAL_CHANCE,180.7135,5.1632428571428575,207.9,160.128,177.92,6791.744840525328,3620.0,0
60,PALADIN,at-caps,CRITICAL_DAMAGE,180.7135,12.047566666666667,217.35,167.256,185.84,6791.744840525328,3620.0,0
60,PALADIN,at-caps,ACCURACY,180.7135,12.047566666666667,207.9,160.128,177.92,6791.744840525328,3620.0,0
60,PALADIN,at-caps,ATTACK_SPEED,180.7135,7.22854,207.9,160.128,177.92,6791.744840525328,3620.0,0
60,PALADIN,at-caps,ARMOR,180.7135,225.891875,207.9,160.128,177.92,6791.744840525328,3620.0,0
60,PALADIN,at-caps,MAGIC_RESISTANCE,180.7135,150.59458333333333,207.9,160.128,177.92,6791.744840525328,3620.0,0
60,PALADIN,at-caps,DODGE,180.7135,6.023783333333333,207.9,160.128,177.92,6791.744840525328,3620.0,0
60,PALADIN,at-caps,ARMOR_PENETRATION,180.7135,9.035675,207.9,160.128,177.92,6791.744840525328,3620.0,0
60,PALADIN,at-caps,MAGIC_PENETRATION,180.7135,9.035675,207.9,160.128,177.92,6791.744840525328,3620.0,0
60,PALADIN,at-caps,MAX_RESOURCE,180.7135,361.427,207.9,160.128,177.92,6791.744840525328,3620.0,0
60,PALADIN,at-caps,BLOCK_CHANCE,180.7135,7.22854,207.9,160.128,177.92,6791.744840525328,3620.0,0
60,PALADIN,at-caps,BLOCK_VALUE,180.7135,120.47566666666667,207.9,160.128,177.92,9894.5724326435,3620.0,0
60,PALADIN,at-caps,WEAPON_DAMAGE,180.7135,36.1427,240.6375,160.128,177.92,6791.744840525328,3620.0,0
