"ContentType","Id","Name","Rarity","Slot","ArtKey","Status","AssetPath","Source","Cell"
"EnemyPortrait","","алебардщик бастиона","","","","NO_EXACT_RUNTIME_MONSTER","","Враги/Враги Цитадели Затмения/алебардщик бастиона.png",""
"EnemyPortrait","","жрец угасшего света","","","","NO_EXACT_RUNTIME_MONSTER","","Враги/Враги Цитадели Затмения/жрец угасшего света.png",""
"EnemyPortrait","","каменный страж","","","","NO_EXACT_RUNTIME_MONSTER","","Враги/Враги Древней шахты/каменный страж.png",""
"EnemyPortrait","","кузнец Умбры","","","","NO_EXACT_RUNTIME_MONSTER","","Враги/Враги Цитадели Затмения/кузнец Умбры.png",""
"EnemyPortrait","","наместник цитадели","","","","NO_EXACT_RUNTIME_MONSTER","","Враги/Враги Цитадели Затмения/наместник цитадели.png",""
"EnemyPortrait","","паучий ловец","","","","NO_EXACT_RUNTIME_MONSTER","","Враги/Враги Древней шахты/паучий ловец.png",""
"EnemyPortrait","","рудничный надзиратель","","","","NO_EXACT_RUNTIME_MONSTER","","Враги/Враги Древней шахты/рудничный надзиратель.png",""
"EnemyPortrait","","рунный страж","","","","NO_EXACT_RUNTIME_MONSTER","","Враги/Враги Древней шахты/рунный страж.png",""
"EnemyPortrait","","солдат затмения","","","","NO_EXACT_RUNTIME_MONSTER","","Враги/Враги Цитадели Затмения/солдат затмения.png",""
"EnemyPortrait","","страж нижних врат","","","","NO_EXACT_RUNTIME_MONSTER","","Враги/Враги Древней шахты/страж нижних врат.png",""
"EnemyPortrait","","сумеречный капитан","","","","NO_EXACT_RUNTIME_MONSTER","","Враги/Враги Цитадели Затмения/сумеречный капитан.png",""
"EnemyPortrait","","сумеречный лучник","","","","NO_EXACT_RUNTIME_MONSTER","","Враги/Враги Цитадели Затмения/сумеречный лучник.png",""
"EnemyPortrait","","часовой внутренних врат","","","","NO_EXACT_RUNTIME_MONSTER","","Враги/Враги Цитадели Затмения/часовой внутренних врат.png",""
"EnemyPortrait","","шахтный дозорный","","","","NO_EXACT_RUNTIME_MONSTER","","Враги/Враги Древней шахты/шахтный дозорный.png",""
"EnemyPortrait","","шахтный паук","","","","NO_EXACT_RUNTIME_MONSTER","","Враги/Враги Древней шахты/шахтный паук.png",""
"EnemyPortrait","","ядовитый пещерный паук","","","","NO_EXACT_RUNTIME_MONSTER","","Враги/Враги Древней шахты/ядовитый пещерный паук.png",""
"Item","ACC_COMMON_2_AMULET","Амулет — Пыльная дорога","Common","Amulet","acc_common_2_amulet","DIRECT_ASSET","web/elyndor-web/src/assets/items/acc_common_2_amulet.webp","",""
"Item","ACC_COMMON_2_CLOAK","Плащ — Пыльная дорога","Common","Cloak","acc_common_2_cloak","DIRECT_ASSET","web/elyndor-web/src/assets/items/acc_common_2_cloak.webp","",""
"Item","ACC_COMMON_2_RING","Кольцо — Пыльная дорога","Common","Ring1","acc_common_2_ring","DIRECT_ASSET","web/elyndor-web/src/assets/items/acc_common_2_ring.webp","",""
"Item","ACC_UNCOMMON_6_AMULET","Амулет — Старый тракт","Uncommon","Amulet","acc_uncommon_6_amulet","DIRECT_ASSET","web/elyndor-web/src/assets/items/acc_uncommon_6_amulet.webp","",""
"Item","ACC_UNCOMMON_6_CLOAK","Плащ — Старый тракт","Uncommon","Cloak","acc_uncommon_6_cloak","DIRECT_ASSET","web/elyndor-web/src/assets/items/acc_uncommon_6_cloak.webp","",""
"Item","ACC_UNCOMMON_6_RING","Кольцо — Старый тракт","Uncommon","Ring1","acc_uncommon_6_ring","DIRECT_ASSET","web/elyndor-web/src/assets/items/acc_uncommon_6_ring.webp","",""
"Item","ARCHER_COMMON_WHISPER_TRACKER_QUIVER","Колчан Шепчущего Леса","Common","OffHand","archer_common_whisper_tracker_quiver","DIRECT_ASSET","web/elyndor-web/src/assets/items/archer_common_whisper_tracker_quiver.webp","",""
"Item","ARCHER_EPIC_MOONLEAF_SHADOW_QUIVER","Колчан Лунного Листа","Epic","OffHand","archer_epic_moonleaf_shadow_quiver","DIRECT_ASSET","web/elyndor-web/src/assets/items/archer_epic_moonleaf_shadow_quiver.webp","",""
"Item","ARCHER_LEGENDARY_BLACK_CONSTELLATION_QUIVER","Колчан Чёрного Созвездия","Legendary","OffHand","archer_legendary_black_constellation_quiver","DIRECT_ASSET","web/elyndor-web/src/assets/items/archer_legendary_black_constellation_quiver.webp","",""
"Item","ARCHER_LEGENDARY_STAR_HUNTER_QUIVER","Колчан Звёздного Зверобоя","Legendary","OffHand","archer_legendary_star_hunter_quiver","DIRECT_ASSET","web/elyndor-web/src/assets/items/archer_legendary_star_hunter_quiver.webp","",""
"Item","ARCHER_RARE_THORN_TRAIL_QUIVER","Колчан Тернового Следа","Rare","OffHand","archer_rare_thorn_trail_quiver","DIRECT_ASSET","web/elyndor-web/src/assets/items/archer_rare_thorn_trail_quiver.webp","",""
"Item","ARCHER_UNCOMMON_GREY_TRAIL_QUIVER","Колчан Серой Тропы","Uncommon","OffHand","archer_uncommon_grey_trail_quiver","DIRECT_ASSET","web/elyndor-web/src/assets/items/archer_uncommon_grey_trail_quiver.webp","",""
"Item","BLIGHTED_GROVE_RING","Кольцо Осквернённой чащи","Rare","Ring1","item-warrior-ring","DIRECT_ASSET","web/elyndor-web/src/assets/items/warrior/item-warrior-ring.png","",""
"Item","BROODMOTHER_FANG_CHARM","Клык Прародительницы","Epic","Amulet","item-warrior-amulet","DIRECT_ASSET","web/elyndor-web/src/assets/items/warrior/item-warrior-amulet.png","",""
"Item","CHERNOKAMENNAIA_SEKIRA","Чернокаменная секира","Epic","MainHand","chernokamennaia_sekira","DIRECT_ASSET","web/elyndor-web/src/assets/items/imported/chernokamennaia_sekira.webp","Предметы вне комплектов/Именные вещи открытого мира — поздний диапазон 30–40.png","0 (4x3)"
"Item","CHESHUICHATYI_PLASHCH_VASILISKA","Чешуйчатый плащ Василиска","Rare","Cloak","cheshuichatyi_plashch_vasiliska","DIRECT_ASSET","web/elyndor-web/src/assets/items/imported/cheshuichatyi_plashch_vasiliska.webp","Предметы вне комплектов/Именные вещи открытого мира — средний диапазон 15–29.png","7 (5x4)"
"Item","DEEP_FOREST_CHARM","Оберег Глубокого леса","Rare","Amulet","item-warrior-amulet","DIRECT_ASSET","web/elyndor-web/src/assets/items/warrior/item-warrior-amulet.png","",""
"Item","DOZORNYI_LUK_STAROGO_TRAKTA","Дозорный лук Старого тракта","Rare","MainHand","dozornyi_luk_starogo_trakta","DIRECT_ASSET","web/elyndor-web/src/assets/items/imported/dozornyi_luk_starogo_trakta.webp","Предметы вне комплектов/Именные вещи открытого мира — ранний диапазон 1–16.png","10 (4x4)"
"Item","DUNGEON_MINES_ARCHER_GLOVES_EPIC","Перчатки Беззвучного Штрека","Epic","Hands","dungeon_mines_archer_gloves_epic","DIRECT_ASSET","web/elyndor-web/src/assets/items/dungeon_mines_archer_gloves_epic.webp","",""
"Item","DUNGEON_MINES_ARCHER_LEGENDARY_BOW","Лук Подземного Созвездия","Legendary","MainHand","dungeon_mines_archer_legendary_bow","DIRECT_ASSET","web/elyndor-web/src/assets/items/dungeon_mines_archer_legendary_bow.webp","",""
"Item","DUNGEON_MINES_ARCHER_LEGS_RARE","Поножи Каменного Следа","Rare","Legs","dungeon_mines_archer_legs_rare","DIRECT_ASSET","web/elyndor-web/src/assets/items/dungeon_mines_archer_legs_rare.webp","",""
"Item","DUNGEON_MINES_MAGE_BOOTS_EPIC","Сапоги Рунного Шага","Epic","Feet","dungeon_mines_mage_boots_epic","DIRECT_ASSET","web/elyndor-web/src/assets/items/dungeon_mines_mage_boots_epic.webp","",""
"Item","DUNGEON_MINES_MAGE_HOOD_RARE","Капюшон Эха Глубин","Rare","Head","dungeon_mines_mage_hood_rare","DIRECT_ASSET","web/elyndor-web/src/assets/items/dungeon_mines_mage_hood_rare.webp","",""
"Item","DUNGEON_MINES_MAGE_LEGENDARY_STAFF","Сердце Глубинного Кристалла","Legendary","MainHand","dungeon_mines_mage_legendary_staff","DIRECT_ASSET","web/elyndor-web/src/assets/items/dungeon_mines_mage_legendary_staff.webp","",""
"Item","DUNGEON_MINES_WARRIOR_GAUNTLETS_EPIC","Рукавицы Железного Забоя","Epic","Hands","dungeon_mines_warrior_gauntlets_epic","DIRECT_ASSET","web/elyndor-web/src/assets/items/dungeon_mines_warrior_gauntlets_epic.webp","",""
"Item","DUNGEON_MINES_WARRIOR_HELM_RARE","Шлем Каменного Дозора","Rare","Head","dungeon_mines_warrior_helm_rare","DIRECT_ASSET","web/elyndor-web/src/assets/items/dungeon_mines_warrior_helm_rare.webp","",""
"Item","DUNGEON_MINES_WARRIOR_LEGENDARY_SHIELD","Оплот Хранителя Глубин","Legendary","OffHand","dungeon_mines_warrior_legendary_shield","DIRECT_ASSET","web/elyndor-web/src/assets/items/dungeon_mines_warrior_legendary_shield.webp","",""
"Item","FONAR_UTONUVSHEGO_PALOMNIKA","Фонарь утонувшего паломника","Rare","OffHand","fonar_utonuvshego_palomnika","DIRECT_ASSET","web/elyndor-web/src/assets/items/imported/fonar_utonuvshego_palomnika.webp","Предметы вне комплектов/Именные вещи открытого мира — средний диапазон 15–29.png","8 (5x4)"
"Item","KAPIUSHON_CHASHCHOBY","Капюшон чащобы","Uncommon","Head","kapiushon_chashchoby","DIRECT_ASSET","web/elyndor-web/src/assets/items/imported/kapiushon_chashchoby.webp","Предметы вне комплектов/Именные вещи открытого мира — ранний диапазон 1–16.png","7 (4x4)"
"Item","KAPIUSHON_TENEVOGO_BRAKONERA","Капюшон теневого браконьера","Rare","Head","kapiushon_tenevogo_brakonera","DIRECT_ASSET","web/elyndor-web/src/assets/items/imported/kapiushon_tenevogo_brakonera.webp","Предметы вне комплектов/Именные вещи открытого мира — средний диапазон 15–29.png","1 (5x4)"
"Item","KIRASA_KAMNEGLOTA","Кираса камнеглота","Rare","Chest","kirasa_kamneglota","DIRECT_ASSET","web/elyndor-web/src/assets/items/imported/kirasa_kamneglota.webp","Предметы вне комплектов/Именные вещи открытого мира — ранний диапазон 1–16.png","14 (4x4)"
"Item","KIRASA_MATIOROGO_VOZHAKA","Кираса Матёрого Вожака","Rare","Chest","kirasa_matiorogo_vozhaka","DIRECT_ASSET","web/elyndor-web/src/assets/items/imported/kirasa_matiorogo_vozhaka.webp","Предметы вне комплектов/Именные вещи открытого мира — средний диапазон 15–29.png","2 (5x4)"
"Item","KLINOK_PEPELNOGO_RYTSARIA","Клинок Пепельного рыцаря","Epic","MainHand","klinok_pepelnogo_rytsaria","DIRECT_ASSET","web/elyndor-web/src/assets/items/imported/klinok_pepelnogo_rytsaria.webp","Предметы вне комплектов/Именные вещи открытого мира — поздний диапазон 30–40.png","8 (4x3)"
"Item","KLINOK_PYLNOI_DOROGI","Клинок Пыльной дороги","Rare","MainHand","klinok_pylnoi_dorogi","DIRECT_ASSET","web/elyndor-web/src/assets/items/imported/klinok_pylnoi_dorogi.webp","Предметы вне комплектов/Именные вещи открытого мира — ранний диапазон 1–16.png","9 (4x4)"
"Item","KLYK_MATERI_TOPEI","Клык Матери топей","Epic","MainHand","klyk_materi_topei","DIRECT_ASSET","web/elyndor-web/src/assets/items/imported/klyk_materi_topei.webp","Предметы вне комплектов/Именные вещи открытого мира — средний диапазон 15–29.png","9 (5x4)"
"Item","KLYK_MATIOROGO_VOZHAKA","Клык Матёрого Вожака","Uncommon","MainHand","klyk_matiorogo_vozhaka","DIRECT_ASSET","web/elyndor-web/src/assets/items/imported/klyk_matiorogo_vozhaka.webp","Предметы вне комплектов/Именные вещи открытого мира — ранний диапазон 1–16.png","0 (4x4)"
"Item","KOLTSO_KORNEVOI_ROSY","Кольцо корневой росы","Rare","Ring1","koltso_kornevoi_rosy","DIRECT_ASSET","web/elyndor-web/src/assets/items/imported/koltso_kornevoi_rosy.webp","Предметы вне комплектов/Именные вещи открытого мира — ранний диапазон 1–16.png","5 (4x4)"
"Item","KOPIO_PALACHA_GRANITSY","Копьё Палача границы","Rare","MainHand","kopio_palacha_granitsy","DIRECT_ASSET","web/elyndor-web/src/assets/items/imported/kopio_palacha_granitsy.webp","Предметы вне комплектов/Именные вещи открытого мира — средний диапазон 15–29.png","3 (5x4)"
"Item","KORONA_CHUMNOGO_ZHRETSA","Корона чумного жреца","Epic","Head","korona_chumnogo_zhretsa","DIRECT_ASSET","web/elyndor-web/src/assets/items/imported/korona_chumnogo_zhretsa.webp","Предметы вне комплектов/Именные вещи открытого мира — поздний диапазон 30–40.png","5 (4x3)"
"Item","LUK_BASTIONNOGO_DOZORA","Лук Бастионного дозора","Epic","MainHand","luk_bastionnogo_dozora","DIRECT_ASSET","web/elyndor-web/src/assets/items/imported/luk_bastionnogo_dozora.webp","Предметы вне комплектов/Именные вещи открытого мира — поздний диапазон 30–40.png","9 (4x3)"
"Item","LUK_DVOINOGO_EKHA","Лук двойного эха","Epic","MainHand","luk_dvoinogo_ekha","DIRECT_ASSET","web/elyndor-web/src/assets/items/imported/luk_dvoinogo_ekha.webp","Предметы вне комплектов/Именные вещи открытого мира — средний диапазон 15–29.png","15 (5x4)"
"Item","LUK_ZVONKOGO_KRYLA","Лук Звонкого Крыла","Uncommon","MainHand","luk_zvonkogo_kryla","DIRECT_ASSET","web/elyndor-web/src/assets/items/imported/luk_zvonkogo_kryla.webp","Предметы вне комплектов/Именные вещи открытого мира — ранний диапазон 1–16.png","3 (4x4)"
"Item","MAGE_COMMON_BLUE_CANDLE_FOCUS","Фокус Синей Свечи","Common","OffHand","mage_common_blue_candle_focus","DIRECT_ASSET","web/elyndor-web/src/assets/items/mage_common_blue_candle_focus.webp","",""
"Item","MAGE_EPIC_SHATTERED_STAR_CHEST","Мантия Расколотой Звезды","Epic","Chest","mage_epic_shattered_star_chest","DIRECT_ASSET","web/elyndor-web/src/assets/items/sets/mage_epic_shattered_star_chest.webp","",""
"Item","MAGE_EPIC_SHATTERED_STAR_FEET","Сапоги Расколотой Звезды","Epic","Feet","mage_epic_shattered_star_feet","DIRECT_ASSET","web/elyndor-web/src/assets/items/sets/mage_epic_shattered_star_feet.webp","",""
"Item","MAGE_EPIC_SHATTERED_STAR_FOCUS","Фокус Расколотой Звезды","Epic","OffHand","mage_epic_shattered_star_focus","DIRECT_ASSET","web/elyndor-web/src/assets/items/sets/mage_epic_shattered_star_focus.webp","",""
"Item","MAGE_EPIC_SHATTERED_STAR_HANDS","Перчатки Расколотой Звезды","Epic","Hands","mage_epic_shattered_star_hands","DIRECT_ASSET","web/elyndor-web/src/assets/items/sets/mage_epic_shattered_star_hands.webp","",""
"Item","MAGE_EPIC_SHATTERED_STAR_HEAD","Капюшон Расколотой Звезды","Epic","Head","mage_epic_shattered_star_head","DIRECT_ASSET","web/elyndor-web/src/assets/items/sets/mage_epic_shattered_star_head.webp","",""
"Item","MAGE_EPIC_SHATTERED_STAR_LEGS","Поножи Расколотой Звезды","Epic","Legs","mage_epic_shattered_star_legs","DIRECT_ASSET","web/elyndor-web/src/assets/items/sets/mage_epic_shattered_star_legs.webp","",""
"Item","MAGE_EPIC_SHATTERED_STAR_SHOULDERS","Наплечники Расколотой Звезды","Epic","Shoulders","mage_epic_shattered_star_shoulders","DIRECT_ASSET","web/elyndor-web/src/assets/items/sets/mage_epic_shattered_star_shoulders.webp","",""
"Item","MAGE_EPIC_SHATTERED_STAR_STAFF","Посох Расколотой Звезды","Epic","MainHand","mage_epic_shattered_star_staff","DIRECT_ASSET","web/elyndor-web/src/assets/items/sets/mage_epic_shattered_star_staff.webp","",""
"Item","MAGE_EPIC_SHATTERED_STAR_WAND","Жезл Расколотой Звезды","Epic","MainHand","mage_epic_shattered_star_wand","DIRECT_ASSET","web/elyndor-web/src/assets/items/sets/mage_epic_shattered_star_wand.webp","",""
"Item","MAGE_LEGENDARY_ECLIPSED_ORACLE_CHEST","Мантия Затмённого Оракула","Legendary","Chest","mage_legendary_eclipsed_oracle_chest","DIRECT_ASSET","web/elyndor-web/src/assets/items/sets/mage_legendary_eclipsed_oracle_chest.webp","",""
"Item","MAGE_LEGENDARY_ECLIPSED_ORACLE_FEET","Сапоги Затмённого Оракула","Legendary","Feet","mage_legendary_eclipsed_oracle_feet","DIRECT_ASSET","web/elyndor-web/src/assets/items/sets/mage_legendary_eclipsed_oracle_feet.webp","",""
"Item","MAGE_LEGENDARY_ECLIPSED_ORACLE_FOCUS","Фокус Затмённого Оракула","Legendary","OffHand","mage_legendary_eclipsed_oracle_focus","DIRECT_ASSET","web/elyndor-web/src/assets/items/sets/mage_legendary_eclipsed_oracle_focus.webp","",""
"Item","MAGE_LEGENDARY_ECLIPSED_ORACLE_HANDS","Перчатки Затмённого Оракула","Legendary","Hands","mage_legendary_eclipsed_oracle_hands","DIRECT_ASSET","web/elyndor-web/src/assets/items/sets/mage_legendary_eclipsed_oracle_hands.webp","",""
"Item","MAGE_LEGENDARY_ECLIPSED_ORACLE_HEAD","Капюшон Затмённого Оракула","Legendary","Head","mage_legendary_eclipsed_oracle_head","DIRECT_ASSET","web/elyndor-web/src/assets/items/sets/mage_legendary_eclipsed_oracle_head.webp","",""
"Item","MAGE_LEGENDARY_ECLIPSED_ORACLE_LEGS","Поножи Затмённого Оракула","Legendary","Legs","mage_legendary_eclipsed_oracle_legs","DIRECT_ASSET","web/elyndor-web/src/assets/items/sets/mage_legendary_eclipsed_oracle_legs.webp","",""
"Item","MAGE_LEGENDARY_ECLIPSED_ORACLE_SHOULDERS","Наплечники Затмённого Оракула","Legendary","Shoulders","mage_legendary_eclipsed_oracle_shoulders","DIRECT_ASSET","web/elyndor-web/src/assets/items/sets/mage_legendary_eclipsed_oracle_shoulders.webp","",""
"Item","MAGE_LEGENDARY_ECLIPSED_ORACLE_STAFF","Посох Затмённого Оракула","Legendary","MainHand","mage_legendary_eclipsed_oracle_staff","DIRECT_ASSET","web/elyndor-web/src/assets/items/sets/mage_legendary_eclipsed_oracle_staff.webp","",""
"Item","MAGE_LEGENDARY_ECLIPSED_ORACLE_WAND","Жезл Затмённого Оракула","Legendary","MainHand","mage_legendary_eclipsed_oracle_wand","DIRECT_ASSET","web/elyndor-web/src/assets/items/sets/mage_legendary_eclipsed_oracle_wand.webp","",""
"Item","MAGE_LEGENDARY_SILENT_ARCHON_CHEST","Мантия Безмолвного Архонта","Legendary","Chest","mage_legendary_silent_archon_chest","DIRECT_ASSET","web/elyndor-web/src/assets/items/sets/mage_legendary_silent_archon_chest.webp","",""
"Item","MAGE_LEGENDARY_SILENT_ARCHON_FEET","Сапоги Безмолвного Архонта","Legendary","Feet","mage_legendary_silent_archon_feet","DIRECT_ASSET","web/elyndor-web/src/assets/items/sets/mage_legendary_silent_archon_feet.webp","",""
"Item","MAGE_LEGENDARY_SILENT_ARCHON_FOCUS","Фокус Безмолвного Архонта","Legendary","OffHand","mage_legendary_silent_archon_focus","DIRECT_ASSET","web/elyndor-web/src/assets/items/sets/mage_legendary_silent_archon_focus.webp","",""
"Item","MAGE_LEGENDARY_SILENT_ARCHON_HANDS","Перчатки Безмолвного Архонта","Legendary","Hands","mage_legendary_silent_archon_hands","DIRECT_ASSET","web/elyndor-web/src/assets/items/sets/mage_legendary_silent_archon_hands.webp","",""
"Item","MAGE_LEGENDARY_SILENT_ARCHON_HEAD","Капюшон Безмолвного Архонта","Legendary","Head","mage_legendary_silent_archon_head","DIRECT_ASSET","web/elyndor-web/src/assets/items/sets/mage_legendary_silent_archon_head.webp","",""
"Item","MAGE_LEGENDARY_SILENT_ARCHON_LEGS","Поножи Безмолвного Архонта","Legendary","Legs","mage_legendary_silent_archon_legs","DIRECT_ASSET","web/elyndor-web/src/assets/items/sets/mage_legendary_silent_archon_legs.webp","",""
"Item","MAGE_LEGENDARY_SILENT_ARCHON_SHOULDERS","Наплечники Безмолвного Архонта","Legendary","Shoulders","mage_legendary_silent_archon_shoulders","DIRECT_ASSET","web/elyndor-web/src/assets/items/sets/mage_legendary_silent_archon_shoulders.webp","",""
"Item","MAGE_LEGENDARY_SILENT_ARCHON_STAFF","Посох Безмолвного Архонта","Legendary","MainHand","mage_legendary_silent_archon_staff","DIRECT_ASSET","web/elyndor-web/src/assets/items/sets/mage_legendary_silent_archon_staff.webp","",""
"Item","MAGE_LEGENDARY_SILENT_ARCHON_WAND","Жезл Безмолвного Архонта","Legendary","MainHand","mage_legendary_silent_archon_wand","DIRECT_ASSET","web/elyndor-web/src/assets/items/sets/mage_legendary_silent_archon_wand.webp","",""
"Item","MAGE_RARE_THREE_ELEMENTS_CHEST","Мантия Трёх Стихий","Rare","Chest","mage_rare_three_elements_chest","DIRECT_ASSET","web/elyndor-web/src/assets/items/sets/mage_rare_three_elements_chest.webp","",""
"Item","MAGE_RARE_THREE_ELEMENTS_FEET","Сапоги Трёх Стихий","Rare","Feet","mage_rare_three_elements_feet","DIRECT_ASSET","web/elyndor-web/src/assets/items/sets/mage_rare_three_elements_feet.webp","",""
"Item","MAGE_RARE_THREE_ELEMENTS_FOCUS","Фокус Трёх Стихий","Rare","OffHand","mage_rare_three_elements_focus","DIRECT_ASSET","web/elyndor-web/src/assets/items/sets/mage_rare_three_elements_focus.webp","",""
"Item","MAGE_RARE_THREE_ELEMENTS_HANDS","Перчатки Трёх Стихий","Rare","Hands","mage_rare_three_elements_hands","DIRECT_ASSET","web/elyndor-web/src/assets/items/sets/mage_rare_three_elements_hands.webp","",""
"Item","MAGE_RARE_THREE_ELEMENTS_HEAD","Капюшон Трёх Стихий","Rare","Head","mage_rare_three_elements_head","DIRECT_ASSET","web/elyndor-web/src/assets/items/sets/mage_rare_three_elements_head.webp","",""
"Item","MAGE_RARE_THREE_ELEMENTS_LEGS","Поножи Трёх Стихий","Rare","Legs","mage_rare_three_elements_legs","DIRECT_ASSET","web/elyndor-web/src/assets/items/sets/mage_rare_three_elements_legs.webp","",""
"Item","MAGE_RARE_THREE_ELEMENTS_SHOULDERS","Наплечники Трёх Стихий","Rare","Shoulders","mage_rare_three_elements_shoulders","DIRECT_ASSET","web/elyndor-web/src/assets/items/sets/mage_rare_three_elements_shoulders.webp","",""
"Item","MAGE_RARE_THREE_ELEMENTS_STAFF","Посох Трёх Стихий","Rare","MainHand","mage_rare_three_elements_staff","DIRECT_ASSET","web/elyndor-web/src/assets/items/sets/mage_rare_three_elements_staff.webp","",""
"Item","MAGE_RARE_THREE_ELEMENTS_WAND","Жезл Трёх Стихий","Rare","MainHand","mage_rare_three_elements_wand","DIRECT_ASSET","web/elyndor-web/src/assets/items/sets/mage_rare_three_elements_wand.webp","",""
"Item","MAGE_UNCOMMON_FORGOTTEN_RUNES_FOCUS","Фокус Забытого Ученика","Uncommon","OffHand","mage_uncommon_forgotten_runes_focus","DIRECT_ASSET","web/elyndor-web/src/assets/items/mage_uncommon_forgotten_runes_focus.webp","",""
"Item","MOLOT_KHOZIAINA_ZHIL","Молот Хозяина жил","Rare","MainHand","molot_khoziaina_zhil","DIRECT_ASSET","web/elyndor-web/src/assets/items/imported/molot_khoziaina_zhil.webp","Предметы вне комплектов/Именные вещи открытого мира — ранний диапазон 1–16.png","12 (4x4)"
"Item","NARUCHI_GOBLINSKOGO_KAPKANSHCHIKA","Наручи гоблинского капканщика","Uncommon","","naruchi_goblinskogo_kapkanshchika","DIRECT_ASSET","web/elyndor-web/src/assets/items/imported/naruchi_goblinskogo_kapkanshchika.webp","Предметы вне комплектов/Именные вещи открытого мира — ранний диапазон 1–16.png","8 (4x4)"
"Item","OSKOLOCHNYI_ZHEZL","Осколочный жезл","Rare","MainHand","oskolochnyi_zhezl","DIRECT_ASSET","web/elyndor-web/src/assets/items/imported/oskolochnyi_zhezl.webp","Предметы вне комплектов/Именные вещи открытого мира — средний диапазон 15–29.png","12 (5x4)"
"Item","PAUCHII_OBEREG","Паучий оберег","Rare","Amulet","pauchii_obereg","DIRECT_ASSET","web/elyndor-web/src/assets/items/imported/pauchii_obereg.webp","Предметы вне комплектов/Именные вещи открытого мира — ранний диапазон 1–16.png","2 (4x4)"
"Item","PECHAT_KHRANITELIA_RASKOLA","Печать Хранителя раскола","Epic","Ring1","pechat_khranitelia_raskola","DIRECT_ASSET","web/elyndor-web/src/assets/items/imported/pechat_khranitelia_raskola.webp","Предметы вне комплектов/Именные вещи открытого мира — средний диапазон 15–29.png","16 (5x4)"
"Item","PECHAT_PREDVESTNIKA","Печать Предвестника","Legendary","Ring1","pechat_predvestnika","DIRECT_ASSET","web/elyndor-web/src/assets/items/imported/pechat_predvestnika.webp","Предметы вне комплектов/Именные вещи открытого мира — поздний диапазон 30–40.png","11 (4x3)"
"Item","PEPELNYE_NAPLECHNIKI_DOZORNOGO","Пепельные наплечники дозорного","Rare","Shoulders","pepelnye_naplechniki_dozornogo","DIRECT_ASSET","web/elyndor-web/src/assets/items/imported/pepelnye_naplechniki_dozornogo.webp","Предметы вне комплектов/Именные вещи открытого мира — средний диапазон 15–29.png","5 (5x4)"
"Item","PERCHATKI_TRAVNIKA","Перчатки травника","Uncommon","Hands","perchatki_travnika","DIRECT_ASSET","web/elyndor-web/src/assets/items/imported/perchatki_travnika.webp","Предметы вне комплектов/Именные вещи открытого мира — ранний диапазон 1–16.png","4 (4x4)"
"Item","PLASHCH_BRODIACHEGO_NAIOMNIKA","Плащ бродячего наёмника","Uncommon","Cloak","plashch_brodiachego_naiomnika","DIRECT_ASSET","web/elyndor-web/src/assets/items/imported/plashch_brodiachego_naiomnika.webp","Предметы вне комплектов/Именные вещи открытого мира — ранний диапазон 1–16.png","11 (4x4)"
"Item","PLASHCH_LESNOI_TROPY","Плащ лесной тропы","Uncommon","Cloak","plashch_lesnoi_tropy","DIRECT_ASSET","web/elyndor-web/src/assets/items/imported/plashch_lesnoi_tropy.webp","Предметы вне комплектов/Именные вещи открытого мира — ранний диапазон 1–16.png","1 (4x4)"
"Item","POSOKH_LESNOI_VEDMY","Посох Лесной ведьмы","Epic","MainHand","posokh_lesnoi_vedmy","DIRECT_ASSET","web/elyndor-web/src/assets/items/imported/posokh_lesnoi_vedmy.webp","Предметы вне комплектов/Именные вещи открытого мира — средний диапазон 15–29.png","0 (5x4)"
"Item","RANGER_FANG_CHARM","Амулет Следопыта","Uncommon","Amulet","ranger_fang_charm","DIRECT_ASSET","web/elyndor-web/src/assets/items/ranger_fang_charm.webp","",""
"Item","RECRUIT_HEAVY_CHEST","Кираса рекрута","Common","Chest","item-warrior-chestplate","DIRECT_ASSET","web/elyndor-web/src/assets/items/warrior/item-warrior-chestplate.png","",""
"Item","RECRUIT_IRON_SWORD","Железный меч рекрута","Common","MainHand","item-warrior-sword","DIRECT_ASSET","web/elyndor-web/src/assets/items/warrior/item-warrior-sword.png","",""
"Item","RECRUIT_WOODEN_SHIELD","Усиленный деревянный щит","Common","OffHand","item-warrior-shield","DIRECT_ASSET","web/elyndor-web/src/assets/items/warrior/item-warrior-shield.png","",""
"Item","RUNNYI_FONAR_SHTREKA","Рунный фонарь штрека","Rare","OffHand","runnyi_fonar_shtreka","DIRECT_ASSET","web/elyndor-web/src/assets/items/imported/runnyi_fonar_shtreka.webp","Предметы вне комплектов/Именные вещи открытого мира — ранний диапазон 1–16.png","13 (4x4)"
"Item","RUNNYI_NAGRUDNIK_PEREVALA","Рунный нагрудник перевала","Epic","Chest","runnyi_nagrudnik_perevala","DIRECT_ASSET","web/elyndor-web/src/assets/items/imported/runnyi_nagrudnik_perevala.webp","Предметы вне комплектов/Именные вещи открытого мира — поздний диапазон 30–40.png","3 (4x3)"
"Item","SEKIRA_CHASHCHOBY","Секира Чащобы","Rare","MainHand","sekira_chashchoby","DIRECT_ASSET","web/elyndor-web/src/assets/items/imported/sekira_chashchoby.webp","Предметы вне комплектов/Именные вещи открытого мира — ранний диапазон 1–16.png","6 (4x4)"
"Item","SET_BLACK_BASTION_ARCHER_BEAST_MASTERY_CHEST","Нагрудник «Регалии Хозяина Чёрной Гончей»","Epic","Chest","set_black_bastion_archer_beast_mastery_chest","DIRECT_ASSET","web/elyndor-web/src/assets/items/sets/set_black_bastion_archer_beast_mastery_chest.webp","item set/Черный бастион/Регалии Хозяина Чёрной Гончей.png","2 (4x2)"
"Item","SET_BLACK_BASTION_ARCHER_BEAST_MASTERY_FEET","Сапоги «Регалии Хозяина Чёрной Гончей»","Epic","Feet","set_black_bastion_archer_beast_mastery_feet","DIRECT_ASSET","web/elyndor-web/src/assets/items/sets/set_black_bastion_archer_beast_mastery_feet.webp","item set/Черный бастион/Регалии Хозяина Чёрной Гончей.png","7 (4x2)"
"Item","SET_BLACK_BASTION_ARCHER_BEAST_MASTERY_HANDS","Рукавицы «Регалии Хозяина Чёрной Гончей»","Epic","Hands","set_black_bastion_archer_beast_mastery_hands","DIRECT_ASSET","web/elyndor-web/src/assets/items/sets/set_black_bastion_archer_beast_mastery_hands.webp","item set/Черный бастион/Регалии Хозяина Чёрной Гончей.png","4 (4x2)"
"Item","SET_BLACK_BASTION_ARCHER_BEAST_MASTERY_HEAD","Шлем «Регалии Хозяина Чёрной Гончей»","Epic","Head","set_black_bastion_archer_beast_mastery_head","DIRECT_ASSET","web/elyndor-web/src/assets/items/sets/set_black_bastion_archer_beast_mastery_head.webp","item set/Черный бастион/Регалии Хозяина Чёрной Гончей.png","0 (4x2)"
"Item","SET_BLACK_BASTION_ARCHER_BEAST_MASTERY_LEGS","Поножи «Регалии Хозяина Чёрной Гончей»","Epic","Legs","set_black_bastion_archer_beast_mastery_legs","DIRECT_ASSET","web/elyndor-web/src/assets/items/sets/set_black_bastion_archer_beast_mastery_legs.webp","item set/Черный бастион/Регалии Хозяина Чёрной Гончей.png","6 (4x2)"
"Item","SET_BLACK_BASTION_ARCHER_BEAST_MASTERY_SHOULDERS","Наплечники «Регалии Хозяина Чёрной Гончей»","Epic","Shoulders","set_black_bastion_archer_beast_mastery_shoulders","DIRECT_ASSET","web/elyndor-web/src/assets/items/sets/set_black_bastion_archer_beast_mastery_shoulders.webp","item set/Черный бастион/Регалии Хозяина Чёрной Гончей.png","1 (4x2)"
"Item","SET_BLACK_BASTION_ARCHER_BEAST_MASTERY_WAIST","Пояс «Регалии Хозяина Чёрной Гончей»","Epic","Waist","set_black_bastion_archer_beast_mastery_waist","DIRECT_ASSET","web/elyndor-web/src/assets/items/sets/set_black_bastion_archer_beast_mastery_waist.webp","item set/Черный бастион/Регалии Хозяина Чёрной Гончей.png","5 (4x2)"
"Item","SET_BLACK_BASTION_ARCHER_BEAST_MASTERY_WRIST","Наручи «Регалии Хозяина Чёрной Гончей»","Epic","Wrist","set_black_bastion_archer_beast_mastery_wrist","DIRECT_ASSET","web/elyndor-web/src/assets/items/sets/set_black_bastion_archer_beast_mastery_wrist.webp","item set/Черный бастион/Регалии Хозяина Чёрной Гончей.png","3 (4x2)"
"Item","SET_BLACK_BASTION_ARCHER_MARKSMANSHIP_CHEST","Нагрудник «Наследие Безмолвной Стрелы»","Epic","Chest","set_black_bastion_archer_marksmanship_chest","DIRECT_ASSET","web/elyndor-web/src/assets/items/sets/set_black_bastion_archer_marksmanship_chest.webp","item set/Черный бастион/Наследие Безмолвной Стрелы.png","2 (4x2)"
"Item","SET_BLACK_BASTION_ARCHER_MARKSMANSHIP_FEET","Сапоги «Наследие Безмолвной Стрелы»","Epic","Feet","set_black_bastion_archer_marksmanship_feet","DIRECT_ASSET","web/elyndor-web/src/assets/items/sets/set_black_bastion_archer_marksmanship_feet.webp","item set/Черный бастион/Наследие Безмолвной Стрелы.png","7 (4x2)"
"Item","SET_BLACK_BASTION_ARCHER_MARKSMANSHIP_HANDS","Рукавицы «Наследие Безмолвной Стрелы»","Epic","Hands","set_black_bastion_archer_marksmanship_hands","DIRECT_ASSET","web/elyndor-web/src/assets/items/sets/set_black_bastion_archer_marksmanship_hands.webp","item set/Черный бастион/Наследие Безмолвной Стрелы.png","4 (4x2)"
"Item","SET_BLACK_BASTION_ARCHER_MARKSMANSHIP_HEAD","Шлем «Наследие Безмолвной Стрелы»","Epic","Head","set_black_bastion_archer_marksmanship_head","DIRECT_ASSET","web/elyndor-web/src/assets/items/sets/set_black_bastion_archer_marksmanship_head.webp","item set/Черный бастион/Наследие Безмолвной Стрелы.png","0 (4x2)"
"Item","SET_BLACK_BASTION_ARCHER_MARKSMANSHIP_LEGS","Поножи «Наследие Безмолвной Стрелы»","Epic","Legs","set_black_bastion_archer_marksmanship_legs","DIRECT_ASSET","web/elyndor-web/src/assets/items/sets/set_black_bastion_archer_marksmanship_legs.webp","item set/Черный бастион/Наследие Безмолвной Стрелы.png","6 (4x2)"
"Item","SET_BLACK_BASTION_ARCHER_MARKSMANSHIP_SHOULDERS","Наплечники «Наследие Безмолвной Стрелы»","Epic","Shoulders","set_black_bastion_archer_marksmanship_shoulders","DIRECT_ASSET","web/elyndor-web/src/assets/items/sets/set_black_bastion_archer_marksmanship_shoulders.webp","item set/Черный бастион/Наследие Безмолвной Стрелы.png","1 (4x2)"
"Item","SET_BLACK_BASTION_ARCHER_MARKSMANSHIP_WAIST","Пояс «Наследие Безмолвной Стрелы»","Epic","Waist","set_black_bastion_archer_marksmanship_waist","DIRECT_ASSET","web/elyndor-web/src/assets/items/sets/set_black_bastion_archer_marksmanship_waist.webp","item set/Черный бастион/Наследие Безмолвной Стрелы.png","5 (4x2)"
"Item","SET_BLACK_BASTION_ARCHER_MARKSMANSHIP_WRIST","Наручи «Наследие Безмолвной Стрелы»","Epic","Wrist","set_black_bastion_archer_marksmanship_wrist","DIRECT_ASSET","web/elyndor-web/src/assets/items/sets/set_black_bastion_archer_marksmanship_wrist.webp","item set/Черный бастион/Наследие Безмолвной Стрелы.png","3 (4x2)"
"Item","SET_BLACK_BASTION_ARCHER_SURVIVAL_CHEST","Нагрудник «Наследие Последнего Ловчего»","Epic","Chest","set_black_bastion_archer_survival_chest","DIRECT_ASSET","web/elyndor-web/src/assets/items/sets/set_black_bastion_archer_survival_chest.webp","item set/Черный бастион/Наследие Последнего Ловчего.png","2 (4x2)"
"Item","SET_BLACK_BASTION_ARCHER_SURVIVAL_FEET","Сапоги «Наследие Последнего Ловчего»","Epic","Feet","set_black_bastion_archer_survival_feet","DIRECT_ASSET","web/elyndor-web/src/assets/items/sets/set_black_bastion_archer_survival_feet.webp","item set/Черный бастион/Наследие Последнего Ловчего.png","7 (4x2)"
"Item","SET_BLACK_BASTION_ARCHER_SURVIVAL_HANDS","Рукавицы «Наследие Последнего Ловчего»","Epic","Hands","set_black_bastion_archer_survival_hands","DIRECT_ASSET","web/elyndor-web/src/assets/items/sets/set_black_bastion_archer_survival_hands.webp","item set/Черный бастион/Наследие Последнего Ловчего.png","4 (4x2)"
"Item","SET_BLACK_BASTION_ARCHER_SURVIVAL_HEAD","Шлем «Наследие Последнего Ловчего»","Epic","Head","set_black_bastion_archer_survival_head","DIRECT_ASSET","web/elyndor-web/src/assets/items/sets/set_black_bastion_archer_survival_head.webp","item set/Черный бастион/Наследие Последнего Ловчего.png","0 (4x2)"
"Item","SET_BLACK_BASTION_ARCHER_SURVIVAL_LEGS","Поножи «Наследие Последнего Ловчего»","Epic","Legs","set_black_bastion_archer_survival_legs","DIRECT_ASSET","web/elyndor-web/src/assets/items/sets/set_black_bastion_archer_survival_legs.webp","item set/Черный бастион/Наследие Последнего Ловчего.png","6 (4x2)"
"Item","SET_BLACK_BASTION_ARCHER_SURVIVAL_SHOULDERS","Наплечники «Наследие Последнего Ловчего»","Epic","Shoulders","set_black_bastion_archer_survival_shoulders","DIRECT_ASSET","web/elyndor-web/src/assets/items/sets/set_black_bastion_archer_survival_shoulders.webp","item set/Черный бастион/Наследие Последнего Ловчего.png","1 (4x2)"
"Item","SET_BLACK_BASTION_ARCHER_SURVIVAL_WAIST","Пояс «Наследие Последнего Ловчего»","Epic","Waist","set_black_bastion_archer_survival_waist","DIRECT_ASSET","web/elyndor-web/src/assets/items/sets/set_black_bastion_archer_survival_waist.webp","item set/Черный бастион/Наследие Последнего Ловчего.png","5 (4x2)"
"Item","SET_BLACK_BASTION_ARCHER_SURVIVAL_WRIST","Наручи «Наследие Последнего Ловчего»","Epic","Wrist","set_black_bastion_archer_survival_wrist","DIRECT_ASSET","web/elyndor-web/src/assets/items/sets/set_black_bastion_archer_survival_wrist.webp","item set/Черный бастион/Наследие Последнего Ловчего.png","3 (4x2)"
"Item","SET_BLACK_BASTION_MAGE_ARCANE_CHEST","Нагрудник «Одеяния Затмённого Оракула»","Epic","Chest","set_black_bastion_mage_arcane_chest","DIRECT_ASSET","web/elyndor-web/src/assets/items/sets/set_black_bastion_mage_arcane_chest.webp","item set/Черный бастион/Одеяния Затмённого Оракула.png","2 (4x2)"
"Item","SET_BLACK_BASTION_MAGE_ARCANE_FEET","Сапоги «Одеяния Затмённого Оракула»","Epic","Feet","set_black_bastion_mage_arcane_feet","DIRECT_ASSET","web/elyndor-web/src/assets/items/sets/set_black_bastion_mage_arcane_feet.webp","item set/Черный бастион/Одеяния Затмённого Оракула.png","7 (4x2)"
"Item","SET_BLACK_BASTION_MAGE_ARCANE_HANDS","Рукавицы «Одеяния Затмённого Оракула»","Epic","Hands","set_black_bastion_mage_arcane_hands","DIRECT_ASSET","web/elyndor-web/src/assets/items/sets/set_black_bastion_mage_arcane_hands.webp","item set/Черный бастион/Одеяния Затмённого Оракула.png","4 (4x2)"
"Item","SET_BLACK_BASTION_MAGE_ARCANE_HEAD","Шлем «Одеяния Затмённого Оракула»","Epic","Head","set_black_bastion_mage_arcane_head","DIRECT_ASSET","web/elyndor-web/src/assets/items/sets/set_black_bastion_mage_arcane_head.webp","item set/Черный бастион/Одеяния Затмённого Оракула.png","0 (4x2)"
"Item","SET_BLACK_BASTION_MAGE_ARCANE_LEGS","Поножи «Одеяния Затмённого Оракула»","Epic","Legs","set_black_bastion_mage_arcane_legs","DIRECT_ASSET","web/elyndor-web/src/assets/items/sets/set_black_bastion_mage_arcane_legs.webp","item set/Черный бастион/Одеяния Затмённого Оракула.png","6 (4x2)"
"Item","SET_BLACK_BASTION_MAGE_ARCANE_SHOULDERS","Наплечники «Одеяния Затмённого Оракула»","Epic","Shoulders","set_black_bastion_mage_arcane_shoulders","DIRECT_ASSET","web/elyndor-web/src/assets/items/sets/set_black_bastion_mage_arcane_shoulders.webp","item set/Черный бастион/Одеяния Затмённого Оракула.png","1 (4x2)"
"Item","SET_BLACK_BASTION_MAGE_ARCANE_WAIST","Пояс «Одеяния Затмённого Оракула»","Epic","Waist","set_black_bastion_mage_arcane_waist","DIRECT_ASSET","web/elyndor-web/src/assets/items/sets/set_black_bastion_mage_arcane_waist.webp","item set/Черный бастион/Одеяния Затмённого Оракула.png","5 (4x2)"
"Item","SET_BLACK_BASTION_MAGE_ARCANE_WRIST","Наручи «Одеяния Затмённого Оракула»","Epic","Wrist","set_black_bastion_mage_arcane_wrist","DIRECT_ASSET","web/elyndor-web/src/assets/items/sets/set_black_bastion_mage_arcane_wrist.webp","item set/Черный бастион/Одеяния Затмённого Оракула.png","3 (4x2)"
"Item","SET_BLACK_BASTION_MAGE_FIRE_CHEST","Нагрудник «Одеяния Пепельной Звезды»","Epic","Chest","set_black_bastion_mage_fire_chest","DIRECT_ASSET","web/elyndor-web/src/assets/items/sets/set_black_bastion_mage_fire_chest.webp","item set/Черный бастион/Одеяния Пепельной Звезды.png","2 (4x2)"
"Item","SET_BLACK_BASTION_MAGE_FIRE_FEET","Сапоги «Одеяния Пепельной Звезды»","Epic","Feet","set_black_bastion_mage_fire_feet","DIRECT_ASSET","web/elyndor-web/src/assets/items/sets/set_black_bastion_mage_fire_feet.webp","item set/Черный бастион/Одеяния Пепельной Звезды.png","7 (4x2)"
"Item","SET_BLACK_BASTION_MAGE_FIRE_HANDS","Рукавицы «Одеяния Пепельной Звезды»","Epic","Hands","set_black_bastion_mage_fire_hands","DIRECT_ASSET","web/elyndor-web/src/assets/items/sets/set_black_bastion_mage_fire_hands.webp","item set/Черный бастион/Одеяния Пепельной Звезды.png","4 (4x2)"
"Item","SET_BLACK_BASTION_MAGE_FIRE_HEAD","Шлем «Одеяния Пепельной Звезды»","Epic","Head","set_black_bastion_mage_fire_head","DIRECT_ASSET","web/elyndor-web/src/assets/items/sets/set_black_bastion_mage_fire_head.webp","item set/Черный бастион/Одеяния Пепельной Звезды.png","0 (4x2)"
"Item","SET_BLACK_BASTION_MAGE_FIRE_LEGS","Поножи «Одеяния Пепельной Звезды»","Epic","Legs","set_black_bastion_mage_fire_legs","DIRECT_ASSET","web/elyndor-web/src/assets/items/sets/set_black_bastion_mage_fire_legs.webp","item set/Черный бастион/Одеяния Пепельной Звезды.png","6 (4x2)"
"Item","SET_BLACK_BASTION_MAGE_FIRE_SHOULDERS","Наплечники «Одеяния Пепельной Звезды»","Epic","Shoulders","set_black_bastion_mage_fire_shoulders","DIRECT_ASSET","web/elyndor-web/src/assets/items/sets/set_black_bastion_mage_fire_shoulders.webp","item set/Черный бастион/Одеяния Пепельной Звезды.png","1 (4x2)"
"Item","SET_BLACK_BASTION_MAGE_FIRE_WAIST","Пояс «Одеяния Пепельной Звезды»","Epic","Waist","set_black_bastion_mage_fire_waist","DIRECT_ASSET","web/elyndor-web/src/assets/items/sets/set_black_bastion_mage_fire_waist.webp","item set/Черный бастион/Одеяния Пепельной Звезды.png","5 (4x2)"
"Item","SET_BLACK_BASTION_MAGE_FIRE_WRIST","Наручи «Одеяния Пепельной Звезды»","Epic","Wrist","set_black_bastion_mage_fire_wrist","DIRECT_ASSET","web/elyndor-web/src/assets/items/sets/set_black_bastion_mage_fire_wrist.webp","item set/Черный бастион/Одеяния Пепельной Звезды.png","3 (4x2)"
"Item","SET_BLACK_BASTION_MAGE_FROST_CHEST","Нагрудник «Покров Безмолвного Инея»","Epic","Chest","set_black_bastion_mage_frost_chest","DIRECT_ASSET","web/elyndor-web/src/assets/items/sets/set_black_bastion_mage_frost_chest.webp","item set/Черный бастион/Покров Безмолвного Инея.png","2 (4x2)"
"Item","SET_BLACK_BASTION_MAGE_FROST_FEET","Сапоги «Покров Безмолвного Инея»","Epic","Feet","set_black_bastion_mage_frost_feet","DIRECT_ASSET","web/elyndor-web/src/assets/items/sets/set_black_bastion_mage_frost_feet.webp","item set/Черный бастион/Покров Безмолвного Инея.png","7 (4x2)"
"Item","SET_BLACK_BASTION_MAGE_FROST_HANDS","Рукавицы «Покров Безмолвного Инея»","Epic","Hands","set_black_bastion_mage_frost_hands","DIRECT_ASSET","web/elyndor-web/src/assets/items/sets/set_black_bastion_mage_frost_hands.webp","item set/Черный бастион/Покров Безмолвного Инея.png","4 (4x2)"
"Item","SET_BLACK_BASTION_MAGE_FROST_HEAD","Шлем «Покров Безмолвного Инея»","Epic","Head","set_black_bastion_mage_frost_head","DIRECT_ASSET","web/elyndor-web/src/assets/items/sets/set_black_bastion_mage_frost_head.webp","item set/Черный бастион/Покров Безмолвного Инея.png","0 (4x2)"
"Item","SET_BLACK_BASTION_MAGE_FROST_LEGS","Поножи «Покров Безмолвного Инея»","Epic","Legs","set_black_bastion_mage_frost_legs","DIRECT_ASSET","web/elyndor-web/src/assets/items/sets/set_black_bastion_mage_frost_legs.webp","item set/Черный бастион/Покров Безмолвного Инея.png","6 (4x2)"
"Item","SET_BLACK_BASTION_MAGE_FROST_SHOULDERS","Наплечники «Покров Безмолвного Инея»","Epic","Shoulders","set_black_bastion_mage_frost_shoulders","DIRECT_ASSET","web/elyndor-web/src/assets/items/sets/set_black_bastion_mage_frost_shoulders.webp","item set/Черный бастион/Покров Безмолвного Инея.png","1 (4x2)"
"Item","SET_BLACK_BASTION_MAGE_FROST_WAIST","Пояс «Покров Безмолвного Инея»","Epic","Waist","set_black_bastion_mage_frost_waist","DIRECT_ASSET","web/elyndor-web/src/assets/items/sets/set_black_bastion_mage_frost_waist.webp","item set/Черный бастион/Покров Безмолвного Инея.png","5 (4x2)"
"Item","SET_BLACK_BASTION_MAGE_FROST_WRIST","Наручи «Покров Безмолвного Инея»","Epic","Wrist","set_black_bastion_mage_frost_wrist","DIRECT_ASSET","web/elyndor-web/src/assets/items/sets/set_black_bastion_mage_frost_wrist.webp","item set/Черный бастион/Покров Безмолвного Инея.png","3 (4x2)"
"Item","SET_BLACK_BASTION_PALADIN_HOLY_CHEST","Нагрудник «Регалии Последнего Рассвета»","Epic","Chest","set_black_bastion_paladin_holy_chest","DIRECT_ASSET","web/elyndor-web/src/assets/items/sets/set_black_bastion_paladin_holy_chest.webp","item set/Черный бастион/Регалии Последнего Рассвета.png","2 (4x2)"
"Item","SET_BLACK_BASTION_PALADIN_HOLY_FEET","Сапоги «Регалии Последнего Рассвета»","Epic","Feet","set_black_bastion_paladin_holy_feet","DIRECT_ASSET","web/elyndor-web/src/assets/items/sets/set_black_bastion_paladin_holy_feet.webp","item set/Черный бастион/Регалии Последнего Рассвета.png","7 (4x2)"
"Item","SET_BLACK_BASTION_PALADIN_HOLY_HANDS","Рукавицы «Регалии Последнего Рассвета»","Epic","Hands","set_black_bastion_paladin_holy_hands","DIRECT_ASSET","web/elyndor-web/src/assets/items/sets/set_black_bastion_paladin_holy_hands.webp","item set/Черный бастион/Регалии Последнего Рассвета.png","4 (4x2)"
"Item","SET_BLACK_BASTION_PALADIN_HOLY_HEAD","Шлем «Регалии Последнего Рассвета»","Epic","Head","set_black_bastion_paladin_holy_head","DIRECT_ASSET","web/elyndor-web/src/assets/items/sets/set_black_bastion_paladin_holy_head.webp","item set/Черный бастион/Регалии Последнего Рассвета.png","0 (4x2)"
"Item","SET_BLACK_BASTION_PALADIN_HOLY_LEGS","Поножи «Регалии Последнего Рассвета»","Epic","Legs","set_black_bastion_paladin_holy_legs","DIRECT_ASSET","web/elyndor-web/src/assets/items/sets/set_black_bastion_paladin_holy_legs.webp","item set/Черный бастион/Регалии Последнего Рассвета.png","6 (4x2)"
"Item","SET_BLACK_BASTION_PALADIN_HOLY_SHOULDERS","Наплечники «Регалии Последнего Рассвета»","Epic","Shoulders","set_black_bastion_paladin_holy_shoulders","DIRECT_ASSET","web/elyndor-web/src/assets/items/sets/set_black_bastion_paladin_holy_shoulders.webp","item set/Черный бастион/Регалии Последнего Рассвета.png","1 (4x2)"
"Item","SET_BLACK_BASTION_PALADIN_HOLY_WAIST","Пояс «Регалии Последнего Рассвета»","Epic","Waist","set_black_bastion_paladin_holy_waist","DIRECT_ASSET","web/elyndor-web/src/assets/items/sets/set_black_bastion_paladin_holy_waist.webp","item set/Черный бастион/Регалии Последнего Рассвета.png","5 (4x2)"
"Item","SET_BLACK_BASTION_PALADIN_HOLY_WRIST","Наручи «Регалии Последнего Рассвета»","Epic","Wrist","set_black_bastion_paladin_holy_wrist","DIRECT_ASSET","web/elyndor-web/src/assets/items/sets/set_black_bastion_paladin_holy_wrist.webp","item set/Черный бастион/Регалии Последнего Рассвета.png","3 (4x2)"
"Item","SET_BLACK_BASTION_PALADIN_PROTECTION_CHEST","Нагрудник «Оплот Первого Стража»","Epic","Chest","set_black_bastion_paladin_protection_chest","DIRECT_ASSET","web/elyndor-web/src/assets/items/sets/set_black_bastion_paladin_protection_chest.webp","item set/Черный бастион/Оплот Первого Стража.png","2 (4x2)"
"Item","SET_BLACK_BASTION_PALADIN_PROTECTION_FEET","Сапоги «Оплот Первого Стража»","Epic","Feet","set_black_bastion_paladin_protection_feet","DIRECT_ASSET","web/elyndor-web/src/assets/items/sets/set_black_bastion_paladin_protection_feet.webp","item set/Черный бастион/Оплот Первого Стража.png","7 (4x2)"
"Item","SET_BLACK_BASTION_PALADIN_PROTECTION_HANDS","Рукавицы «Оплот Первого Стража»","Epic","Hands","set_black_bastion_paladin_protection_hands","DIRECT_ASSET","web/elyndor-web/src/assets/items/sets/set_black_bastion_paladin_protection_hands.webp","item set/Черный бастион/Оплот Первого Стража.png","4 (4x2)"
"Item","SET_BLACK_BASTION_PALADIN_PROTECTION_HEAD","Шлем «Оплот Первого Стража»","Epic","Head","set_black_bastion_paladin_protection_head","DIRECT_ASSET","web/elyndor-web/src/assets/items/sets/set_black_bastion_paladin_protection_head.webp","item set/Черный бастион/Оплот Первого Стража.png","0 (4x2)"
"Item","SET_BLACK_BASTION_PALADIN_PROTECTION_LEGS","Поножи «Оплот Первого Стража»","Epic","Legs","set_black_bastion_paladin_protection_legs","DIRECT_ASSET","web/elyndor-web/src/assets/items/sets/set_black_bastion_paladin_protection_legs.webp","item set/Черный бастион/Оплот Первого Стража.png","6 (4x2)"
"Item","SET_BLACK_BASTION_PALADIN_PROTECTION_SHOULDERS","Наплечники «Оплот Первого Стража»","Epic","Shoulders","set_black_bastion_paladin_protection_shoulders","DIRECT_ASSET","web/elyndor-web/src/assets/items/sets/set_black_bastion_paladin_protection_shoulders.webp","item set/Черный бастион/Оплот Первого Стража.png","1 (4x2)"
"Item","SET_BLACK_BASTION_PALADIN_PROTECTION_WAIST","Пояс «Оплот Первого Стража»","Epic","Waist","set_black_bastion_paladin_protection_waist","DIRECT_ASSET","web/elyndor-web/src/assets/items/sets/set_black_bastion_paladin_protection_waist.webp","item set/Черный бастион/Оплот Первого Стража.png","5 (4x2)"
"Item","SET_BLACK_BASTION_PALADIN_PROTECTION_WRIST","Наручи «Оплот Первого Стража»","Epic","Wrist","set_black_bastion_paladin_protection_wrist","DIRECT_ASSET","web/elyndor-web/src/assets/items/sets/set_black_bastion_paladin_protection_wrist.webp","item set/Черный бастион/Оплот Первого Стража.png","3 (4x2)"
"Item","SET_BLACK_BASTION_PALADIN_RETRIBUTION_CHEST","Нагрудник «Латы Последнего Суда»","Epic","Chest","set_black_bastion_paladin_retribution_chest","DIRECT_ASSET","web/elyndor-web/src/assets/items/sets/set_black_bastion_paladin_retribution_chest.webp","item set/Черный бастион/Латы Последнего Суда.png","2 (4x2)"
"Item","SET_BLACK_BASTION_PALADIN_RETRIBUTION_FEET","Сапоги «Латы Последнего Суда»","Epic","Feet","set_black_bastion_paladin_retribution_feet","DIRECT_ASSET","web/elyndor-web/src/assets/items/sets/set_black_bastion_paladin_retribution_feet.webp","item set/Черный бастион/Латы Последнего Суда.png","7 (4x2)"
"Item","SET_BLACK_BASTION_PALADIN_RETRIBUTION_HANDS","Рукавицы «Латы Последнего Суда»","Epic","Hands","set_black_bastion_paladin_retribution_hands","DIRECT_ASSET","web/elyndor-web/src/assets/items/sets/set_black_bastion_paladin_retribution_hands.webp","item set/Черный бастион/Латы Последнего Суда.png","4 (4x2)"
"Item","SET_BLACK_BASTION_PALADIN_RETRIBUTION_HEAD","Шлем «Латы Последнего Суда»","Epic","Head","set_black_bastion_paladin_retribution_head","DIRECT_ASSET","web/elyndor-web/src/assets/items/sets/set_black_bastion_paladin_retribution_head.webp","item set/Черный бастион/Латы Последнего Суда.png","0 (4x2)"
"Item","SET_BLACK_BASTION_PALADIN_RETRIBUTION_LEGS","Поножи «Латы Последнего Суда»","Epic","Legs","set_black_bastion_paladin_retribution_legs","DIRECT_ASSET","web/elyndor-web/src/assets/items/sets/set_black_bastion_paladin_retribution_legs.webp","item set/Черный бастион/Латы Последнего Суда.png","6 (4x2)"
"Item","SET_BLACK_BASTION_PALADIN_RETRIBUTION_SHOULDERS","Наплечники «Латы Последнего Суда»","Epic","Shoulders","set_black_bastion_paladin_retribution_shoulders","DIRECT_ASSET","web/elyndor-web/src/assets/items/sets/set_black_bastion_paladin_retribution_shoulders.webp","item set/Черный бастион/Латы Последнего Суда.png","1 (4x2)"
"Item","SET_BLACK_BASTION_PALADIN_RETRIBUTION_WAIST","Пояс «Латы Последнего Суда»","Epic","Waist","set_black_bastion_paladin_retribution_waist","DIRECT_ASSET","web/elyndor-web/src/assets/items/sets/set_black_bastion_paladin_retribution_waist.webp","item set/Черный бастион/Латы Последнего Суда.png","5 (4x2)"
"Item","SET_BLACK_BASTION_PALADIN_RETRIBUTION_WRIST","Наручи «Латы Последнего Суда»","Epic","Wrist","set_black_bastion_paladin_retribution_wrist","DIRECT_ASSET","web/elyndor-web/src/assets/items/sets/set_black_bastion_paladin_retribution_wrist.webp","item set/Черный бастион/Латы Последнего Суда.png","3 (4x2)"
"Item","SET_BLACK_BASTION_WARRIOR_BERSERKER_CHEST","Нагрудник «Наследие Багрового Крушителя»","Epic","Chest","set_black_bastion_warrior_berserker_chest","DIRECT_ASSET","web/elyndor-web/src/assets/items/sets/set_black_bastion_warrior_berserker_chest.webp","item set/Черный бастион/Наследие Багрового Крушителя.png","2 (4x2)"
"Item","SET_BLACK_BASTION_WARRIOR_BERSERKER_FEET","Сапоги «Наследие Багрового Крушителя»","Epic","Feet","set_black_bastion_warrior_berserker_feet","DIRECT_ASSET","web/elyndor-web/src/assets/items/sets/set_black_bastion_warrior_berserker_feet.webp","item set/Черный бастион/Наследие Багрового Крушителя.png","7 (4x2)"
"Item","SET_BLACK_BASTION_WARRIOR_BERSERKER_HANDS","Рукавицы «Наследие Багрового Крушителя»","Epic","Hands","set_black_bastion_warrior_berserker_hands","DIRECT_ASSET","web/elyndor-web/src/assets/items/sets/set_black_bastion_warrior_berserker_hands.webp","item set/Черный бастион/Наследие Багрового Крушителя.png","4 (4x2)"
"Item","SET_BLACK_BASTION_WARRIOR_BERSERKER_HEAD","Шлем «Наследие Багрового Крушителя»","Epic","Head","set_black_bastion_warrior_berserker_head","DIRECT_ASSET","web/elyndor-web/src/assets/items/sets/set_black_bastion_warrior_berserker_head.webp","item set/Черный бастион/Наследие Багрового Крушителя.png","0 (4x2)"
"Item","SET_BLACK_BASTION_WARRIOR_BERSERKER_LEGS","Поножи «Наследие Багрового Крушителя»","Epic","Legs","set_black_bastion_warrior_berserker_legs","DIRECT_ASSET","web/elyndor-web/src/assets/items/sets/set_black_bastion_warrior_berserker_legs.webp","item set/Черный бастион/Наследие Багрового Крушителя.png","6 (4x2)"
"Item","SET_BLACK_BASTION_WARRIOR_BERSERKER_SHOULDERS","Наплечники «Наследие Багрового Крушителя»","Epic","Shoulders","set_black_bastion_warrior_berserker_shoulders","DIRECT_ASSET","web/elyndor-web/src/assets/items/sets/set_black_bastion_warrior_berserker_shoulders.webp","item set/Черный бастион/Наследие Багрового Крушителя.png","1 (4x2)"
"Item","SET_BLACK_BASTION_WARRIOR_BERSERKER_WAIST","Пояс «Наследие Багрового Крушителя»","Epic","Waist","set_black_bastion_warrior_berserker_waist","DIRECT_ASSET","web/elyndor-web/src/assets/items/sets/set_black_bastion_warrior_berserker_waist.webp","item set/Черный бастион/Наследие Багрового Крушителя.png","5 (4x2)"
"Item","SET_BLACK_BASTION_WARRIOR_BERSERKER_WRIST","Наручи «Наследие Багрового Крушителя»","Epic","Wrist","set_black_bastion_warrior_berserker_wrist","DIRECT_ASSET","web/elyndor-web/src/assets/items/sets/set_black_bastion_warrior_berserker_wrist.webp","item set/Черный бастион/Наследие Багрового Крушителя.png","3 (4x2)"
"Item","SET_BLACK_BASTION_WARRIOR_GUARDIAN_CHEST","Нагрудник «Доспехи Чёрного Бастиона»","Epic","Chest","set_black_bastion_warrior_guardian_chest","DIRECT_ASSET","web/elyndor-web/src/assets/items/sets/set_black_bastion_warrior_guardian_chest.webp","item set/Черный бастион/Доспехи Чёрного Бастиона.png","2 (4x2)"
"Item","SET_BLACK_BASTION_WARRIOR_GUARDIAN_FEET","Сапоги «Доспехи Чёрного Бастиона»","Epic","Feet","set_black_bastion_warrior_guardian_feet","DIRECT_ASSET","web/elyndor-web/src/assets/items/sets/set_black_bastion_warrior_guardian_feet.webp","item set/Черный бастион/Доспехи Чёрного Бастиона.png","7 (4x2)"
"Item","SET_BLACK_BASTION_WARRIOR_GUARDIAN_HANDS","Рукавицы «Доспехи Чёрного Бастиона»","Epic","Hands","set_black_bastion_warrior_guardian_hands","DIRECT_ASSET","web/elyndor-web/src/assets/items/sets/set_black_bastion_warrior_guardian_hands.webp","item set/Черный бастион/Доспехи Чёрного Бастиона.png","4 (4x2)"
"Item","SET_BLACK_BASTION_WARRIOR_GUARDIAN_HEAD","Шлем «Доспехи Чёрного Бастиона»","Epic","Head","set_black_bastion_warrior_guardian_head","DIRECT_ASSET","web/elyndor-web/src/assets/items/sets/set_black_bastion_warrior_guardian_head.webp","item set/Черный бастион/Доспехи Чёрного Бастиона.png","0 (4x2)"
"Item","SET_BLACK_BASTION_WARRIOR_GUARDIAN_LEGS","Поножи «Доспехи Чёрного Бастиона»","Epic","Legs","set_black_bastion_warrior_guardian_legs","DIRECT_ASSET","web/elyndor-web/src/assets/items/sets/set_black_bastion_warrior_guardian_legs.webp","item set/Черный бастион/Доспехи Чёрного Бастиона.png","6 (4x2)"
"Item","SET_BLACK_BASTION_WARRIOR_GUARDIAN_SHOULDERS","Наплечники «Доспехи Чёрного Бастиона»","Epic","Shoulders","set_black_bastion_warrior_guardian_shoulders","DIRECT_ASSET","web/elyndor-web/src/assets/items/sets/set_black_bastion_warrior_guardian_shoulders.webp","item set/Черный бастион/Доспехи Чёрного Бастиона.png","1 (4x2)"
"Item","SET_BLACK_BASTION_WARRIOR_GUARDIAN_WAIST","Пояс «Доспехи Чёрного Бастиона»","Epic","Waist","set_black_bastion_warrior_guardian_waist","DIRECT_ASSET","web/elyndor-web/src/assets/items/sets/set_black_bastion_warrior_guardian_waist.webp","item set/Черный бастион/Доспехи Чёрного Бастиона.png","5 (4x2)"
"Item","SET_BLACK_BASTION_WARRIOR_GUARDIAN_WRIST","Наручи «Доспехи Чёрного Бастиона»","Epic","Wrist","set_black_bastion_warrior_guardian_wrist","DIRECT_ASSET","web/elyndor-web/src/assets/items/sets/set_black_bastion_warrior_guardian_wrist.webp","item set/Черный бастион/Доспехи Чёрного Бастиона.png","3 (4x2)"
"Item","SET_BLACK_BASTION_WARRIOR_WARLORD_CHEST","Нагрудник «Регалии Пепельного Маршала»","Epic","Chest","set_black_bastion_warrior_warlord_chest","DIRECT_ASSET","web/elyndor-web/src/assets/items/sets/set_black_bastion_warrior_warlord_chest.webp","item set/Черный бастион/Регалии Пепельного Маршала.png","2 (4x2)"
"Item","SET_BLACK_BASTION_WARRIOR_WARLORD_FEET","Сапоги «Регалии Пепельного Маршала»","Epic","Feet","set_black_bastion_warrior_warlord_feet","DIRECT_ASSET","web/elyndor-web/src/assets/items/sets/set_black_bastion_warrior_warlord_feet.webp","item set/Черный бастион/Регалии Пепельного Маршала.png","7 (4x2)"
"Item","SET_BLACK_BASTION_WARRIOR_WARLORD_HANDS","Рукавицы «Регалии Пепельного Маршала»","Epic","Hands","set_black_bastion_warrior_warlord_hands","DIRECT_ASSET","web/elyndor-web/src/assets/items/sets/set_black_bastion_warrior_warlord_hands.webp","item set/Черный бастион/Регалии Пепельного Маршала.png","4 (4x2)"
"Item","SET_BLACK_BASTION_WARRIOR_WARLORD_HEAD","Шлем «Регалии Пепельного Маршала»","Epic","Head","set_black_bastion_warrior_warlord_head","DIRECT_ASSET","web/elyndor-web/src/assets/items/sets/set_black_bastion_warrior_warlord_head.webp","item set/Черный бастион/Регалии Пепельного Маршала.png","0 (4x2)"
"Item","SET_BLACK_BASTION_WARRIOR_WARLORD_LEGS","Поножи «Регалии Пепельного Маршала»","Epic","Legs","set_black_bastion_warrior_warlord_legs","DIRECT_ASSET","web/elyndor-web/src/assets/items/sets/set_black_bastion_warrior_warlord_legs.webp","item set/Черный бастион/Регалии Пепельного Маршала.png","6 (4x2)"
"Item","SET_BLACK_BASTION_WARRIOR_WARLORD_SHOULDERS","Наплечники «Регалии Пепельного Маршала»","Epic","Shoulders","set_black_bastion_warrior_warlord_shoulders","DIRECT_ASSET","web/elyndor-web/src/assets/items/sets/set_black_bastion_warrior_warlord_shoulders.webp","item set/Черный бастион/Регалии Пепельного Маршала.png","1 (4x2)"
"Item","SET_BLACK_BASTION_WARRIOR_WARLORD_WAIST","Пояс «Регалии Пепельного Маршала»","Epic","Waist","set_black_bastion_warrior_warlord_waist","DIRECT_ASSET","web/elyndor-web/src/assets/items/sets/set_black_bastion_warrior_warlord_waist.webp","item set/Черный бастион/Регалии Пепельного Маршала.png","5 (4x2)"
"Item","SET_BLACK_BASTION_WARRIOR_WARLORD_WRIST","Наручи «Регалии Пепельного Маршала»","Epic","Wrist","set_black_bastion_warrior_warlord_wrist","DIRECT_ASSET","web/elyndor-web/src/assets/items/sets/set_black_bastion_warrior_warlord_wrist.webp","item set/Черный бастион/Регалии Пепельного Маршала.png","3 (4x2)"
"Item","SET_HEART_OF_BLIGHTED_GROVE_ARCHER_BEAST_MASTERY_CHEST","Нагрудник «Шкуры Вожака Чащи»","Epic","Chest","set_heart_of_blighted_grove_archer_beast_mastery_chest","DIRECT_ASSET","web/elyndor-web/src/assets/items/sets/set_heart_of_blighted_grove_archer_beast_mastery_chest.webp","item set/Сердце Осквернённой Чащи/Шкуры Вожака Чащи.png","2 (3x2)"
"Item","SET_HEART_OF_BLIGHTED_GROVE_ARCHER_BEAST_MASTERY_FEET","Сапоги «Шкуры Вожака Чащи»","Epic","Feet","set_heart_of_blighted_grove_archer_beast_mastery_feet","DIRECT_ASSET","web/elyndor-web/src/assets/items/sets/set_heart_of_blighted_grove_archer_beast_mastery_feet.webp","item set/Сердце Осквернённой Чащи/Шкуры Вожака Чащи.png","5 (3x2)"
"Item","SET_HEART_OF_BLIGHTED_GROVE_ARCHER_BEAST_MASTERY_HANDS","Рукавицы «Шкуры Вожака Чащи»","Epic","Hands","set_heart_of_blighted_grove_archer_beast_mastery_hands","DIRECT_ASSET","web/elyndor-web/src/assets/items/sets/set_heart_of_blighted_grove_archer_beast_mastery_hands.webp","item set/Сердце Осквернённой Чащи/Шкуры Вожака Чащи.png","3 (3x2)"
"Item","SET_HEART_OF_BLIGHTED_GROVE_ARCHER_BEAST_MASTERY_HEAD","Шлем «Шкуры Вожака Чащи»","Epic","Head","set_heart_of_blighted_grove_archer_beast_mastery_head","DIRECT_ASSET","web/elyndor-web/src/assets/items/sets/set_heart_of_blighted_grove_archer_beast_mastery_head.webp","item set/Сердце Осквернённой Чащи/Шкуры Вожака Чащи.png","0 (3x2)"
"Item","SET_HEART_OF_BLIGHTED_GROVE_ARCHER_BEAST_MASTERY_LEGS","Поножи «Шкуры Вожака Чащи»","Epic","Legs","set_heart_of_blighted_grove_archer_beast_mastery_legs","DIRECT_ASSET","web/elyndor-web/src/assets/items/sets/set_heart_of_blighted_grove_archer_beast_mastery_legs.webp","item set/Сердце Осквернённой Чащи/Шкуры Вожака Чащи.png","4 (3x2)"
"Item","SET_HEART_OF_BLIGHTED_GROVE_ARCHER_BEAST_MASTERY_SHOULDERS","Наплечники «Шкуры Вожака Чащи»","Epic","Shoulders","set_heart_of_blighted_grove_archer_beast_mastery_shoulders","DIRECT_ASSET","web/elyndor-web/src/assets/items/sets/set_heart_of_blighted_grove_archer_beast_mastery_shoulders.webp","item set/Сердце Осквернённой Чащи/Шкуры Вожака Чащи.png","1 (3x2)"
"Item","SET_HEART_OF_BLIGHTED_GROVE_ARCHER_MARKSMANSHIP_CHEST","Нагрудник «Клятва Дикого Следа»","Epic","Chest","set_heart_of_blighted_grove_archer_marksmanship_chest","DIRECT_ASSET","web/elyndor-web/src/assets/items/sets/set_heart_of_blighted_grove_archer_marksmanship_chest.webp","item set/Сердце Осквернённой Чащи/Клятва Дикого Следа.png","2 (3x2)"
"Item","SET_HEART_OF_BLIGHTED_GROVE_ARCHER_MARKSMANSHIP_FEET","Сапоги «Клятва Дикого Следа»","Epic","Feet","set_heart_of_blighted_grove_archer_marksmanship_feet","DIRECT_ASSET","web/elyndor-web/src/assets/items/sets/set_heart_of_blighted_grove_archer_marksmanship_feet.webp","item set/Сердце Осквернённой Чащи/Клятва Дикого Следа.png","5 (3x2)"
"Item","SET_HEART_OF_BLIGHTED_GROVE_ARCHER_MARKSMANSHIP_HANDS","Рукавицы «Клятва Дикого Следа»","Epic","Hands","set_heart_of_blighted_grove_archer_marksmanship_hands","DIRECT_ASSET","web/elyndor-web/src/assets/items/sets/set_heart_of_blighted_grove_archer_marksmanship_hands.webp","item set/Сердце Осквернённой Чащи/Клятва Дикого Следа.png","3 (3x2)"
"Item","SET_HEART_OF_BLIGHTED_GROVE_ARCHER_MARKSMANSHIP_HEAD","Шлем «Клятва Дикого Следа»","Epic","Head","set_heart_of_blighted_grove_archer_marksmanship_head","DIRECT_ASSET","web/elyndor-web/src/assets/items/sets/set_heart_of_blighted_grove_archer_marksmanship_head.webp","item set/Сердце Осквернённой Чащи/Клятва Дикого Следа.png","0 (3x2)"
"Item","SET_HEART_OF_BLIGHTED_GROVE_ARCHER_MARKSMANSHIP_LEGS","Поножи «Клятва Дикого Следа»","Epic","Legs","set_heart_of_blighted_grove_archer_marksmanship_legs","DIRECT_ASSET","web/elyndor-web/src/assets/items/sets/set_heart_of_blighted_grove_archer_marksmanship_legs.webp","item set/Сердце Осквернённой Чащи/Клятва Дикого Следа.png","4 (3x2)"
"Item","SET_HEART_OF_BLIGHTED_GROVE_ARCHER_MARKSMANSHIP_SHOULDERS","Наплечники «Клятва Дикого Следа»","Epic","Shoulders","set_heart_of_blighted_grove_archer_marksmanship_shoulders","DIRECT_ASSET","web/elyndor-web/src/assets/items/sets/set_heart_of_blighted_grove_archer_marksmanship_shoulders.webp","item set/Сердце Осквернённой Чащи/Клятва Дикого Следа.png","1 (3x2)"
"Item","SET_HEART_OF_BLIGHTED_GROVE_ARCHER_SURVIVAL_CHEST","Нагрудник «Шкуры Ядовитого Следа»","Epic","Chest","set_heart_of_blighted_grove_archer_survival_chest","DIRECT_ASSET","web/elyndor-web/src/assets/items/sets/set_heart_of_blighted_grove_archer_survival_chest.webp","item set/Сердце Осквернённой Чащи/Шкуры Ядовитого Следа.png","2 (3x2)"
"Item","SET_HEART_OF_BLIGHTED_GROVE_ARCHER_SURVIVAL_FEET","Сапоги «Шкуры Ядовитого Следа»","Epic","Feet","set_heart_of_blighted_grove_archer_survival_feet","DIRECT_ASSET","web/elyndor-web/src/assets/items/sets/set_heart_of_blighted_grove_archer_survival_feet.webp","item set/Сердце Осквернённой Чащи/Шкуры Ядовитого Следа.png","5 (3x2)"
"Item","SET_HEART_OF_BLIGHTED_GROVE_ARCHER_SURVIVAL_HANDS","Рукавицы «Шкуры Ядовитого Следа»","Epic","Hands","set_heart_of_blighted_grove_archer_survival_hands","DIRECT_ASSET","web/elyndor-web/src/assets/items/sets/set_heart_of_blighted_grove_archer_survival_hands.webp","item set/Сердце Осквернённой Чащи/Шкуры Ядовитого Следа.png","3 (3x2)"
"Item","SET_HEART_OF_BLIGHTED_GROVE_ARCHER_SURVIVAL_HEAD","Шлем «Шкуры Ядовитого Следа»","Epic","Head","set_heart_of_blighted_grove_archer_survival_head","DIRECT_ASSET","web/elyndor-web/src/assets/items/sets/set_heart_of_blighted_grove_archer_survival_head.webp","item set/Сердце Осквернённой Чащи/Шкуры Ядовитого Следа.png","0 (3x2)"
"Item","SET_HEART_OF_BLIGHTED_GROVE_ARCHER_SURVIVAL_LEGS","Поножи «Шкуры Ядовитого Следа»","Epic","Legs","set_heart_of_blighted_grove_archer_survival_legs","DIRECT_ASSET","web/elyndor-web/src/assets/items/sets/set_heart_of_blighted_grove_archer_survival_legs.webp","item set/Сердце Осквернённой Чащи/Шкуры Ядовитого Следа.png","4 (3x2)"
"Item","SET_HEART_OF_BLIGHTED_GROVE_ARCHER_SURVIVAL_SHOULDERS","Наплечники «Шкуры Ядовитого Следа»","Epic","Shoulders","set_heart_of_blighted_grove_archer_survival_shoulders","DIRECT_ASSET","web/elyndor-web/src/assets/items/sets/set_heart_of_blighted_grove_archer_survival_shoulders.webp","item set/Сердце Осквернённой Чащи/Шкуры Ядовитого Следа.png","1 (3x2)"
"Item","SET_HEART_OF_BLIGHTED_GROVE_MAGE_ARCANE_CHEST","Нагрудник «Ризы Корневого Резонанса»","Epic","Chest","set_heart_of_blighted_grove_mage_arcane_chest","DIRECT_ASSET","web/elyndor-web/src/assets/items/sets/set_heart_of_blighted_grove_mage_arcane_chest.webp","item set/Сердце Осквернённой Чащи/Ризы Корневого Резонанса.png","2 (3x2)"
"Item","SET_HEART_OF_BLIGHTED_GROVE_MAGE_ARCANE_FEET","Сапоги «Ризы Корневого Резонанса»","Epic","Feet","set_heart_of_blighted_grove_mage_arcane_feet","DIRECT_ASSET","web/elyndor-web/src/assets/items/sets/set_heart_of_blighted_grove_mage_arcane_feet.webp","item set/Сердце Осквернённой Чащи/Ризы Корневого Резонанса.png","5 (3x2)"
"Item","SET_HEART_OF_BLIGHTED_GROVE_MAGE_ARCANE_HANDS","Рукавицы «Ризы Корневого Резонанса»","Epic","Hands","set_heart_of_blighted_grove_mage_arcane_hands","DIRECT_ASSET","web/elyndor-web/src/assets/items/sets/set_heart_of_blighted_grove_mage_arcane_hands.webp","item set/Сердце Осквернённой Чащи/Ризы Корневого Резонанса.png","3 (3x2)"
"Item","SET_HEART_OF_BLIGHTED_GROVE_MAGE_ARCANE_HEAD","Шлем «Ризы Корневого Резонанса»","Epic","Head","set_heart_of_blighted_grove_mage_arcane_head","DIRECT_ASSET","web/elyndor-web/src/assets/items/sets/set_heart_of_blighted_grove_mage_arcane_head.webp","item set/Сердце Осквернённой Чащи/Ризы Корневого Резонанса.png","0 (3x2)"
"Item","SET_HEART_OF_BLIGHTED_GROVE_MAGE_ARCANE_LEGS","Поножи «Ризы Корневого Резонанса»","Epic","Legs","set_heart_of_blighted_grove_mage_arcane_legs","DIRECT_ASSET","web/elyndor-web/src/assets/items/sets/set_heart_of_blighted_grove_mage_arcane_legs.webp","item set/Сердце Осквернённой Чащи/Ризы Корневого Резонанса.png","4 (3x2)"
"Item","SET_HEART_OF_BLIGHTED_GROVE_MAGE_ARCANE_SHOULDERS","Наплечники «Ризы Корневого Резонанса»","Epic","Shoulders","set_heart_of_blighted_grove_mage_arcane_shoulders","DIRECT_ASSET","web/elyndor-web/src/assets/items/sets/set_heart_of_blighted_grove_mage_arcane_shoulders.webp","item set/Сердце Осквернённой Чащи/Ризы Корневого Резонанса.png","1 (3x2)"
"Item","SET_HEART_OF_BLIGHTED_GROVE_MAGE_FIRE_CHEST","Нагрудник «Венец Пылающей Чащи»","Epic","Chest","set_heart_of_blighted_grove_mage_fire_chest","DIRECT_ASSET","web/elyndor-web/src/assets/items/sets/set_heart_of_blighted_grove_mage_fire_chest.webp","item set/Сердце Осквернённой Чащи/Венец Пылающей Чащи.png","2 (3x2)"
"Item","SET_HEART_OF_BLIGHTED_GROVE_MAGE_FIRE_FEET","Сапоги «Венец Пылающей Чащи»","Epic","Feet","set_heart_of_blighted_grove_mage_fire_feet","DIRECT_ASSET","web/elyndor-web/src/assets/items/sets/set_heart_of_blighted_grove_mage_fire_feet.webp","item set/Сердце Осквернённой Чащи/Венец Пылающей Чащи.png","5 (3x2)"
"Item","SET_HEART_OF_BLIGHTED_GROVE_MAGE_FIRE_HANDS","Рукавицы «Венец Пылающей Чащи»","Epic","Hands","set_heart_of_blighted_grove_mage_fire_hands","DIRECT_ASSET","web/elyndor-web/src/assets/items/sets/set_heart_of_blighted_grove_mage_fire_hands.webp","item set/Сердце Осквернённой Чащи/Венец Пылающей Чащи.png","3 (3x2)"
"Item","SET_HEART_OF_BLIGHTED_GROVE_MAGE_FIRE_HEAD","Шлем «Венец Пылающей Чащи»","Epic","Head","set_heart_of_blighted_grove_mage_fire_head","DIRECT_ASSET","web/elyndor-web/src/assets/items/sets/set_heart_of_blighted_grove_mage_fire_head.webp","item set/Сердце Осквернённой Чащи/Венец Пылающей Чащи.png","0 (3x2)"
"Item","SET_HEART_OF_BLIGHTED_GROVE_MAGE_FIRE_LEGS","Поножи «Венец Пылающей Чащи»","Epic","Legs","set_heart_of_blighted_grove_mage_fire_legs","DIRECT_ASSET","web/elyndor-web/src/assets/items/sets/set_heart_of_blighted_grove_mage_fire_legs.webp","item set/Сердце Осквернённой Чащи/Венец Пылающей Чащи.png","4 (3x2)"
"Item","SET_HEART_OF_BLIGHTED_GROVE_MAGE_FIRE_SHOULDERS","Наплечники «Венец Пылающей Чащи»","Epic","Shoulders","set_heart_of_blighted_grove_mage_fire_shoulders","DIRECT_ASSET","web/elyndor-web/src/assets/items/sets/set_heart_of_blighted_grove_mage_fire_shoulders.webp","item set/Сердце Осквернённой Чащи/Венец Пылающей Чащи.png","1 (3x2)"
"Item","SET_HEART_OF_BLIGHTED_GROVE_MAGE_FROST_CHEST","Нагрудник «Покров Белого Корня»","Epic","Chest","set_heart_of_blighted_grove_mage_frost_chest","DIRECT_ASSET","web/elyndor-web/src/assets/items/sets/set_heart_of_blighted_grove_mage_frost_chest.webp","item set/Сердце Осквернённой Чащи/Покров Белого Корня.png","2 (3x2)"
"Item","SET_HEART_OF_BLIGHTED_GROVE_MAGE_FROST_FEET","Сапоги «Покров Белого Корня»","Epic","Feet","set_heart_of_blighted_grove_mage_frost_feet","DIRECT_ASSET","web/elyndor-web/src/assets/items/sets/set_heart_of_blighted_grove_mage_frost_feet.webp","item set/Сердце Осквернённой Чащи/Покров Белого Корня.png","5 (3x2)"
"Item","SET_HEART_OF_BLIGHTED_GROVE_MAGE_FROST_HANDS","Рукавицы «Покров Белого Корня»","Epic","Hands","set_heart_of_blighted_grove_mage_frost_hands","DIRECT_ASSET","web/elyndor-web/src/assets/items/sets/set_heart_of_blighted_grove_mage_frost_hands.webp","item set/Сердце Осквернённой Чащи/Покров Белого Корня.png","3 (3x2)"
"Item","SET_HEART_OF_BLIGHTED_GROVE_MAGE_FROST_HEAD","Шлем «Покров Белого Корня»","Epic","Head","set_heart_of_blighted_grove_mage_frost_head","DIRECT_ASSET","web/elyndor-web/src/assets/items/sets/set_heart_of_blighted_grove_mage_frost_head.webp","item set/Сердце Осквернённой Чащи/Покров Белого Корня.png","0 (3x2)"
"Item","SET_HEART_OF_BLIGHTED_GROVE_MAGE_FROST_LEGS","Поножи «Покров Белого Корня»","Epic","Legs","set_heart_of_blighted_grove_mage_frost_legs","DIRECT_ASSET","web/elyndor-web/src/assets/items/sets/set_heart_of_blighted_grove_mage_frost_legs.webp","item set/Сердце Осквернённой Чащи/Покров Белого Корня.png","4 (3x2)"
"Item","SET_HEART_OF_BLIGHTED_GROVE_MAGE_FROST_SHOULDERS","Наплечники «Покров Белого Корня»","Epic","Shoulders","set_heart_of_blighted_grove_mage_frost_shoulders","DIRECT_ASSET","web/elyndor-web/src/assets/items/sets/set_heart_of_blighted_grove_mage_frost_shoulders.webp","item set/Сердце Осквернённой Чащи/Покров Белого Корня.png","1 (3x2)"
"Item","SET_HEART_OF_BLIGHTED_GROVE_PALADIN_HOLY_CHEST","Нагрудник «Доспех Рассвета Чащи»","Epic","Chest","set_heart_of_blighted_grove_paladin_holy_chest","DIRECT_ASSET","web/elyndor-web/src/assets/items/sets/set_heart_of_blighted_grove_paladin_holy_chest.webp","item set/Сердце Осквернённой Чащи/Доспех Рассвета Чащи.png","2 (3x2)"
"Item","SET_HEART_OF_BLIGHTED_GROVE_PALADIN_HOLY_FEET","Сапоги «Доспех Рассвета Чащи»","Epic","Feet","set_heart_of_blighted_grove_paladin_holy_feet","DIRECT_ASSET","web/elyndor-web/src/assets/items/sets/set_heart_of_blighted_grove_paladin_holy_feet.webp","item set/Сердце Осквернённой Чащи/Доспех Рассвета Чащи.png","5 (3x2)"
"Item","SET_HEART_OF_BLIGHTED_GROVE_PALADIN_HOLY_HANDS","Рукавицы «Доспех Рассвета Чащи»","Epic","Hands","set_heart_of_blighted_grove_paladin_holy_hands","DIRECT_ASSET","web/elyndor-web/src/assets/items/sets/set_heart_of_blighted_grove_paladin_holy_hands.webp","item set/Сердце Осквернённой Чащи/Доспех Рассвета Чащи.png","3 (3x2)"
"Item","SET_HEART_OF_BLIGHTED_GROVE_PALADIN_HOLY_HEAD","Шлем «Доспех Рассвета Чащи»","Epic","Head","set_heart_of_blighted_grove_paladin_holy_head","DIRECT_ASSET","web/elyndor-web/src/assets/items/sets/set_heart_of_blighted_grove_paladin_holy_head.webp","item set/Сердце Осквернённой Чащи/Доспех Рассвета Чащи.png","0 (3x2)"
"Item","SET_HEART_OF_BLIGHTED_GROVE_PALADIN_HOLY_LEGS","Поножи «Доспех Рассвета Чащи»","Epic","Legs","set_heart_of_blighted_grove_paladin_holy_legs","DIRECT_ASSET","web/elyndor-web/src/assets/items/sets/set_heart_of_blighted_grove_paladin_holy_legs.webp","item set/Сердце Осквернённой Чащи/Доспех Рассвета Чащи.png","4 (3x2)"
"Item","SET_HEART_OF_BLIGHTED_GROVE_PALADIN_HOLY_SHOULDERS","Наплечники «Доспех Рассвета Чащи»","Epic","Shoulders","set_heart_of_blighted_grove_paladin_holy_shoulders","DIRECT_ASSET","web/elyndor-web/src/assets/items/sets/set_heart_of_blighted_grove_paladin_holy_shoulders.webp","item set/Сердце Осквернённой Чащи/Доспех Рассвета Чащи.png","1 (3x2)"
"Item","SET_HEART_OF_BLIGHTED_GROVE_PALADIN_PROTECTION_CHEST","Нагрудник «Оплот Живого Сердца»","Epic","Chest","set_heart_of_blighted_grove_paladin_protection_chest","DIRECT_ASSET","web/elyndor-web/src/assets/items/sets/set_heart_of_blighted_grove_paladin_protection_chest.webp","item set/Сердце Осквернённой Чащи/Оплот Живого Сердца.png","2 (3x2)"
"Item","SET_HEART_OF_BLIGHTED_GROVE_PALADIN_PROTECTION_FEET","Сапоги «Оплот Живого Сердца»","Epic","Feet","set_heart_of_blighted_grove_paladin_protection_feet","DIRECT_ASSET","web/elyndor-web/src/assets/items/sets/set_heart_of_blighted_grove_paladin_protection_feet.webp","item set/Сердце Осквернённой Чащи/Оплот Живого Сердца.png","5 (3x2)"
"Item","SET_HEART_OF_BLIGHTED_GROVE_PALADIN_PROTECTION_HANDS","Рукавицы «Оплот Живого Сердца»","Epic","Hands","set_heart_of_blighted_grove_paladin_protection_hands","DIRECT_ASSET","web/elyndor-web/src/assets/items/sets/set_heart_of_blighted_grove_paladin_protection_hands.webp","item set/Сердце Осквернённой Чащи/Оплот Живого Сердца.png","3 (3x2)"
"Item","SET_HEART_OF_BLIGHTED_GROVE_PALADIN_PROTECTION_HEAD","Шлем «Оплот Живого Сердца»","Epic","Head","set_heart_of_blighted_grove_paladin_protection_head","DIRECT_ASSET","web/elyndor-web/src/assets/items/sets/set_heart_of_blighted_grove_paladin_protection_head.webp","item set/Сердце Осквернённой Чащи/Оплот Живого Сердца.png","0 (3x2)"
"Item","SET_HEART_OF_BLIGHTED_GROVE_PALADIN_PROTECTION_LEGS","Поножи «Оплот Живого Сердца»","Epic","Legs","set_heart_of_blighted_grove_paladin_protection_legs","DIRECT_ASSET","web/elyndor-web/src/assets/items/sets/set_heart_of_blighted_grove_paladin_protection_legs.webp","item set/Сердце Осквернённой Чащи/Оплот Живого Сердца.png","4 (3x2)"
"Item","SET_HEART_OF_BLIGHTED_GROVE_PALADIN_PROTECTION_SHOULDERS","Наплечники «Оплот Живого Сердца»","Epic","Shoulders","set_heart_of_blighted_grove_paladin_protection_shoulders","DIRECT_ASSET","web/elyndor-web/src/assets/items/sets/set_heart_of_blighted_grove_paladin_protection_shoulders.webp","item set/Сердце Осквернённой Чащи/Оплот Живого Сердца.png","1 (3x2)"
"Item","SET_HEART_OF_BLIGHTED_GROVE_PALADIN_RETRIBUTION_CHEST","Нагрудник «Латы Очищающего Пламени»","Epic","Chest","set_heart_of_blighted_grove_paladin_retribution_chest","DIRECT_ASSET","web/elyndor-web/src/assets/items/sets/set_heart_of_blighted_grove_paladin_retribution_chest.webp","item set/Сердце Осквернённой Чащи/Латы Очищающего Пламени.png","2 (3x2)"
"Item","SET_HEART_OF_BLIGHTED_GROVE_PALADIN_RETRIBUTION_FEET","Сапоги «Латы Очищающего Пламени»","Epic","Feet","set_heart_of_blighted_grove_paladin_retribution_feet","DIRECT_ASSET","web/elyndor-web/src/assets/items/sets/set_heart_of_blighted_grove_paladin_retribution_feet.webp","item set/Сердце Осквернённой Чащи/Латы Очищающего Пламени.png","5 (3x2)"
"Item","SET_HEART_OF_BLIGHTED_GROVE_PALADIN_RETRIBUTION_HANDS","Рукавицы «Латы Очищающего Пламени»","Epic","Hands","set_heart_of_blighted_grove_paladin_retribution_hands","DIRECT_ASSET","web/elyndor-web/src/assets/items/sets/set_heart_of_blighted_grove_paladin_retribution_hands.webp","item set/Сердце Осквернённой Чащи/Латы Очищающего Пламени.png","3 (3x2)"
"Item","SET_HEART_OF_BLIGHTED_GROVE_PALADIN_RETRIBUTION_HEAD","Шлем «Латы Очищающего Пламени»","Epic","Head","set_heart_of_blighted_grove_paladin_retribution_head","DIRECT_ASSET","web/elyndor-web/src/assets/items/sets/set_heart_of_blighted_grove_paladin_retribution_head.webp","item set/Сердце Осквернённой Чащи/Латы Очищающего Пламени.png","0 (3x2)"
"Item","SET_HEART_OF_BLIGHTED_GROVE_PALADIN_RETRIBUTION_LEGS","Поножи «Латы Очищающего Пламени»","Epic","Legs","set_heart_of_blighted_grove_paladin_retribution_legs","DIRECT_ASSET","web/elyndor-web/src/assets/items/sets/set_heart_of_blighted_grove_paladin_retribution_legs.webp","item set/Сердце Осквернённой Чащи/Латы Очищающего Пламени.png","4 (3x2)"
"Item","SET_HEART_OF_BLIGHTED_GROVE_PALADIN_RETRIBUTION_SHOULDERS","Наплечники «Латы Очищающего Пламени»","Epic","Shoulders","set_heart_of_blighted_grove_paladin_retribution_shoulders","DIRECT_ASSET","web/elyndor-web/src/assets/items/sets/set_heart_of_blighted_grove_paladin_retribution_shoulders.webp","item set/Сердце Осквернённой Чащи/Латы Очищающего Пламени.png","1 (3x2)"
"Item","SET_HEART_OF_BLIGHTED_GROVE_WARRIOR_BERSERKER_CHEST","Нагрудник «Клятва Багровой Ярости»","Epic","Chest","set_heart_of_blighted_grove_warrior_berserker_chest","DIRECT_ASSET","web/elyndor-web/src/assets/items/sets/set_heart_of_blighted_grove_warrior_berserker_chest.webp","item set/Сердце Осквернённой Чащи/Клятва Багровой Ярости.png","2 (3x2)"
"Item","SET_HEART_OF_BLIGHTED_GROVE_WARRIOR_BERSERKER_FEET","Сапоги «Клятва Багровой Ярости»","Epic","Feet","set_heart_of_blighted_grove_warrior_berserker_feet","DIRECT_ASSET","web/elyndor-web/src/assets/items/sets/set_heart_of_blighted_grove_warrior_berserker_feet.webp","item set/Сердце Осквернённой Чащи/Клятва Багровой Ярости.png","5 (3x2)"
"Item","SET_HEART_OF_BLIGHTED_GROVE_WARRIOR_BERSERKER_HANDS","Рукавицы «Клятва Багровой Ярости»","Epic","Hands","set_heart_of_blighted_grove_warrior_berserker_hands","DIRECT_ASSET","web/elyndor-web/src/assets/items/sets/set_heart_of_blighted_grove_warrior_berserker_hands.webp","item set/Сердце Осквернённой Чащи/Клятва Багровой Ярости.png","3 (3x2)"
"Item","SET_HEART_OF_BLIGHTED_GROVE_WARRIOR_BERSERKER_HEAD","Шлем «Клятва Багровой Ярости»","Epic","Head","set_heart_of_blighted_grove_warrior_berserker_head","DIRECT_ASSET","web/elyndor-web/src/assets/items/sets/set_heart_of_blighted_grove_warrior_berserker_head.webp","item set/Сердце Осквернённой Чащи/Клятва Багровой Ярости.png","0 (3x2)"
"Item","SET_HEART_OF_BLIGHTED_GROVE_WARRIOR_BERSERKER_LEGS","Поножи «Клятва Багровой Ярости»","Epic","Legs","set_heart_of_blighted_grove_warrior_berserker_legs","DIRECT_ASSET","web/elyndor-web/src/assets/items/sets/set_heart_of_blighted_grove_warrior_berserker_legs.webp","item set/Сердце Осквернённой Чащи/Клятва Багровой Ярости.png","4 (3x2)"
"Item","SET_HEART_OF_BLIGHTED_GROVE_WARRIOR_BERSERKER_SHOULDERS","Наплечники «Клятва Багровой Ярости»","Epic","Shoulders","set_heart_of_blighted_grove_warrior_berserker_shoulders","DIRECT_ASSET","web/elyndor-web/src/assets/items/sets/set_heart_of_blighted_grove_warrior_berserker_shoulders.webp","item set/Сердце Осквернённой Чащи/Клятва Багровой Ярости.png","1 (3x2)"
"Item","SET_HEART_OF_BLIGHTED_GROVE_WARRIOR_GUARDIAN_CHEST","Нагрудник «Доспех Хранителя Сердца»","Epic","Chest","set_heart_of_blighted_grove_warrior_guardian_chest","DIRECT_ASSET","web/elyndor-web/src/assets/items/sets/set_heart_of_blighted_grove_warrior_guardian_chest.webp","item set/Сердце Осквернённой Чащи/Доспех Хранителя Сердца.png","2 (3x2)"
"Item","SET_HEART_OF_BLIGHTED_GROVE_WARRIOR_GUARDIAN_FEET","Сапоги «Доспех Хранителя Сердца»","Epic","Feet","set_heart_of_blighted_grove_warrior_guardian_feet","DIRECT_ASSET","web/elyndor-web/src/assets/items/sets/set_heart_of_blighted_grove_warrior_guardian_feet.webp","item set/Сердце Осквернённой Чащи/Доспех Хранителя Сердца.png","5 (3x2)"
"Item","SET_HEART_OF_BLIGHTED_GROVE_WARRIOR_GUARDIAN_HANDS","Рукавицы «Доспех Хранителя Сердца»","Epic","Hands","set_heart_of_blighted_grove_warrior_guardian_hands","DIRECT_ASSET","web/elyndor-web/src/assets/items/sets/set_heart_of_blighted_grove_warrior_guardian_hands.webp","item set/Сердце Осквернённой Чащи/Доспех Хранителя Сердца.png","3 (3x2)"
"Item","SET_HEART_OF_BLIGHTED_GROVE_WARRIOR_GUARDIAN_HEAD","Шлем «Доспех Хранителя Сердца»","Epic","Head","set_heart_of_blighted_grove_warrior_guardian_head","DIRECT_ASSET","web/elyndor-web/src/assets/items/sets/set_heart_of_blighted_grove_warrior_guardian_head.webp","item set/Сердце Осквернённой Чащи/Доспех Хранителя Сердца.png","0 (3x2)"
"Item","SET_HEART_OF_BLIGHTED_GROVE_WARRIOR_GUARDIAN_LEGS","Поножи «Доспех Хранителя Сердца»","Epic","Legs","set_heart_of_blighted_grove_warrior_guardian_legs","DIRECT_ASSET","web/elyndor-web/src/assets/items/sets/set_heart_of_blighted_grove_warrior_guardian_legs.webp","item set/Сердце Осквернённой Чащи/Доспех Хранителя Сердца.png","4 (3x2)"
"Item","SET_HEART_OF_BLIGHTED_GROVE_WARRIOR_GUARDIAN_SHOULDERS","Наплечники «Доспех Хранителя Сердца»","Epic","Shoulders","set_heart_of_blighted_grove_warrior_guardian_shoulders","DIRECT_ASSET","web/elyndor-web/src/assets/items/sets/set_heart_of_blighted_grove_warrior_guardian_shoulders.webp","item set/Сердце Осквернённой Чащи/Доспех Хранителя Сердца.png","1 (3x2)"
"Item","SET_HEART_OF_BLIGHTED_GROVE_WARRIOR_WARLORD_CHEST","Нагрудник «Регалии Багрового Полководца»","Epic","Chest","set_heart_of_blighted_grove_warrior_warlord_chest","DIRECT_ASSET","web/elyndor-web/src/assets/items/sets/set_heart_of_blighted_grove_warrior_warlord_chest.webp","item set/Сердце Осквернённой Чащи/Регалии Багрового Полководца.png","2 (3x2)"
"Item","SET_HEART_OF_BLIGHTED_GROVE_WARRIOR_WARLORD_FEET","Сапоги «Регалии Багрового Полководца»","Epic","Feet","set_heart_of_blighted_grove_warrior_warlord_feet","DIRECT_ASSET","web/elyndor-web/src/assets/items/sets/set_heart_of_blighted_grove_warrior_warlord_feet.webp","item set/Сердце Осквернённой Чащи/Регалии Багрового Полководца.png","5 (3x2)"
"Item","SET_HEART_OF_BLIGHTED_GROVE_WARRIOR_WARLORD_HANDS","Рукавицы «Регалии Багрового Полководца»","Epic","Hands","set_heart_of_blighted_grove_warrior_warlord_hands","DIRECT_ASSET","web/elyndor-web/src/assets/items/sets/set_heart_of_blighted_grove_warrior_warlord_hands.webp","item set/Сердце Осквернённой Чащи/Регалии Багрового Полководца.png","3 (3x2)"
"Item","SET_HEART_OF_BLIGHTED_GROVE_WARRIOR_WARLORD_HEAD","Шлем «Регалии Багрового Полководца»","Epic","Head","set_heart_of_blighted_grove_warrior_warlord_head","DIRECT_ASSET","web/elyndor-web/src/assets/items/sets/set_heart_of_blighted_grove_warrior_warlord_head.webp","item set/Сердце Осквернённой Чащи/Регалии Багрового Полководца.png","0 (3x2)"
"Item","SET_HEART_OF_BLIGHTED_GROVE_WARRIOR_WARLORD_LEGS","Поножи «Регалии Багрового Полководца»","Epic","Legs","set_heart_of_blighted_grove_warrior_warlord_legs","DIRECT_ASSET","web/elyndor-web/src/assets/items/sets/set_heart_of_blighted_grove_warrior_warlord_legs.webp","item set/Сердце Осквернённой Чащи/Регалии Багрового Полководца.png","4 (3x2)"
"Item","SET_HEART_OF_BLIGHTED_GROVE_WARRIOR_WARLORD_SHOULDERS","Наплечники «Регалии Багрового Полководца»","Epic","Shoulders","set_heart_of_blighted_grove_warrior_warlord_shoulders","DIRECT_ASSET","web/elyndor-web/src/assets/items/sets/set_heart_of_blighted_grove_warrior_warlord_shoulders.webp","item set/Сердце Осквернённой Чащи/Регалии Багрового Полководца.png","1 (3x2)"
"Item","SET_SHATTERED_ORDER_RAID_ARCHER_BEAST_MASTERY_CHEST","Нагрудник «Клятва Зеркального Зверолова»","Epic","Chest","set_shattered_order_raid_archer_beast_mastery_chest","DIRECT_ASSET","web/elyndor-web/src/assets/items/sets/set_shattered_order_raid_archer_beast_mastery_chest.webp","item set/Цитадель Расколотого Ордена/Клятва Зеркального Зверолова.png","2 (3x2)"
"Item","SET_SHATTERED_ORDER_RAID_ARCHER_BEAST_MASTERY_FEET","Сапоги «Клятва Зеркального Зверолова»","Epic","Feet","set_shattered_order_raid_archer_beast_mastery_feet","DIRECT_ASSET","web/elyndor-web/src/assets/items/sets/set_shattered_order_raid_archer_beast_mastery_feet.webp","item set/Цитадель Расколотого Ордена/Клятва Зеркального Зверолова.png","5 (3x2)"
"Item","SET_SHATTERED_ORDER_RAID_ARCHER_BEAST_MASTERY_HANDS","Рукавицы «Клятва Зеркального Зверолова»","Epic","Hands","set_shattered_order_raid_archer_beast_mastery_hands","DIRECT_ASSET","web/elyndor-web/src/assets/items/sets/set_shattered_order_raid_archer_beast_mastery_hands.webp","item set/Цитадель Расколотого Ордена/Клятва Зеркального Зверолова.png","3 (3x2)"
"Item","SET_SHATTERED_ORDER_RAID_ARCHER_BEAST_MASTERY_HEAD","Шлем «Клятва Зеркального Зверолова»","Epic","Head","set_shattered_order_raid_archer_beast_mastery_head","DIRECT_ASSET","web/elyndor-web/src/assets/items/sets/set_shattered_order_raid_archer_beast_mastery_head.webp","item set/Цитадель Расколотого Ордена/Клятва Зеркального Зверолова.png","0 (3x2)"
"Item","SET_SHATTERED_ORDER_RAID_ARCHER_BEAST_MASTERY_LEGS","Поножи «Клятва Зеркального Зверолова»","Epic","Legs","set_shattered_order_raid_archer_beast_mastery_legs","DIRECT_ASSET","web/elyndor-web/src/assets/items/sets/set_shattered_order_raid_archer_beast_mastery_legs.webp","item set/Цитадель Расколотого Ордена/Клятва Зеркального Зверолова.png","4 (3x2)"
"Item","SET_SHATTERED_ORDER_RAID_ARCHER_BEAST_MASTERY_SHOULDERS","Наплечники «Клятва Зеркального Зверолова»","Epic","Shoulders","set_shattered_order_raid_archer_beast_mastery_shoulders","DIRECT_ASSET","web/elyndor-web/src/assets/items/sets/set_shattered_order_raid_archer_beast_mastery_shoulders.webp","item set/Цитадель Расколотого Ордена/Клятва Зеркального Зверолова.png","1 (3x2)"
"Item","SET_SHATTERED_ORDER_RAID_ARCHER_MARKSMANSHIP_CHEST","Нагрудник «Регалии Стрелка Между Мирами»","Epic","Chest","set_shattered_order_raid_archer_marksmanship_chest","DIRECT_ASSET","web/elyndor-web/src/assets/items/sets/set_shattered_order_raid_archer_marksmanship_chest.webp","item set/Цитадель Расколотого Ордена/Регалии Стрелка Между Мирами.png","2 (3x2)"
"Item","SET_SHATTERED_ORDER_RAID_ARCHER_MARKSMANSHIP_FEET","Сапоги «Регалии Стрелка Между Мирами»","Epic","Feet","set_shattered_order_raid_archer_marksmanship_feet","DIRECT_ASSET","web/elyndor-web/src/assets/items/sets/set_shattered_order_raid_archer_marksmanship_feet.webp","item set/Цитадель Расколотого Ордена/Регалии Стрелка Между Мирами.png","5 (3x2)"
"Item","SET_SHATTERED_ORDER_RAID_ARCHER_MARKSMANSHIP_HANDS","Рукавицы «Регалии Стрелка Между Мирами»","Epic","Hands","set_shattered_order_raid_archer_marksmanship_hands","DIRECT_ASSET","web/elyndor-web/src/assets/items/sets/set_shattered_order_raid_archer_marksmanship_hands.webp","item set/Цитадель Расколотого Ордена/Регалии Стрелка Между Мирами.png","3 (3x2)"
"Item","SET_SHATTERED_ORDER_RAID_ARCHER_MARKSMANSHIP_HEAD","Шлем «Регалии Стрелка Между Мирами»","Epic","Head","set_shattered_order_raid_archer_marksmanship_head","DIRECT_ASSET","web/elyndor-web/src/assets/items/sets/set_shattered_order_raid_archer_marksmanship_head.webp","item set/Цитадель Расколотого Ордена/Регалии Стрелка Между Мирами.png","0 (3x2)"
"Item","SET_SHATTERED_ORDER_RAID_ARCHER_MARKSMANSHIP_LEGS","Поножи «Регалии Стрелка Между Мирами»","Epic","Legs","set_shattered_order_raid_archer_marksmanship_legs","DIRECT_ASSET","web/elyndor-web/src/assets/items/sets/set_shattered_order_raid_archer_marksmanship_legs.webp","item set/Цитадель Расколотого Ордена/Регалии Стрелка Между Мирами.png","4 (3x2)"
"Item","SET_SHATTERED_ORDER_RAID_ARCHER_MARKSMANSHIP_SHOULDERS","Наплечники «Регалии Стрелка Между Мирами»","Epic","Shoulders","set_shattered_order_raid_archer_marksmanship_shoulders","DIRECT_ASSET","web/elyndor-web/src/assets/items/sets/set_shattered_order_raid_archer_marksmanship_shoulders.webp","item set/Цитадель Расколотого Ордена/Регалии Стрелка Между Мирами.png","1 (3x2)"
"Item","SET_SHATTERED_ORDER_RAID_ARCHER_SURVIVAL_CHEST","Нагрудник «Снаряжение Ловчего Раскола»","Epic","Chest","set_shattered_order_raid_archer_survival_chest","DIRECT_ASSET","web/elyndor-web/src/assets/items/sets/set_shattered_order_raid_archer_survival_chest.webp","item set/Цитадель Расколотого Ордена/Снаряжение Ловчего Раскола.png","2 (3x2)"
"Item","SET_SHATTERED_ORDER_RAID_ARCHER_SURVIVAL_FEET","Сапоги «Снаряжение Ловчего Раскола»","Epic","Feet","set_shattered_order_raid_archer_survival_feet","DIRECT_ASSET","web/elyndor-web/src/assets/items/sets/set_shattered_order_raid_archer_survival_feet.webp","item set/Цитадель Расколотого Ордена/Снаряжение Ловчего Раскола.png","5 (3x2)"
"Item","SET_SHATTERED_ORDER_RAID_ARCHER_SURVIVAL_HANDS","Рукавицы «Снаряжение Ловчего Раскола»","Epic","Hands","set_shattered_order_raid_archer_survival_hands","DIRECT_ASSET","web/elyndor-web/src/assets/items/sets/set_shattered_order_raid_archer_survival_hands.webp","item set/Цитадель Расколотого Ордена/Снаряжение Ловчего Раскола.png","3 (3x2)"
"Item","SET_SHATTERED_ORDER_RAID_ARCHER_SURVIVAL_HEAD","Шлем «Снаряжение Ловчего Раскола»","Epic","Head","set_shattered_order_raid_archer_survival_head","DIRECT_ASSET","web/elyndor-web/src/assets/items/sets/set_shattered_order_raid_archer_survival_head.webp","item set/Цитадель Расколотого Ордена/Снаряжение Ловчего Раскола.png","0 (3x2)"
"Item","SET_SHATTERED_ORDER_RAID_ARCHER_SURVIVAL_LEGS","Поножи «Снаряжение Ловчего Раскола»","Epic","Legs","set_shattered_order_raid_archer_survival_legs","DIRECT_ASSET","web/elyndor-web/src/assets/items/sets/set_shattered_order_raid_archer_survival_legs.webp","item set/Цитадель Расколотого Ордена/Снаряжение Ловчего Раскола.png","4 (3x2)"
"Item","SET_SHATTERED_ORDER_RAID_ARCHER_SURVIVAL_SHOULDERS","Наплечники «Снаряжение Ловчего Раскола»","Epic","Shoulders","set_shattered_order_raid_archer_survival_shoulders","DIRECT_ASSET","web/elyndor-web/src/assets/items/sets/set_shattered_order_raid_archer_survival_shoulders.webp","item set/Цитадель Расколотого Ордена/Снаряжение Ловчего Раскола.png","1 (3x2)"
"Item","SET_SHATTERED_ORDER_RAID_MAGE_ARCANE_CHEST","Нагрудник «Одеяния Расколотой Звезды»","Epic","Chest","set_shattered_order_raid_mage_arcane_chest","DIRECT_ASSET","web/elyndor-web/src/assets/items/sets/set_shattered_order_raid_mage_arcane_chest.webp","item set/Цитадель Расколотого Ордена/Одеяния Расколотой Звезды.png","2 (3x2)"
"Item","SET_SHATTERED_ORDER_RAID_MAGE_ARCANE_FEET","Сапоги «Одеяния Расколотой Звезды»","Epic","Feet","set_shattered_order_raid_mage_arcane_feet","DIRECT_ASSET","web/elyndor-web/src/assets/items/sets/set_shattered_order_raid_mage_arcane_feet.webp","item set/Цитадель Расколотого Ордена/Одеяния Расколотой Звезды.png","5 (3x2)"
"Item","SET_SHATTERED_ORDER_RAID_MAGE_ARCANE_HANDS","Рукавицы «Одеяния Расколотой Звезды»","Epic","Hands","set_shattered_order_raid_mage_arcane_hands","DIRECT_ASSET","web/elyndor-web/src/assets/items/sets/set_shattered_order_raid_mage_arcane_hands.webp","item set/Цитадель Расколотого Ордена/Одеяния Расколотой Звезды.png","3 (3x2)"
"Item","SET_SHATTERED_ORDER_RAID_MAGE_ARCANE_HEAD","Шлем «Одеяния Расколотой Звезды»","Epic","Head","set_shattered_order_raid_mage_arcane_head","DIRECT_ASSET","web/elyndor-web/src/assets/items/sets/set_shattered_order_raid_mage_arcane_head.webp","item set/Цитадель Расколотого Ордена/Одеяния Расколотой Звезды.png","0 (3x2)"
"Item","SET_SHATTERED_ORDER_RAID_MAGE_ARCANE_LEGS","Поножи «Одеяния Расколотой Звезды»","Epic","Legs","set_shattered_order_raid_mage_arcane_legs","DIRECT_ASSET","web/elyndor-web/src/assets/items/sets/set_shattered_order_raid_mage_arcane_legs.webp","item set/Цитадель Расколотого Ордена/Одеяния Расколотой Звезды.png","4 (3x2)"
"Item","SET_SHATTERED_ORDER_RAID_MAGE_ARCANE_SHOULDERS","Наплечники «Одеяния Расколотой Звезды»","Epic","Shoulders","set_shattered_order_raid_mage_arcane_shoulders","DIRECT_ASSET","web/elyndor-web/src/assets/items/sets/set_shattered_order_raid_mage_arcane_shoulders.webp","item set/Цитадель Расколотого Ордена/Одеяния Расколотой Звезды.png","1 (3x2)"
"Item","SET_SHATTERED_ORDER_RAID_MAGE_FIRE_CHEST","Нагрудник «Одеяния Пылающего Раскола»","Epic","Chest","set_shattered_order_raid_mage_fire_chest","DIRECT_ASSET","web/elyndor-web/src/assets/items/sets/set_shattered_order_raid_mage_fire_chest.webp","item set/Цитадель Расколотого Ордена/Одеяния Пылающего Раскола.png","2 (3x2)"
"Item","SET_SHATTERED_ORDER_RAID_MAGE_FIRE_FEET","Сапоги «Одеяния Пылающего Раскола»","Epic","Feet","set_shattered_order_raid_mage_fire_feet","DIRECT_ASSET","web/elyndor-web/src/assets/items/sets/set_shattered_order_raid_mage_fire_feet.webp","item set/Цитадель Расколотого Ордена/Одеяния Пылающего Раскола.png","5 (3x2)"
"Item","SET_SHATTERED_ORDER_RAID_MAGE_FIRE_HANDS","Рукавицы «Одеяния Пылающего Раскола»","Epic","Hands","set_shattered_order_raid_mage_fire_hands","DIRECT_ASSET","web/elyndor-web/src/assets/items/sets/set_shattered_order_raid_mage_fire_hands.webp","item set/Цитадель Расколотого Ордена/Одеяния Пылающего Раскола.png","3 (3x2)"
"Item","SET_SHATTERED_ORDER_RAID_MAGE_FIRE_HEAD","Шлем «Одеяния Пылающего Раскола»","Epic","Head","set_shattered_order_raid_mage_fire_head","DIRECT_ASSET","web/elyndor-web/src/assets/items/sets/set_shattered_order_raid_mage_fire_head.webp","item set/Цитадель Расколотого Ордена/Одеяния Пылающего Раскола.png","0 (3x2)"
"Item","SET_SHATTERED_ORDER_RAID_MAGE_FIRE_LEGS","Поножи «Одеяния Пылающего Раскола»","Epic","Legs","set_shattered_order_raid_mage_fire_legs","DIRECT_ASSET","web/elyndor-web/src/assets/items/sets/set_shattered_order_raid_mage_fire_legs.webp","item set/Цитадель Расколотого Ордена/Одеяния Пылающего Раскола.png","4 (3x2)"
"Item","SET_SHATTERED_ORDER_RAID_MAGE_FIRE_SHOULDERS","Наплечники «Одеяния Пылающего Раскола»","Epic","Shoulders","set_shattered_order_raid_mage_fire_shoulders","DIRECT_ASSET","web/elyndor-web/src/assets/items/sets/set_shattered_order_raid_mage_fire_shoulders.webp","item set/Цитадель Расколотого Ордена/Одеяния Пылающего Раскола.png","1 (3x2)"
"Item","SET_SHATTERED_ORDER_RAID_MAGE_FROST_CHEST","Нагрудник «Покров Зеркального Инея»","Epic","Chest","set_shattered_order_raid_mage_frost_chest","DIRECT_ASSET","web/elyndor-web/src/assets/items/sets/set_shattered_order_raid_mage_frost_chest.webp","item set/Цитадель Расколотого Ордена/Покров Зеркального Инея.png","2 (3x2)"
"Item","SET_SHATTERED_ORDER_RAID_MAGE_FROST_FEET","Сапоги «Покров Зеркального Инея»","Epic","Feet","set_shattered_order_raid_mage_frost_feet","DIRECT_ASSET","web/elyndor-web/src/assets/items/sets/set_shattered_order_raid_mage_frost_feet.webp","item set/Цитадель Расколотого Ордена/Покров Зеркального Инея.png","5 (3x2)"
"Item","SET_SHATTERED_ORDER_RAID_MAGE_FROST_HANDS","Рукавицы «Покров Зеркального Инея»","Epic","Hands","set_shattered_order_raid_mage_frost_hands","DIRECT_ASSET","web/elyndor-web/src/assets/items/sets/set_shattered_order_raid_mage_frost_hands.webp","item set/Цитадель Расколотого Ордена/Покров Зеркального Инея.png","3 (3x2)"
"Item","SET_SHATTERED_ORDER_RAID_MAGE_FROST_HEAD","Шлем «Покров Зеркального Инея»","Epic","Head","set_shattered_order_raid_mage_frost_head","DIRECT_ASSET","web/elyndor-web/src/assets/items/sets/set_shattered_order_raid_mage_frost_head.webp","item set/Цитадель Расколотого Ордена/Покров Зеркального Инея.png","0 (3x2)"
"Item","SET_SHATTERED_ORDER_RAID_MAGE_FROST_LEGS","Поножи «Покров Зеркального Инея»","Epic","Legs","set_shattered_order_raid_mage_frost_legs","DIRECT_ASSET","web/elyndor-web/src/assets/items/sets/set_shattered_order_raid_mage_frost_legs.webp","item set/Цитадель Расколотого Ордена/Покров Зеркального Инея.png","4 (3x2)"
"Item","SET_SHATTERED_ORDER_RAID_MAGE_FROST_SHOULDERS","Наплечники «Покров Зеркального Инея»","Epic","Shoulders","set_shattered_order_raid_mage_frost_shoulders","DIRECT_ASSET","web/elyndor-web/src/assets/items/sets/set_shattered_order_raid_mage_frost_shoulders.webp","item set/Цитадель Расколотого Ордена/Покров Зеркального Инея.png","1 (3x2)"
"Item","SET_SHATTERED_ORDER_RAID_PALADIN_HOLY_CHEST","Нагрудник «Клятва Расколотого Рассвета»","Epic","Chest","set_shattered_order_raid_paladin_holy_chest","DIRECT_ASSET","web/elyndor-web/src/assets/items/sets/set_shattered_order_raid_paladin_holy_chest.webp","item set/Цитадель Расколотого Ордена/Клятва Расколотого Рассвета.png","2 (3x2)"
"Item","SET_SHATTERED_ORDER_RAID_PALADIN_HOLY_FEET","Сапоги «Клятва Расколотого Рассвета»","Epic","Feet","set_shattered_order_raid_paladin_holy_feet","DIRECT_ASSET","web/elyndor-web/src/assets/items/sets/set_shattered_order_raid_paladin_holy_feet.webp","item set/Цитадель Расколотого Ордена/Клятва Расколотого Рассвета.png","5 (3x2)"
"Item","SET_SHATTERED_ORDER_RAID_PALADIN_HOLY_HANDS","Рукавицы «Клятва Расколотого Рассвета»","Epic","Hands","set_shattered_order_raid_paladin_holy_hands","DIRECT_ASSET","web/elyndor-web/src/assets/items/sets/set_shattered_order_raid_paladin_holy_hands.webp","item set/Цитадель Расколотого Ордена/Клятва Расколотого Рассвета.png","3 (3x2)"
"Item","SET_SHATTERED_ORDER_RAID_PALADIN_HOLY_HEAD","Шлем «Клятва Расколотого Рассвета»","Epic","Head","set_shattered_order_raid_paladin_holy_head","DIRECT_ASSET","web/elyndor-web/src/assets/items/sets/set_shattered_order_raid_paladin_holy_head.webp","item set/Цитадель Расколотого Ордена/Клятва Расколотого Рассвета.png","0 (3x2)"
"Item","SET_SHATTERED_ORDER_RAID_PALADIN_HOLY_LEGS","Поножи «Клятва Расколотого Рассвета»","Epic","Legs","set_shattered_order_raid_paladin_holy_legs","DIRECT_ASSET","web/elyndor-web/src/assets/items/sets/set_shattered_order_raid_paladin_holy_legs.webp","item set/Цитадель Расколотого Ордена/Клятва Расколотого Рассвета.png","4 (3x2)"
"Item","SET_SHATTERED_ORDER_RAID_PALADIN_HOLY_SHOULDERS","Наплечники «Клятва Расколотого Рассвета»","Epic","Shoulders","set_shattered_order_raid_paladin_holy_shoulders","DIRECT_ASSET","web/elyndor-web/src/assets/items/sets/set_shattered_order_raid_paladin_holy_shoulders.webp","item set/Цитадель Расколотого Ордена/Клятва Расколотого Рассвета.png","1 (3x2)"
"Item","SET_SHATTERED_ORDER_RAID_PALADIN_PROTECTION_CHEST","Нагрудник «Доспех Зеркального Стража»","Epic","Chest","set_shattered_order_raid_paladin_protection_chest","DIRECT_ASSET","web/elyndor-web/src/assets/items/sets/set_shattered_order_raid_paladin_protection_chest.webp","item set/Цитадель Расколотого Ордена/Доспех Зеркального Стража.png","2 (3x2)"
"Item","SET_SHATTERED_ORDER_RAID_PALADIN_PROTECTION_FEET","Сапоги «Доспех Зеркального Стража»","Epic","Feet","set_shattered_order_raid_paladin_protection_feet","DIRECT_ASSET","web/elyndor-web/src/assets/items/sets/set_shattered_order_raid_paladin_protection_feet.webp","item set/Цитадель Расколотого Ордена/Доспех Зеркального Стража.png","5 (3x2)"
"Item","SET_SHATTERED_ORDER_RAID_PALADIN_PROTECTION_HANDS","Рукавицы «Доспех Зеркального Стража»","Epic","Hands","set_shattered_order_raid_paladin_protection_hands","DIRECT_ASSET","web/elyndor-web/src/assets/items/sets/set_shattered_order_raid_paladin_protection_hands.webp","item set/Цитадель Расколотого Ордена/Доспех Зеркального Стража.png","3 (3x2)"
"Item","SET_SHATTERED_ORDER_RAID_PALADIN_PROTECTION_HEAD","Шлем «Доспех Зеркального Стража»","Epic","Head","set_shattered_order_raid_paladin_protection_head","DIRECT_ASSET","web/elyndor-web/src/assets/items/sets/set_shattered_order_raid_paladin_protection_head.webp","item set/Цитадель Расколотого Ордена/Доспех Зеркального Стража.png","0 (3x2)"
"Item","SET_SHATTERED_ORDER_RAID_PALADIN_PROTECTION_LEGS","Поножи «Доспех Зеркального Стража»","Epic","Legs","set_shattered_order_raid_paladin_protection_legs","DIRECT_ASSET","web/elyndor-web/src/assets/items/sets/set_shattered_order_raid_paladin_protection_legs.webp","item set/Цитадель Расколотого Ордена/Доспех Зеркального Стража.png","4 (3x2)"
"Item","SET_SHATTERED_ORDER_RAID_PALADIN_PROTECTION_SHOULDERS","Наплечники «Доспех Зеркального Стража»","Epic","Shoulders","set_shattered_order_raid_paladin_protection_shoulders","DIRECT_ASSET","web/elyndor-web/src/assets/items/sets/set_shattered_order_raid_paladin_protection_shoulders.webp","item set/Цитадель Расколотого Ордена/Доспех Зеркального Стража.png","1 (3x2)"
"Item","SET_SHATTERED_ORDER_RAID_PALADIN_RETRIBUTION_CHEST","Нагрудник «Латы Триединого Правосудия»","Epic","Chest","set_shattered_order_raid_paladin_retribution_chest","DIRECT_ASSET","web/elyndor-web/src/assets/items/sets/set_shattered_order_raid_paladin_retribution_chest.webp","item set/Цитадель Расколотого Ордена/Латы Триединого Правосудия.png","2 (3x2)"
"Item","SET_SHATTERED_ORDER_RAID_PALADIN_RETRIBUTION_FEET","Сапоги «Латы Триединого Правосудия»","Epic","Feet","set_shattered_order_raid_paladin_retribution_feet","DIRECT_ASSET","web/elyndor-web/src/assets/items/sets/set_shattered_order_raid_paladin_retribution_feet.webp","item set/Цитадель Расколотого Ордена/Латы Триединого Правосудия.png","5 (3x2)"
"Item","SET_SHATTERED_ORDER_RAID_PALADIN_RETRIBUTION_HANDS","Рукавицы «Латы Триединого Правосудия»","Epic","Hands","set_shattered_order_raid_paladin_retribution_hands","DIRECT_ASSET","web/elyndor-web/src/assets/items/sets/set_shattered_order_raid_paladin_retribution_hands.webp","item set/Цитадель Расколотого Ордена/Латы Триединого Правосудия.png","3 (3x2)"
"Item","SET_SHATTERED_ORDER_RAID_PALADIN_RETRIBUTION_HEAD","Шлем «Латы Триединого Правосудия»","Epic","Head","set_shattered_order_raid_paladin_retribution_head","DIRECT_ASSET","web/elyndor-web/src/assets/items/sets/set_shattered_order_raid_paladin_retribution_head.webp","item set/Цитадель Расколотого Ордена/Латы Триединого Правосудия.png","0 (3x2)"
"Item","SET_SHATTERED_ORDER_RAID_PALADIN_RETRIBUTION_LEGS","Поножи «Латы Триединого Правосудия»","Epic","Legs","set_shattered_order_raid_paladin_retribution_legs","DIRECT_ASSET","web/elyndor-web/src/assets/items/sets/set_shattered_order_raid_paladin_retribution_legs.webp","item set/Цитадель Расколотого Ордена/Латы Триединого Правосудия.png","4 (3x2)"
"Item","SET_SHATTERED_ORDER_RAID_PALADIN_RETRIBUTION_SHOULDERS","Наплечники «Латы Триединого Правосудия»","Epic","Shoulders","set_shattered_order_raid_paladin_retribution_shoulders","DIRECT_ASSET","web/elyndor-web/src/assets/items/sets/set_shattered_order_raid_paladin_retribution_shoulders.webp","item set/Цитадель Расколотого Ордена/Латы Триединого Правосудия.png","1 (3x2)"
"Item","SET_SHATTERED_ORDER_RAID_WARRIOR_BERSERKER_CHEST","Нагрудник «Клятва Разбитого Клинка»","Epic","Chest","set_shattered_order_raid_warrior_berserker_chest","DIRECT_ASSET","web/elyndor-web/src/assets/items/sets/set_shattered_order_raid_warrior_berserker_chest.webp","item set/Цитадель Расколотого Ордена/Клятва Разбитого Клинка.png","2 (3x2)"
"Item","SET_SHATTERED_ORDER_RAID_WARRIOR_BERSERKER_FEET","Сапоги «Клятва Разбитого Клинка»","Epic","Feet","set_shattered_order_raid_warrior_berserker_feet","DIRECT_ASSET","web/elyndor-web/src/assets/items/sets/set_shattered_order_raid_warrior_berserker_feet.webp","item set/Цитадель Расколотого Ордена/Клятва Разбитого Клинка.png","5 (3x2)"
"Item","SET_SHATTERED_ORDER_RAID_WARRIOR_BERSERKER_HANDS","Рукавицы «Клятва Разбитого Клинка»","Epic","Hands","set_shattered_order_raid_warrior_berserker_hands","DIRECT_ASSET","web/elyndor-web/src/assets/items/sets/set_shattered_order_raid_warrior_berserker_hands.webp","item set/Цитадель Расколотого Ордена/Клятва Разбитого Клинка.png","3 (3x2)"
"Item","SET_SHATTERED_ORDER_RAID_WARRIOR_BERSERKER_HEAD","Шлем «Клятва Разбитого Клинка»","Epic","Head","set_shattered_order_raid_warrior_berserker_head","DIRECT_ASSET","web/elyndor-web/src/assets/items/sets/set_shattered_order_raid_warrior_berserker_head.webp","item set/Цитадель Расколотого Ордена/Клятва Разбитого Клинка.png","0 (3x2)"
"Item","SET_SHATTERED_ORDER_RAID_WARRIOR_BERSERKER_LEGS","Поножи «Клятва Разбитого Клинка»","Epic","Legs","set_shattered_order_raid_warrior_berserker_legs","DIRECT_ASSET","web/elyndor-web/src/assets/items/sets/set_shattered_order_raid_warrior_berserker_legs.webp","item set/Цитадель Расколотого Ордена/Клятва Разбитого Клинка.png","4 (3x2)"
"Item","SET_SHATTERED_ORDER_RAID_WARRIOR_BERSERKER_SHOULDERS","Наплечники «Клятва Разбитого Клинка»","Epic","Shoulders","set_shattered_order_raid_warrior_berserker_shoulders","DIRECT_ASSET","web/elyndor-web/src/assets/items/sets/set_shattered_order_raid_warrior_berserker_shoulders.webp","item set/Цитадель Расколотого Ордена/Клятва Разбитого Клинка.png","1 (3x2)"
"Item","SET_SHATTERED_ORDER_RAID_WARRIOR_GUARDIAN_CHEST","Нагрудник «Наследие Первого Стража»","Epic","Chest","set_shattered_order_raid_warrior_guardian_chest","DIRECT_ASSET","web/elyndor-web/src/assets/items/sets/set_shattered_order_raid_warrior_guardian_chest.webp","item set/Цитадель Расколотого Ордена/Наследие Первого Стража.png","2 (3x2)"
"Item","SET_SHATTERED_ORDER_RAID_WARRIOR_GUARDIAN_FEET","Сапоги «Наследие Первого Стража»","Epic","Feet","set_shattered_order_raid_warrior_guardian_feet","DIRECT_ASSET","web/elyndor-web/src/assets/items/sets/set_shattered_order_raid_warrior_guardian_feet.webp","item set/Цитадель Расколотого Ордена/Наследие Первого Стража.png","5 (3x2)"
"Item","SET_SHATTERED_ORDER_RAID_WARRIOR_GUARDIAN_HANDS","Рукавицы «Наследие Первого Стража»","Epic","Hands","set_shattered_order_raid_warrior_guardian_hands","DIRECT_ASSET","web/elyndor-web/src/assets/items/sets/set_shattered_order_raid_warrior_guardian_hands.webp","item set/Цитадель Расколотого Ордена/Наследие Первого Стража.png","3 (3x2)"
"Item","SET_SHATTERED_ORDER_RAID_WARRIOR_GUARDIAN_HEAD","Шлем «Наследие Первого Стража»","Epic","Head","set_shattered_order_raid_warrior_guardian_head","DIRECT_ASSET","web/elyndor-web/src/assets/items/sets/set_shattered_order_raid_warrior_guardian_head.webp","item set/Цитадель Расколотого Ордена/Наследие Первого Стража.png","0 (3x2)"
"Item","SET_SHATTERED_ORDER_RAID_WARRIOR_GUARDIAN_LEGS","Поножи «Наследие Первого Стража»","Epic","Legs","set_shattered_order_raid_warrior_guardian_legs","DIRECT_ASSET","web/elyndor-web/src/assets/items/sets/set_shattered_order_raid_warrior_guardian_legs.webp","item set/Цитадель Расколотого Ордена/Наследие Первого Стража.png","4 (3x2)"
"Item","SET_SHATTERED_ORDER_RAID_WARRIOR_GUARDIAN_SHOULDERS","Наплечники «Наследие Первого Стража»","Epic","Shoulders","set_shattered_order_raid_warrior_guardian_shoulders","DIRECT_ASSET","web/elyndor-web/src/assets/items/sets/set_shattered_order_raid_warrior_guardian_shoulders.webp","item set/Цитадель Расколотого Ордена/Наследие Первого Стража.png","1 (3x2)"
"Item","SET_SHATTERED_ORDER_RAID_WARRIOR_WARLORD_CHEST","Нагрудник «Регалии Зеркального Маршала»","Epic","Chest","set_shattered_order_raid_warrior_warlord_chest","DIRECT_ASSET","web/elyndor-web/src/assets/items/sets/set_shattered_order_raid_warrior_warlord_chest.webp","item set/Цитадель Расколотого Ордена/Регалии Зеркального Маршала.png","2 (3x2)"
"Item","SET_SHATTERED_ORDER_RAID_WARRIOR_WARLORD_FEET","Сапоги «Регалии Зеркального Маршала»","Epic","Feet","set_shattered_order_raid_warrior_warlord_feet","DIRECT_ASSET","web/elyndor-web/src/assets/items/sets/set_shattered_order_raid_warrior_warlord_feet.webp","item set/Цитадель Расколотого Ордена/Регалии Зеркального Маршала.png","5 (3x2)"
"Item","SET_SHATTERED_ORDER_RAID_WARRIOR_WARLORD_HANDS","Рукавицы «Регалии Зеркального Маршала»","Epic","Hands","set_shattered_order_raid_warrior_warlord_hands","DIRECT_ASSET","web/elyndor-web/src/assets/items/sets/set_shattered_order_raid_warrior_warlord_hands.webp","item set/Цитадель Расколотого Ордена/Регалии Зеркального Маршала.png","3 (3x2)"
"Item","SET_SHATTERED_ORDER_RAID_WARRIOR_WARLORD_HEAD","Шлем «Регалии Зеркального Маршала»","Epic","Head","set_shattered_order_raid_warrior_warlord_head","DIRECT_ASSET","web/elyndor-web/src/assets/items/sets/set_shattered_order_raid_warrior_warlord_head.webp","item set/Цитадель Расколотого Ордена/Регалии Зеркального Маршала.png","0 (3x2)"
"Item","SET_SHATTERED_ORDER_RAID_WARRIOR_WARLORD_LEGS","Поножи «Регалии Зеркального Маршала»","Epic","Legs","set_shattered_order_raid_warrior_warlord_legs","DIRECT_ASSET","web/elyndor-web/src/assets/items/sets/set_shattered_order_raid_warrior_warlord_legs.webp","item set/Цитадель Расколотого Ордена/Регалии Зеркального Маршала.png","4 (3x2)"
"Item","SET_SHATTERED_ORDER_RAID_WARRIOR_WARLORD_SHOULDERS","Наплечники «Регалии Зеркального Маршала»","Epic","Shoulders","set_shattered_order_raid_warrior_warlord_shoulders","DIRECT_ASSET","web/elyndor-web/src/assets/items/sets/set_shattered_order_raid_warrior_warlord_shoulders.webp","item set/Цитадель Расколотого Ордена/Регалии Зеркального Маршала.png","1 (3x2)"
"Item","SFERA_CHIORNOGO_PLAMENI","Сфера чёрного пламени","Epic","OffHand","sfera_chiornogo_plameni","DIRECT_ASSET","web/elyndor-web/src/assets/items/imported/sfera_chiornogo_plameni.webp","Предметы вне комплектов/Именные вещи открытого мира — поздний диапазон 30–40.png","2 (4x3)"
"Item","SHCHIT_CHASOVOGO_UMBRY","Щит Часового Умбры","Epic","OffHand","shchit_chasovogo_umbry","DIRECT_ASSET","web/elyndor-web/src/assets/items/imported/shchit_chasovogo_umbry.webp","Предметы вне комплектов/Именные вещи открытого мира — средний диапазон 15–29.png","10 (5x4)"
"Item","TLEIUSHCHII_FOKUS","Тлеющий фокус","Rare","OffHand","tleiushchii_fokus","DIRECT_ASSET","web/elyndor-web/src/assets/items/imported/tleiushchii_fokus.webp","Предметы вне комплектов/Именные вещи открытого мира — средний диапазон 15–29.png","4 (5x4)"
"Item","WARRIOR_EPIC_CRIMSON_FURY_CHEST","Нагрудник Багровой Ярости","Epic","Chest","warrior_epic_crimson_fury_chest","DIRECT_ASSET","web/elyndor-web/src/assets/items/sets/warrior_epic_crimson_fury_chest.webp","",""
"Item","WARRIOR_EPIC_CRIMSON_FURY_FEET","Сапоги Багровой Ярости","Epic","Feet","warrior_epic_crimson_fury_feet","DIRECT_ASSET","web/elyndor-web/src/assets/items/sets/warrior_epic_crimson_fury_feet.webp","",""
"Item","WARRIOR_EPIC_CRIMSON_FURY_HANDS","Рукавицы Багровой Ярости","Epic","Hands","warrior_epic_crimson_fury_hands","DIRECT_ASSET","web/elyndor-web/src/assets/items/sets/warrior_epic_crimson_fury_hands.webp","",""
"Item","WARRIOR_EPIC_CRIMSON_FURY_HEAD","Шлем Багровой Ярости","Epic","Head","warrior_epic_crimson_fury_head","DIRECT_ASSET","web/elyndor-web/src/assets/items/sets/warrior_epic_crimson_fury_head.webp","",""
"Item","WARRIOR_EPIC_CRIMSON_FURY_LEGS","Поножи Багровой Ярости","Epic","Legs","warrior_epic_crimson_fury_legs","DIRECT_ASSET","web/elyndor-web/src/assets/items/sets/warrior_epic_crimson_fury_legs.webp","",""
"Item","WARRIOR_EPIC_CRIMSON_FURY_SHOULDERS","Наплечники Багровой Ярости","Epic","Shoulders","warrior_epic_crimson_fury_shoulders","DIRECT_ASSET","web/elyndor-web/src/assets/items/sets/warrior_epic_crimson_fury_shoulders.webp","",""
"Item","WARRIOR_EPIC_CRIMSON_FURY_WEAPON","Клинок Багровой Клятвы","Epic","MainHand","warrior_epic_crimson_fury_weapon","DIRECT_ASSET","web/elyndor-web/src/assets/items/sets/warrior_epic_crimson_fury_weapon.webp","",""
"Item","WARRIOR_LEGENDARY_BLACK_BASTION_CHEST","Нагрудник Чёрного Бастиона","Legendary","Chest","warrior_legendary_black_bastion_chest","DIRECT_ASSET","web/elyndor-web/src/assets/items/sets/warrior_legendary_black_bastion_chest.webp","",""
"Item","WARRIOR_LEGENDARY_BLACK_BASTION_FEET","Сапоги Чёрного Бастиона","Legendary","Feet","warrior_legendary_black_bastion_feet","DIRECT_ASSET","web/elyndor-web/src/assets/items/sets/warrior_legendary_black_bastion_feet.webp","",""
"Item","WARRIOR_LEGENDARY_BLACK_BASTION_HANDS","Рукавицы Чёрного Бастиона","Legendary","Hands","warrior_legendary_black_bastion_hands","DIRECT_ASSET","web/elyndor-web/src/assets/items/sets/warrior_legendary_black_bastion_hands.webp","",""
"Item","WARRIOR_LEGENDARY_BLACK_BASTION_HEAD","Шлем Чёрного Бастиона","Legendary","Head","warrior_legendary_black_bastion_head","DIRECT_ASSET","web/elyndor-web/src/assets/items/sets/warrior_legendary_black_bastion_head.webp","",""
"Item","WARRIOR_LEGENDARY_BLACK_BASTION_LEGS","Поножи Чёрного Бастиона","Legendary","Legs","warrior_legendary_black_bastion_legs","DIRECT_ASSET","web/elyndor-web/src/assets/items/sets/warrior_legendary_black_bastion_legs.webp","",""
"Item","WARRIOR_LEGENDARY_BLACK_BASTION_SHIELD","Щит Чёрного Бастиона","Legendary","OffHand","warrior_legendary_black_bastion_shield","DIRECT_ASSET","web/elyndor-web/src/assets/items/sets/warrior_legendary_black_bastion_shield.webp","",""
"Item","WARRIOR_LEGENDARY_BLACK_BASTION_SHOULDERS","Наплечники Чёрного Бастиона","Legendary","Shoulders","warrior_legendary_black_bastion_shoulders","DIRECT_ASSET","web/elyndor-web/src/assets/items/sets/warrior_legendary_black_bastion_shoulders.webp","",""
"Item","WARRIOR_LEGENDARY_BLACK_BASTION_WEAPON","Крушитель Чёрного Бастиона","Legendary","MainHand","warrior_legendary_black_bastion_weapon","DIRECT_ASSET","web/elyndor-web/src/assets/items/sets/warrior_legendary_black_bastion_weapon.webp","",""
"Item","WARRIOR_LEGENDARY_FIRST_GUARD_CHEST","Нагрудник Первого Стража","Legendary","Chest","warrior_legendary_first_guard_chest","DIRECT_ASSET","web/elyndor-web/src/assets/items/sets/warrior_legendary_first_guard_chest.webp","",""
"Item","WARRIOR_LEGENDARY_FIRST_GUARD_FEET","Сапоги Первого Стража","Legendary","Feet","warrior_legendary_first_guard_feet","DIRECT_ASSET","web/elyndor-web/src/assets/items/sets/warrior_legendary_first_guard_feet.webp","",""
"Item","WARRIOR_LEGENDARY_FIRST_GUARD_HANDS","Рукавицы Первого Стража","Legendary","Hands","warrior_legendary_first_guard_hands","DIRECT_ASSET","web/elyndor-web/src/assets/items/sets/warrior_legendary_first_guard_hands.webp","",""
"Item","WARRIOR_LEGENDARY_FIRST_GUARD_HEAD","Шлем Первого Стража","Legendary","Head","warrior_legendary_first_guard_head","DIRECT_ASSET","web/elyndor-web/src/assets/items/sets/warrior_legendary_first_guard_head.webp","",""
"Item","WARRIOR_LEGENDARY_FIRST_GUARD_LEGS","Поножи Первого Стража","Legendary","Legs","warrior_legendary_first_guard_legs","DIRECT_ASSET","web/elyndor-web/src/assets/items/sets/warrior_legendary_first_guard_legs.webp","",""
"Item","WARRIOR_LEGENDARY_FIRST_GUARD_SHIELD","Щит Первого Стража","Legendary","OffHand","warrior_legendary_first_guard_shield","DIRECT_ASSET","web/elyndor-web/src/assets/items/sets/warrior_legendary_first_guard_shield.webp","",""
"Item","WARRIOR_LEGENDARY_FIRST_GUARD_SHOULDERS","Наплечники Первого Стража","Legendary","Shoulders","warrior_legendary_first_guard_shoulders","DIRECT_ASSET","web/elyndor-web/src/assets/items/sets/warrior_legendary_first_guard_shoulders.webp","",""
"Item","WARRIOR_LEGENDARY_FIRST_GUARD_WEAPON","Клинок Первого Стража","Legendary","MainHand","warrior_legendary_first_guard_weapon","DIRECT_ASSET","web/elyndor-web/src/assets/items/sets/warrior_legendary_first_guard_weapon.webp","",""
"Item","WARRIOR_RARE_GREY_FANG_CHEST","Нагрудник Серого Волка","Rare","Chest","warrior_rare_grey_fang_chest","DIRECT_ASSET","web/elyndor-web/src/assets/items/sets/warrior_rare_grey_fang_chest.webp","",""
"Item","WARRIOR_RARE_GREY_FANG_FEET","Сапоги Серого Волка","Rare","Feet","warrior_rare_grey_fang_feet","DIRECT_ASSET","web/elyndor-web/src/assets/items/sets/warrior_rare_grey_fang_feet.webp","",""
"Item","WARRIOR_RARE_GREY_FANG_HANDS","Рукавицы Серого Волка","Rare","Hands","warrior_rare_grey_fang_hands","DIRECT_ASSET","web/elyndor-web/src/assets/items/sets/warrior_rare_grey_fang_hands.webp","",""
"Item","WARRIOR_RARE_GREY_FANG_HEAD","Шлем Серого Волка","Rare","Head","warrior_rare_grey_fang_head","DIRECT_ASSET","web/elyndor-web/src/assets/items/sets/warrior_rare_grey_fang_head.webp","",""
"Item","WARRIOR_RARE_GREY_FANG_LEGS","Поножи Серого Волка","Rare","Legs","warrior_rare_grey_fang_legs","DIRECT_ASSET","web/elyndor-web/src/assets/items/sets/warrior_rare_grey_fang_legs.webp","",""
"Item","WARRIOR_RARE_GREY_FANG_SHIELD","Щит Серого Волка","Rare","OffHand","warrior_rare_grey_fang_shield","DIRECT_ASSET","web/elyndor-web/src/assets/items/sets/warrior_rare_grey_fang_shield.webp","",""
"Item","WARRIOR_RARE_GREY_FANG_SHOULDERS","Наплечники Серого Волка","Rare","Shoulders","warrior_rare_grey_fang_shoulders","DIRECT_ASSET","web/elyndor-web/src/assets/items/sets/warrior_rare_grey_fang_shoulders.webp","",""
"Item","WARRIOR_RARE_GREY_FANG_WEAPON","Клык Серого Волка","Rare","MainHand","warrior_rare_grey_fang_weapon","DIRECT_ASSET","web/elyndor-web/src/assets/items/sets/warrior_rare_grey_fang_weapon.webp","",""
"Item","WOLF_FANG_BLADE","Клинок Волчьего Клыка","Uncommon","MainHand","wolf_fang_blade","DIRECT_ASSET","web/elyndor-web/src/assets/items/wolf_fang_blade.webp","",""
"Item","ZNAK_GLASHATAIA","Знак Глашатая","Epic","Amulet","znak_glashataia","DIRECT_ASSET","web/elyndor-web/src/assets/items/imported/znak_glashataia.webp","Предметы вне комплектов/Именные вещи открытого мира — средний диапазон 15–29.png","6 (5x4)"
"Item","ARBALET_CHIORNYKH_VRAT","Арбалет Чёрных Врат","Epic","MainHand","arbalet_chiornykh_vrat","MISSING_ASSET","","",""
"Item","BAGROVAIA_TKAN","Багровая ткань","Common","","bagrovaia_tkan","MISSING_ASSET","","",""
"Item","BAGROVAIA_ZHELEZA","Багровая железа","Common","","bagrovaia_zheleza","MISSING_ASSET","","",""
"Item","BASTIONNAIA_TKAN","Бастионная ткань","Common","","bastionnaia_tkan","MISSING_ASSET","","",""
"Item","BOAR_TUSK","Клык кабана","Common","","boar_tusk","MISSING_ASSET","","",""
"Item","BOLOTNAIA_KOZHA","Болотная кожа","Common","","bolotnaia_kozha","MISSING_ASSET","","",""
"Item","BOLOTNOE_IADRO","Болотное ядро","Common","","bolotnoe_iadro","MISSING_ASSET","","",""
"Item","BOLOTNOE_MIASO","Болотное мясо","Common","","bolotnoe_miaso","MISSING_ASSET","","",""
"Item","CHERNOKAMENNOE_IADRO","Чернокаменное ядро","Common","","chernokamennoe_iadro","MISSING_ASSET","","",""
"Item","CHIORNAIA_KORA","Чёрная кора","Common","","chiornaia_kora","MISSING_ASSET","","",""
"Item","CHIORNAIA_MANA","Чёрная мана","Common","","chiornaia_mana","MISSING_ASSET","","",""
"Item","CHIORNOE_ZHELEZO","Чёрное железо","Common","","chiornoe_zhelezo","MISSING_ASSET","","",""
"Item","CHIORNYI_KLYK","Чёрный клык","Common","","chiornyi_klyk","MISSING_ASSET","","",""
"Item","CHIORNYI_METALL","Чёрный металл","Common","","chiornyi_metall","MISSING_ASSET","","",""
"Item","CHITIN_FRAGMENT","Хитиновая пластина","Uncommon","","chitin_fragment","MISSING_ASSET","","",""
"Item","DUNGEON_CATALYST","Ядро подземелья","Epic","","ore","MISSING_ASSET","","",""
"Item","EKHO_KLASSA","Эхо класса","Common","","ekho_klassa","MISSING_ASSET","","",""
"Item","EKHO_ZNAMENI","Эхо знамени","Common","","ekho_znameni","MISSING_ASSET","","",""
"Item","FITIL","Фитиль","Common","","fitil","MISSING_ASSET","","",""
"Item","FOKUS_CHIORNOI_ZVEZDY","Фокус Чёрной Звезды","Epic","OffHand","fokus_chiornoi_zvezdy","MISSING_ASSET","","",""
"Item","FOKUS_OSTATOCHNOI_MANY","Фокус остаточной маны","Epic","OffHand","fokus_ostatochnoi_many","MISSING_ASSET","","",""
"Item","FORGE_SCRAP","Кузнечный лом","Common","","ore","MISSING_ASSET","","",""
"Item","FRAGMENT_CHIORNOGO_NASLEDIIA","Фрагмент Чёрного Наследия","Legendary","","fragment_chiornogo_naslediia","MISSING_ASSET","","",""
"Item","GLUBINNYI_IAD","Глубинный яд","Common","","glubinnyi_iad","MISSING_ASSET","","",""
"Item","GRUBAIA_TKAN","Грубая ткань","Common","","grubaia_tkan","MISSING_ASSET","","",""
"Item","IADOVITAIA_ZHELEZA","Ядовитая железа","Common","","iadovitaia_zheleza","MISSING_ASSET","","",""
"Item","IADOVITOE_ZHALO","Ядовитое жало","Common","","iadovitoe_zhalo","MISSING_ASSET","","",""
"Item","KABANE_MIASO","Кабанье мясо","Common","","kabane_miaso","MISSING_ASSET","","",""
"Item","KADILO_INKVIZITORA","Кадило Инквизитора","Epic","OffHand","kadilo_inkvizitora","MISSING_ASSET","","",""
"Item","KADILO_OCHISHCHAIUSHCHEGO_PLAMENI","Кадило очищающего пламени","Epic","OffHand","kadilo_ochishchaiushchego_plameni","MISSING_ASSET","","",""
"Item","KAMENNOE_IADRO","Каменное ядро","Common","","kamennoe_iadro","MISSING_ASSET","","",""
"Item","KHITIN","Хитин","Uncommon","","khitin","MISSING_ASSET","","",""
"Item","KLINOK_PALACHA_ZATMENIIA","Клинок палача Затмения","Rare","MainHand","klinok_palacha_zatmeniia","MISSING_ASSET","","",""
"Item","KLINOK_PERVOGO_STRAZHA","Клинок Первого Стража","Epic","MainHand","klinok_pervogo_strazha","MISSING_ASSET","","",""
"Item","KLINOK_ZERKALNOGO_EKHA","Клинок зеркального эха","Epic","MainHand","klinok_zerkalnogo_ekha","MISSING_ASSET","","",""
"Item","KLIUCH_KOMENDANTA","Ключ Коменданта","Epic","MainHand","kliuch_komendanta","MISSING_ASSET","","",""
"Item","KLYK","Клык","Common","","klyk","MISSING_ASSET","","",""
"Item","KOLTSO_RAZBITOGO_OTRAZHENIIA","Кольцо разбитого отражения","Epic","Ring1","koltso_razbitogo_otrazheniia","MISSING_ASSET","","",""
"Item","KOST_ILI_ROG","Кость или рог","Common","","kost_ili_rog","MISSING_ASSET","","",""
"Item","KOSTIANAIA_PYL","Костяная пыль","Uncommon","","kostianaia_pyl","MISSING_ASSET","","",""
"Item","KOSTIANOI_KLINOK_MARSHALA","Костяной клинок Маршала","Epic","MainHand","kostianoi_klinok_marshala","MISSING_ASSET","","",""
"Item","KROVAVYI_REAGENT","Кровавый реагент","Uncommon","","krovavyi_reagent","MISSING_ASSET","","",""
"Item","KRUSHITEL_KRIVOKORNIA","Крушитель Кривокорня","Epic","MainHand","krushitel_krivokornia","MISSING_ASSET","","",""
"Item","KUZNECHNAIA_DETAL","Кузнечная деталь","Common","","kuznechnaia_detal","MISSING_ASSET","","",""
"Item","LIGHT_HIDE","Лёгкая шкура","Common","","leather","MISSING_ASSET","","",""
"Item","LIGHT_LEATHER","Лёгкая кожа","Common","","leather","MISSING_ASSET","","",""
"Item","LIK_POKHISHCHENNOI_DUSHI","Лик похищенной души","Epic","Accessory","lik_pokhishchennoi_dushi","MISSING_ASSET","","",""
"Item","LOM","Лом","Common","","lom","MISSING_ASSET","","",""
"Item","LUK_BEZMOLVNOGO_ZNAMENI","Лук Безмолвного Знамени","Epic","MainHand","luk_bezmolvnogo_znameni","MISSING_ASSET","","",""
"Item","LUK_TROINOGO_ASPEKTA","Лук тройного аспекта","Epic","MainHand","luk_troinogo_aspekta","MISSING_ASSET","","",""
"Item","LUNNAIA_PYL","Лунная пыль","Uncommon","","lunnaia_pyl","MISSING_ASSET","","",""
"Item","MANAKRISTALL","Манакристалл","Rare","","manakristall","MISSING_ASSET","","",""
"Item","MANAPYL","Манапыль","Uncommon","","manapyl","MISSING_ASSET","","",""
"Item","MANASOL","Манасоль","Common","","manasol","MISSING_ASSET","","",""
"Item","MATOCHNOE_ZHALO","Маточное жало","Rare","","matochnoe_zhalo","MISSING_ASSET","","",""
"Item","MESHOCHEK_MONET","Мешочек монет","Common","","meshochek_monet","MISSING_ASSET","","",""
"Item","MESHOCHEK_REAGENTOV","Мешочек реагентов","Uncommon","","meshochek_reagentov","MISSING_ASSET","","",""
"Item","MIASO_ZVERIA","Мясо зверя","Common","","miaso_zveria","MISSING_ASSET","","",""
"Item","MINERALIZOVANNAIA_KOST","Минерализованная кость","Common","","mineralizovannaia_kost","MISSING_ASSET","","",""
"Item","MOKRAIA_TKAN","Мокрая ткань","Common","","mokraia_tkan","MISSING_ASSET","","",""
"Item","MOLOT_ARK_TORA","Молот Арк-Тора","Epic","MainHand","molot_ark_tora","MISSING_ASSET","","",""
"Item","NAPLECHNIKI_BAGROVOI_GARPII","Наплечники Багровой гарпии","Rare","Shoulders","naplechniki_bagrovoi_garpii","MISSING_ASSET","","",""
"Item","OBLOMOK_BASTIONNOI_BRONI","Обломок бастионной брони","Common","","oblomok_bastionnoi_broni","MISSING_ASSET","","",""
"Item","OBLOMOK_KOSTI","Обломок кости","Common","","oblomok_kosti","MISSING_ASSET","","",""
"Item","OBSIDIAN","Обсидиан","Common","","obsidian","MISSING_ASSET","","",""
"Item","OBSIDIANOVAIA_KOZHA","Обсидиановая кожа","Common","","obsidianovaia_kozha","MISSING_ASSET","","",""
"Item","OBSIDIANOVAIA_KROSHKA","Обсидиановая крошка","Common","","obsidianovaia_kroshka","MISSING_ASSET","","",""
"Item","OBSIDIANOVAIA_PLITA","Обсидиановая плита","Common","","obsidianovaia_plita","MISSING_ASSET","","",""
"Item","OBSIDIANOVYI_KHITIN","Обсидиановый хитин","Uncommon","","obsidianovyi_khitin","MISSING_ASSET","","",""
"Item","OBUGLENNYI_KLYK","Обугленный клык","Common","","obuglennyi_klyk","MISSING_ASSET","","",""
"Item","OGNENNAIA_ESSENTSIIA","Огненная эссенция","Uncommon","","ognennaia_essentsiia","MISSING_ASSET","","",""
"Item","ORUZHEINAIA_DETAL","Оружейная деталь","Common","","oruzheinaia_detal","MISSING_ASSET","","",""
"Item","ORUZHEINAIA_PLASTINA","Оружейная пластина","Common","","oruzheinaia_plastina","MISSING_ASSET","","",""
"Item","ORUZHEINYI_FRAGMENT","Оружейный фрагмент","Common","","oruzheinyi_fragment","MISSING_ASSET","","",""
"Item","OSKOLOK_DUKHA","Осколок духа","Common","","oskolok_dukha","MISSING_ASSET","","",""
"Item","OSKOLOK_DUSHI","Осколок души","Common","","oskolok_dushi","MISSING_ASSET","","",""
"Item","OSKOLOK_PANTSIRIA","Осколок панциря","Common","","oskolok_pantsiria","MISSING_ASSET","","",""
"Item","OSKOLOK_PERVOGO_STRAZHA","Осколок Первого Стража","Common","","oskolok_pervogo_strazha","MISSING_ASSET","","",""
"Item","OSKOLOK_RASKOLA","Осколок раскола","Common","","oskolok_raskola","MISSING_ASSET","","",""
"Item","OSKOLOK_RUDY","Осколок руды","Common","","oskolok_rudy","MISSING_ASSET","","",""
"Item","OSKOLOK_SERDTSA_BASTIONA","Осколок Сердца Бастиона","Epic","Accessory","oskolok_serdtsa_bastiona","MISSING_ASSET","","",""
"Item","OSKOLOK_SVETA","Осколок света","Common","","oskolok_sveta","MISSING_ASSET","","",""
"Item","OSKOLOK_ZAKLINANIIA","Осколок заклинания","Common","","oskolok_zaklinaniia","MISSING_ASSET","","",""
"Item","OSKVERNIONNOE_SEMIA","Осквернённое семя","Epic","","oskvernionnoe_semia","MISSING_ASSET","","",""
"Item","OSTATOK_DUSHI","Остаток души","Common","","ostatok_dushi","MISSING_ASSET","","",""
"Item","PADALNAIA_KOZHA","Падальная кожа","Common","","padalnaia_kozha","MISSING_ASSET","","",""
"Item","PECHAT_BEZMOLVNOGO_SUDA","Печать безмолвного суда","Epic","Ring1","pechat_bezmolvnogo_suda","MISSING_ASSET","","",""
"Item","PECHAT_MAGISTRA","Печать магистра","Common","","pechat_magistra","MISSING_ASSET","","",""
"Item","PECHAT_MARSHALA","Печать маршала","Common","","pechat_marshala","MISSING_ASSET","","",""
"Item","PECHAT_TRIEDINSTVA","Печать Триединства","Epic","Ring1","pechat_triedinstva","MISSING_ASSET","","",""
"Item","PECHAT_UMBRY","Печать Умбры","Common","","pechat_umbry","MISSING_ASSET","","",""
"Item","PECHAT_VRAT","Печать врат","Common","","pechat_vrat","MISSING_ASSET","","",""
"Item","PEPELNAIA_PYL","Пепельная пыль","Uncommon","","pepelnaia_pyl","MISSING_ASSET","","",""
"Item","PEPELNOE_MIASO","Пепельное мясо","Common","","pepelnoe_miaso","MISSING_ASSET","","",""
"Item","PEPELNYI_REAGENT","Пепельный реагент","Uncommon","","pepelnyi_reagent","MISSING_ASSET","","",""
"Item","PERO_ILI_KOGOT","Перо или коготь","Common","","pero_ili_kogot","MISSING_ASSET","","",""
"Item","PESHCHERNAIA_MEMBRANA_ILI_PANTSIR","Пещерная мембрана или панцирь","Uncommon","","peshchernaia_membrana_ili_pantsir","MISSING_ASSET","","",""
"Item","PESHCHERNAIA_SLIZ","Пещерная слизь","Common","","peshchernaia_sliz","MISSING_ASSET","","",""
"Item","PLASHCH_KRYLATOGO_OKHOTNIKA","Плащ крылатого охотника","Rare","Cloak","plashch_krylatogo_okhotnika","MISSING_ASSET","","",""
"Item","PLOTNAIA_TKAN","Плотная ткань","Common","","plotnaia_tkan","MISSING_ASSET","","",""
"Item","PORCHENOE_MIASO","Порченое мясо","Common","","porchenoe_miaso","MISSING_ASSET","","",""
"Item","PORCHENYI_KHITIN","Порченый хитин","Uncommon","","porchenyi_khitin","MISSING_ASSET","","",""
"Item","POSOKH_CHIORNOI_ZVEZDY","Посох Чёрной Звезды","Epic","MainHand","posokh_chiornoi_zvezdy","MISSING_ASSET","","",""
"Item","POSOKH_SORVANNOGO_ZAKLIATIIA","Посох сорванного заклятия","Epic","MainHand","posokh_sorvannogo_zakliatiia","MISSING_ASSET","","",""
"Item","PROKLIATYI_OBEREG","Проклятый оберег","Common","","prokliatyi_obereg","MISSING_ASSET","","",""
"Item","PROZRACHNOE_KRYLO","Прозрачное крыло","Common","","prozrachnoe_krylo","MISSING_ASSET","","",""
"Item","PRUZHINA_KAPKANA","Пружина капкана","Common","","pruzhina_kapkana","MISSING_ASSET","","",""
"Item","PYL_OTRAZHENII","Пыль отражений","Uncommon","","pyl_otrazhenii","MISSING_ASSET","","",""
"Item","PYL_PORCHI","Пыль порчи","Uncommon","","pyl_porchi","MISSING_ASSET","","",""
"Item","PYLTSA_ROEVIKA","Пыльца роевика","Uncommon","","pyltsa_roevika","MISSING_ASSET","","",""
"Item","REFORGE_STONE","Камень перековки","Uncommon","","ore","MISSING_ASSET","","",""
"Item","ROUGH_HIDE","Грубая шкура","Common","","leather","MISSING_ASSET","","",""
"Item","ROUGH_LEATHER","Грубая кожа","Common","","leather","MISSING_ASSET","","",""
"Item","RUDNYI_MESHOCHEK","Рудный мешочек","Common","","rudnyi_meshochek","MISSING_ASSET","","",""
"Item","RUNICHESKAIA_NIT","Руническая нить","Common","","runicheskaia_nit","MISSING_ASSET","","",""
"Item","RUNICHESKAIA_PLASTINA","Руническая пластина","Common","","runicheskaia_plastina","MISSING_ASSET","","",""
"Item","RUNICHESKOE_IADRO","Руническое ядро","Common","","runicheskoe_iadro","MISSING_ASSET","","",""
"Item","RUNNAIA_KROSHKA","Рунная крошка","Common","","runnaia_kroshka","MISSING_ASSET","","",""
"Item","RUNNAIA_PLASTINA","Рунная пластина","Common","","runnaia_plastina","MISSING_ASSET","","",""
"Item","RUNNAIA_PYL","Рунная пыль","Uncommon","","runnaia_pyl","MISSING_ASSET","","",""
"Item","RUNNOE_SERDTSE_KOLOSSA","Рунное сердце колосса","Epic","Accessory","runnoe_serdtse_kolossa","MISSING_ASSET","","",""
"Item","RVANAIA_SBRUIA","Рваная сбруя","Common","","rvanaia_sbruia","MISSING_ASSET","","",""
"Item","RVANAIA_SHERST","Рваная шерсть","Common","","rvanaia_sherst","MISSING_ASSET","","",""
"Item","SERDTSE_BOLOTNOGO_SVETA","Сердце болотного света","Rare","","serdtse_bolotnogo_sveta","MISSING_ASSET","","",""
"Item","SERDTSE_CHASHCHI","Сердце Чащи","Epic","Accessory","serdtse_chashchi","MISSING_ASSET","","",""
"Item","SERDTSE_LESNOI_PORCHI","Сердце лесной порчи","Epic","","serdtse_lesnoi_porchi","MISSING_ASSET","","",""
"Item","SERDTSE_ZERKALNOGO_IADRA","Сердце зеркального ядра","Epic","","serdtse_zerkalnogo_iadra","MISSING_ASSET","","",""
"Item","SERDTSEVINA_LESNOI_PORCHI","Сердцевина лесной порчи","Rare","","serdtsevina_lesnoi_porchi","MISSING_ASSET","","",""
"Item","SFERA_POSLEDNEGO_REZERVA","Сфера последнего резерва","Epic","Accessory","sfera_poslednego_rezerva","MISSING_ASSET","","",""
"Item","SFERA_ZATMIONNOGO_ORAKULA","Сфера Затмённого Оракула","Epic","OffHand","sfera_zatmionnogo_orakula","MISSING_ASSET","","",""
"Item","SGUSTOK_PORCHI","Сгусток порчи","Common","","sgustok_porchi","MISSING_ASSET","","",""
"Item","SGUSTOK_SOKA","Сгусток сока","Common","","sgustok_soka","MISSING_ASSET","","",""
"Item","SHERST","Шерсть","Common","","sherst","MISSING_ASSET","","",""
"Item","SHKURA_MATIOROGO_VOZHAKA","Шкура Матёрого Вожака","Rare","","shkura_matiorogo_vozhaka","MISSING_ASSET","","",""
"Item","SLED_PORCHI","След порчи","Common","","sled_porchi","MISSING_ASSET","","",""
"Item","SLIZ","Слизь","Common","","sliz","MISSING_ASSET","","",""
"Item","SLIZISTYI_KLYK","Слизистый клык","Common","","slizistyi_klyk","MISSING_ASSET","","",""
"Item","SLOMANNYI_INSTRUMENT","Сломанный инструмент","Common","","slomannyi_instrument","MISSING_ASSET","","",""
"Item","SLUCHAINYI_OSKOLOK_SNARIAZHENIIA","Случайный осколок снаряжения","Common","","sluchainyi_oskolok_snariazheniia","MISSING_ASSET","","",""
"Item","SLUCHAINYI_REAGENT","Случайный реагент","Uncommon","","sluchainyi_reagent","MISSING_ASSET","","",""
"Item","SOSUD_PLENIONNOI_DUSHI","Сосуд пленённой души","Epic","Accessory","sosud_plenionnoi_dushi","MISSING_ASSET","","",""
"Item","SPIDER_SILK","Паучий шёлк","Rare","","spider_silk","MISSING_ASSET","","",""
"Item","STRELA_ILI_LEZVIE","Стрела или лезвие","Common","","strela_ili_lezvie","MISSING_ASSET","","",""
"Item","TERNOVYI_OTROSTOK","Терновый отросток","Common","","ternovyi_otrostok","MISSING_ASSET","","",""
"Item","TETIVA_ZHIVOI_LOZY","Тетива живой лозы","Epic","","tetiva_zhivoi_lozy","MISSING_ASSET","","",""
"Item","THICK_HIDE","Толстая шкура","Common","","leather","MISSING_ASSET","","",""
"Item","THICK_LEATHER","Толстая кожа","Common","","leather","MISSING_ASSET","","",""
"Item","TIOMNAIA_ESSENTSIIA","Тёмная эссенция","Uncommon","","tiomnaia_essentsiia","MISSING_ASSET","","",""
"Item","TIOMNAIA_RUNA","Тёмная руна","Uncommon","","tiomnaia_runa","MISSING_ASSET","","",""
"Item","TIOMNOE_MIASO","Тёмное мясо","Common","","tiomnoe_miaso","MISSING_ASSET","","",""
"Item","TIOMNYI_REAGENT","Тёмный реагент","Uncommon","","tiomnyi_reagent","MISSING_ASSET","","",""
"Item","TIOMNYI_SHIOLK","Тёмный шёлк","Common","","tiomnyi_shiolk","MISSING_ASSET","","",""
"Item","TKANEVYI_LOSKUT","Тканевый лоскут","Common","","tkanevyi_loskut","MISSING_ASSET","","",""
"Item","TLEIUSHCHAIA_ESSENTSIIA","Тлеющая эссенция","Uncommon","","tleiushchaia_essentsiia","MISSING_ASSET","","",""
"Item","TONKOE_ZHALO","Тонкое жало","Common","","tonkoe_zhalo","MISSING_ASSET","","",""
"Item","TOPIANAIA_ZHELEZA","Топяная железа","Common","","topianaia_zheleza","MISSING_ASSET","","",""
"Item","UGOLNOE_IADRO","Угольное ядро","Common","","ugolnoe_iadro","MISSING_ASSET","","",""
"Item","VENETS_IADOVITOI_MATRONY","Венец Ядовитой Матроны","Epic","Head","venets_iadovitoi_matrony","MISSING_ASSET","","",""
"Item","WOLF_FANG","Волчий клык","Common","","wolf_fang","MISSING_ASSET","","",""
"Item","ZARAZHIONNYI_KLYK","Заражённый клык","Common","","zarazhionnyi_klyk","MISSING_ASSET","","",""
"Item","ZERKALNAIA_PLASTINA","Зеркальная пластина","Common","","zerkalnaia_plastina","MISSING_ASSET","","",""
"Item","ZERKALNYI_BASTARD","Зеркальный бастард","Epic","MainHand","zerkalnyi_bastard","MISSING_ASSET","","",""
"Item","ZERKALNYI_OSKOLOK","Зеркальный осколок","Common","","zerkalnyi_oskolok","MISSING_ASSET","","",""
"Item","ZHELEZNAIA_MELOCH","Железная мелочь","Common","","zheleznaia_meloch","MISSING_ASSET","","",""
"Item","ZHIOSTKAIA_SHCHETINA","Жёсткая щетина","Common","","zhiostkaia_shchetina","MISSING_ASSET","","",""
"Item","ZHIOSTKOE_MIASO","Жёсткое мясо","Common","","zhiostkoe_miaso","MISSING_ASSET","","",""
"Item","ZHIVAIA_KORA","Живая кора","Common","","zhivaia_kora","MISSING_ASSET","","",""
"Item","ZHIVOI_KOREN","Живой корень","Common","","zhivoi_koren","MISSING_ASSET","","",""
"Item","ZNAK_BASTIONA","Знак Бастиона","Common","","znak_bastiona","MISSING_ASSET","","",""
"Item","ZNAK_ZATMENIIA","Знак Затмения","Common","","znak_zatmeniia","MISSING_ASSET","","",""
"Item","ZNAMIA_PEPELNOGO_MARSHALA","Знамя Пепельного Маршала","Epic","Accessory","znamia_pepelnogo_marshala","MISSING_ASSET","","",""
"Item","ACC_EPIC_14_AMULET","Амулет — Глубокий лес","Epic","Amulet","","NO_ICON_ID","","",""
"Item","ACC_EPIC_14_CLOAK","Плащ — Глубокий лес","Epic","Cloak","","NO_ICON_ID","","",""
"Item","ACC_EPIC_14_RING","Кольцо — Глубокий лес","Epic","Ring1","","NO_ICON_ID","","",""
"Item","ACC_LEGENDARY_18_AMULET","Амулет — Проклятая чаща","Legendary","Amulet","","NO_ICON_ID","","",""
"Item","ACC_LEGENDARY_18_CLOAK","Плащ — Проклятая чаща","Legendary","Cloak","","NO_ICON_ID","","",""
"Item","ACC_LEGENDARY_18_RING","Кольцо — Проклятая чаща","Legendary","Ring1","","NO_ICON_ID","","",""
"Item","ACC_LEGENDARY_23_AMULET","Амулет — Древние руины","Legendary","Amulet","","NO_ICON_ID","","",""
"Item","ACC_LEGENDARY_23_CLOAK","Плащ — Древние руины","Legendary","Cloak","","NO_ICON_ID","","",""
"Item","ACC_LEGENDARY_23_RING","Кольцо — Древние руины","Legendary","Ring1","","NO_ICON_ID","","",""
"Item","ACC_RARE_10_AMULET","Амулет — Забытые тропы","Rare","Amulet","","NO_ICON_ID","","",""
"Item","ACC_RARE_10_CLOAK","Плащ — Забытые тропы","Rare","Cloak","","NO_ICON_ID","","",""
"Item","ACC_RARE_10_RING","Кольцо — Забытые тропы","Rare","Ring1","","NO_ICON_ID","","",""
"Item","APPRENTICE_CLOTH_ROBE","Мантия ученика","Common","Chest","","NO_ICON_ID","","",""
"Item","APPRENTICE_STAFF","Посох ученика","Common","MainHand","","NO_ICON_ID","","",""
"Item","APPRENTICE_WAND","Жезл ученика","Common","MainHand","","NO_ICON_ID","","",""
"Item","ARCHER_COMMON_WHISPER_TRACKER_BOW","Лук Шепчущей Ветви","Common","MainHand","","NO_ICON_ID","","",""
"Item","ARCHER_COMMON_WHISPER_TRACKER_CHEST","Куртка Шепчущего Леса","Common","Chest","","NO_ICON_ID","","",""
"Item","ARCHER_COMMON_WHISPER_TRACKER_FEET","Сапоги Шепчущего Леса","Common","Feet","","NO_ICON_ID","","",""
"Item","ARCHER_COMMON_WHISPER_TRACKER_HANDS","Перчатки Шепчущего Леса","Common","Hands","","NO_ICON_ID","","",""
"Item","ARCHER_COMMON_WHISPER_TRACKER_HEAD","Капюшон Шепчущего Леса","Common","Head","","NO_ICON_ID","","",""
"Item","ARCHER_COMMON_WHISPER_TRACKER_LEGS","Поножи Шепчущего Леса","Common","Legs","","NO_ICON_ID","","",""
"Item","ARCHER_COMMON_WHISPER_TRACKER_SHOULDERS","Наплечники Шепчущего Леса","Common","Shoulders","","NO_ICON_ID","","",""
"Item","ARCHER_EPIC_MOONLEAF_SHADOW_BOW","Лук Лунного Листа","Epic","MainHand","","NO_ICON_ID","","",""
"Item","ARCHER_EPIC_MOONLEAF_SHADOW_CHEST","Куртка Лунного Листа","Epic","Chest","","NO_ICON_ID","","",""
"Item","ARCHER_EPIC_MOONLEAF_SHADOW_FEET","Сапоги Лунного Листа","Epic","Feet","","NO_ICON_ID","","",""
"Item","ARCHER_EPIC_MOONLEAF_SHADOW_HANDS","Перчатки Лунного Листа","Epic","Hands","","NO_ICON_ID","","",""
"Item","ARCHER_EPIC_MOONLEAF_SHADOW_HEAD","Капюшон Лунного Листа","Epic","Head","","NO_ICON_ID","","",""
"Item","ARCHER_EPIC_MOONLEAF_SHADOW_LEGS","Поножи Лунного Листа","Epic","Legs","","NO_ICON_ID","","",""
"Item","ARCHER_EPIC_MOONLEAF_SHADOW_SHOULDERS","Наплечники Лунного Листа","Epic","Shoulders","","NO_ICON_ID","","",""
"Item","ARCHER_LEGENDARY_BLACK_CONSTELLATION_BOW","Лук Чёрного Созвездия","Legendary","MainHand","","NO_ICON_ID","","",""
"Item","ARCHER_LEGENDARY_BLACK_CONSTELLATION_CHEST","Куртка Чёрного Созвездия","Legendary","Chest","","NO_ICON_ID","","",""
"Item","ARCHER_LEGENDARY_BLACK_CONSTELLATION_FEET","Сапоги Чёрного Созвездия","Legendary","Feet","","NO_ICON_ID","","",""
"Item","ARCHER_LEGENDARY_BLACK_CONSTELLATION_HANDS","Перчатки Чёрного Созвездия","Legendary","Hands","","NO_ICON_ID","","",""
"Item","ARCHER_LEGENDARY_BLACK_CONSTELLATION_HEAD","Капюшон Чёрного Созвездия","Legendary","Head","","NO_ICON_ID","","",""
"Item","ARCHER_LEGENDARY_BLACK_CONSTELLATION_LEGS","Поножи Чёрного Созвездия","Legendary","Legs","","NO_ICON_ID","","",""
"Item","ARCHER_LEGENDARY_BLACK_CONSTELLATION_SHOULDERS","Наплечники Чёрного Созвездия","Legendary","Shoulders","","NO_ICON_ID","","",""
"Item","ARCHER_LEGENDARY_STAR_HUNTER_BOW","Лук Звёздного Зверобоя","Legendary","MainHand","","NO_ICON_ID","","",""
"Item","ARCHER_LEGENDARY_STAR_HUNTER_CHEST","Куртка Звёздного Зверобоя","Legendary","Chest","","NO_ICON_ID","","",""
"Item","ARCHER_LEGENDARY_STAR_HUNTER_FEET","Сапоги Звёздного Зверобоя","Legendary","Feet","","NO_ICON_ID","","",""
"Item","ARCHER_LEGENDARY_STAR_HUNTER_HANDS","Перчатки Звёздного Зверобоя","Legendary","Hands","","NO_ICON_ID","","",""
"Item","ARCHER_LEGENDARY_STAR_HUNTER_HEAD","Капюшон Звёздного Зверобоя","Legendary","Head","","NO_ICON_ID","","",""
"Item","ARCHER_LEGENDARY_STAR_HUNTER_LEGS","Поножи Звёздного Зверобоя","Legendary","Legs","","NO_ICON_ID","","",""
"Item","ARCHER_LEGENDARY_STAR_HUNTER_SHOULDERS","Наплечники Звёздного Зверобоя","Legendary","Shoulders","","NO_ICON_ID","","",""
"Item","ARCHER_RARE_THORN_TRAIL_BOW","Лук Тернового Следа","Rare","MainHand","","NO_ICON_ID","","",""
"Item","ARCHER_RARE_THORN_TRAIL_CHEST","Куртка Тернового Следа","Rare","Chest","","NO_ICON_ID","","",""
"Item","ARCHER_RARE_THORN_TRAIL_FEET","Сапоги Тернового Следа","Rare","Feet","","NO_ICON_ID","","",""
"Item","ARCHER_RARE_THORN_TRAIL_HANDS","Перчатки Тернового Следа","Rare","Hands","","NO_ICON_ID","","",""
"Item","ARCHER_RARE_THORN_TRAIL_HEAD","Капюшон Тернового Следа","Rare","Head","","NO_ICON_ID","","",""
"Item","ARCHER_RARE_THORN_TRAIL_LEGS","Поножи Тернового Следа","Rare","Legs","","NO_ICON_ID","","",""
"Item","ARCHER_RARE_THORN_TRAIL_SHOULDERS","Наплечники Тернового Следа","Rare","Shoulders","","NO_ICON_ID","","",""
"Item","ARCHER_UNCOMMON_GREY_TRAIL_BOW","Лук Серой Тропы","Uncommon","MainHand","","NO_ICON_ID","","",""
"Item","ARCHER_UNCOMMON_GREY_TRAIL_CHEST","Куртка Серой Тропы","Uncommon","Chest","","NO_ICON_ID","","",""
"Item","ARCHER_UNCOMMON_GREY_TRAIL_FEET","Сапоги Серой Тропы","Uncommon","Feet","","NO_ICON_ID","","",""
"Item","ARCHER_UNCOMMON_GREY_TRAIL_HANDS","Перчатки Серой Тропы","Uncommon","Hands","","NO_ICON_ID","","",""
"Item","ARCHER_UNCOMMON_GREY_TRAIL_HEAD","Капюшон Серой Тропы","Uncommon","Head","","NO_ICON_ID","","",""
"Item","ARCHER_UNCOMMON_GREY_TRAIL_LEGS","Поножи Серой Тропы","Uncommon","Legs","","NO_ICON_ID","","",""
"Item","ARCHER_UNCOMMON_GREY_TRAIL_SHOULDERS","Наплечники Серой Тропы","Uncommon","Shoulders","","NO_ICON_ID","","",""
"Item","BOAR_HIDE","Шкура кабана","Common","","","NO_ICON_ID","","",""
"Item","BOAR_HIDE_VEST","Жилет из шкуры кабана","Uncommon","Chest","","NO_ICON_ID","","",""
"Item","HUNTER_LEATHER_VEST","Кожаная куртка охотника","Common","Chest","","NO_ICON_ID","","",""
"Item","HUNTER_SHORTBOW","Короткий лук охотника","Common","MainHand","","NO_ICON_ID","","",""
"Item","MAGE_COMMON_BLUE_CANDLE_CHEST","Мантия Синей Свечи","Common","Chest","","NO_ICON_ID","","",""
"Item","MAGE_COMMON_BLUE_CANDLE_FEET","Сапоги Синей Свечи","Common","Feet","","NO_ICON_ID","","",""
"Item","MAGE_COMMON_BLUE_CANDLE_HANDS","Перчатки Синей Свечи","Common","Hands","","NO_ICON_ID","","",""
"Item","MAGE_COMMON_BLUE_CANDLE_HEAD","Капюшон Синей Свечи","Common","Head","","NO_ICON_ID","","",""
"Item","MAGE_COMMON_BLUE_CANDLE_LEGS","Поножи Синей Свечи","Common","Legs","","NO_ICON_ID","","",""
"Item","MAGE_COMMON_BLUE_CANDLE_SHOULDERS","Наплечники Синей Свечи","Common","Shoulders","","NO_ICON_ID","","",""
"Item","MAGE_COMMON_BLUE_CANDLE_STAFF","Посох Синей Свечи","Common","MainHand","","NO_ICON_ID","","",""
"Item","MAGE_COMMON_BLUE_CANDLE_WAND","Жезл Синей Свечи","Common","MainHand","","NO_ICON_ID","","",""
"Item","MAGE_UNCOMMON_FORGOTTEN_RUNES_CHEST","Мантия Забытого Ученика","Uncommon","Chest","","NO_ICON_ID","","",""
"Item","MAGE_UNCOMMON_FORGOTTEN_RUNES_FEET","Сапоги Забытого Ученика","Uncommon","Feet","","NO_ICON_ID","","",""
"Item","MAGE_UNCOMMON_FORGOTTEN_RUNES_HANDS","Перчатки Забытого Ученика","Uncommon","Hands","","NO_ICON_ID","","",""
"Item","MAGE_UNCOMMON_FORGOTTEN_RUNES_HEAD","Капюшон Забытого Ученика","Uncommon","Head","","NO_ICON_ID","","",""
"Item","MAGE_UNCOMMON_FORGOTTEN_RUNES_LEGS","Поножи Забытого Ученика","Uncommon","Legs","","NO_ICON_ID","","",""
"Item","MAGE_UNCOMMON_FORGOTTEN_RUNES_SHOULDERS","Наплечники Забытого Ученика","Uncommon","Shoulders","","NO_ICON_ID","","",""
"Item","MAGE_UNCOMMON_FORGOTTEN_RUNES_STAFF","Посох Забытого Ученика","Uncommon","MainHand","","NO_ICON_ID","","",""
"Item","MAGE_UNCOMMON_FORGOTTEN_RUNES_WAND","Жезл Забытого Ученика","Uncommon","MainHand","","NO_ICON_ID","","",""
"Item","MINOR_ANTIDOTE","Малое противоядие","Common","","","NO_ICON_ID","","",""
"Item","MINOR_BATTLE_TONIC","Малый боевой тоник","Uncommon","","","NO_ICON_ID","","",""
"Item","RANGER_FANG_BLADE","Клинок Следопыта","Uncommon","MainHand","","NO_ICON_ID","","",""
"Item","RANGER_HIDE_VEST","Куртка Следопыта","Uncommon","Chest","","NO_ICON_ID","","",""
"Item","RANGER_SILK_HOOD","Капюшон Следопыта","Uncommon","Head","","NO_ICON_ID","","",""
"Item","RANGER_TRAIL_BOOTS","Ботинки Следопыта","Uncommon","Feet","","NO_ICON_ID","","",""
"Item","RANGER_TRAIL_LEGGINGS","Штаны Следопыта","Uncommon","Legs","","NO_ICON_ID","","",""
"Item","SMALL_FOCUS_POTION","Малое зелье концентрации","Common","","","NO_ICON_ID","","",""
"Item","SMALL_HEALING_POTION","Малое зелье лечения","Common","","","NO_ICON_ID","","",""
"Item","SMALL_MANA_POTION","Малое зелье маны","Common","","","NO_ICON_ID","","",""
"Item","SMALL_RAGE_POTION","Малое зелье ярости","Common","","","NO_ICON_ID","","",""
"Item","SPIDER_SILK_HOOD","Капюшон из паучьего шёлка","Uncommon","Head","","NO_ICON_ID","","",""
"Item","SPIDER_VENOM_SAC","Ядовитая железа паука","Uncommon","","","NO_ICON_ID","","",""
"Item","UNIQUE_ARCHER_LAST_CONSTELLATION_L25","Лук Последнего Созвездия","Unique","MainHand","","NO_ICON_ID","","",""
"Item","UNIQUE_MAGE_EYE_OF_DEAD_STAR_L25","Око Погасшей Звезды","Unique","MainHand","","NO_ICON_ID","","",""
"Item","UNIQUE_WARRIOR_BLACKHEART_L25","Черносерд","Unique","MainHand","","NO_ICON_ID","","",""
"Item","WARRIOR_COMMON_BORDER_STEEL_CHEST","Нагрудник Пограничника","Common","Chest","","NO_ICON_ID","","",""
"Item","WARRIOR_COMMON_BORDER_STEEL_FEET","Сапоги Пограничника","Common","Feet","","NO_ICON_ID","","",""
"Item","WARRIOR_COMMON_BORDER_STEEL_HANDS","Рукавицы Пограничника","Common","Hands","","NO_ICON_ID","","",""
"Item","WARRIOR_COMMON_BORDER_STEEL_HEAD","Шлем Пограничника","Common","Head","","NO_ICON_ID","","",""
"Item","WARRIOR_COMMON_BORDER_STEEL_LEGS","Поножи Пограничника","Common","Legs","","NO_ICON_ID","","",""
"Item","WARRIOR_COMMON_BORDER_STEEL_SHIELD","Щит Пограничника","Common","OffHand","","NO_ICON_ID","","",""
"Item","WARRIOR_COMMON_BORDER_STEEL_SHOULDERS","Наплечники Пограничника","Common","Shoulders","","NO_ICON_ID","","",""
"Item","WARRIOR_COMMON_BORDER_STEEL_WEAPON","Меч Пограничника","Common","MainHand","","NO_ICON_ID","","",""
"Item","WARRIOR_UNCOMMON_IRON_WATCH_CHEST","Нагрудник Железного Дозора","Uncommon","Chest","","NO_ICON_ID","","",""
"Item","WARRIOR_UNCOMMON_IRON_WATCH_FEET","Сапоги Железного Дозора","Uncommon","Feet","","NO_ICON_ID","","",""
"Item","WARRIOR_UNCOMMON_IRON_WATCH_HANDS","Рукавицы Железного Дозора","Uncommon","Hands","","NO_ICON_ID","","",""
"Item","WARRIOR_UNCOMMON_IRON_WATCH_HEAD","Шлем Железного Дозора","Uncommon","Head","","NO_ICON_ID","","",""
"Item","WARRIOR_UNCOMMON_IRON_WATCH_LEGS","Поножи Железного Дозора","Uncommon","Legs","","NO_ICON_ID","","",""
"Item","WARRIOR_UNCOMMON_IRON_WATCH_SHIELD","Щит Железного Дозора","Uncommon","OffHand","","NO_ICON_ID","","",""
"Item","WARRIOR_UNCOMMON_IRON_WATCH_SHOULDERS","Наплечники Железного Дозора","Uncommon","Shoulders","","NO_ICON_ID","","",""
"Item","WARRIOR_UNCOMMON_IRON_WATCH_WEAPON","Клинок Железного Дозора","Uncommon","MainHand","","NO_ICON_ID","","",""
"Item","WOLF_HIDE","Шкура волка","Common","","","NO_ICON_ID","","",""
"Monster","ALPHA_WOLF_L11","Старый альфа-волк","Normal","","alpha-wolf","DIRECT_ASSET","web/elyndor-web/src/assets/monsters/alpha-wolf.png","",""
"Monster","ALPHA_WOLF_L20","Осквернённый альфа-волк","Normal","","alpha-wolf","DIRECT_ASSET","web/elyndor-web/src/assets/monsters/alpha-wolf.png","",""
"Monster","ALPHA_WOLF_L5","Альфа-волк","Normal","","alpha-wolf","DIRECT_ASSET","web/elyndor-web/src/assets/monsters/alpha-wolf.png","",""
"Monster","ANCIENT_MINE_BOAR_L15","Рудный вепрь","Normal","","kaban","DIRECT_ASSET","web/elyndor-web/src/assets/monsters/kaban.webp","",""
"Monster","ANCIENT_MINE_BROODMOTHER_L16","Прародительница Глубин","Boss","","spider-broodmother","DIRECT_ASSET","web/elyndor-web/src/assets/monsters/spider-broodmother.png","",""
"Monster","ANCIENT_MINE_GOBLIN_L16","Забытый шахтный караульный","Normal","","shakhtnyi-dozornyi","DIRECT_ASSET","web/elyndor-web/src/assets/monsters/shakhtnyi-dozornyi.webp","",""
"Monster","ANCIENT_MINE_SPIDER_L16","Глубинный шахтный паук","Normal","","shakhtnyi-pauk","DIRECT_ASSET","web/elyndor-web/src/assets/monsters/shakhtnyi-pauk.webp","",""
"Monster","ANCIENT_MINE_SPIDERLING_L16","Паучок Прародительницы Глубин","Normal","","shakhtnyi-pauk","DIRECT_ASSET","web/elyndor-web/src/assets/monsters/shakhtnyi-pauk.webp","",""
"Monster","ANCIENT_MINE_WOLF_L15","Шахтный волк","Normal","","lesnoi-volk","DIRECT_ASSET","web/elyndor-web/src/assets/monsters/lesnoi-volk.webp","",""
"Monster","ASHEN_BORDER_DOZORNYI_GRANITSY_L23","Дозорный границы","Normal","","dozornyi-granitsy","DIRECT_ASSET","web/elyndor-web/src/assets/monsters/dozornyi-granitsy.webp","Враги/Враги Пепельной границы и Топей Лунного Пепла/дозорный границы.png",""
"Monster","ASHEN_BORDER_PEPELNYI_GONCHII_ZVER_L23","Пепельный гончий зверь","Normal","","pepelnyi-gonchii-zver","DIRECT_ASSET","web/elyndor-web/src/assets/monsters/pepelnyi-gonchii-zver.webp","Враги/Враги Пепельной границы и Топей Лунного Пепла/пепельный гончий зверь.png",""
"Monster","ASHEN_BORDER_PEPELNYI_NALIOTCHIK_L22","Пепельный налётчик","Normal","","pepelnyi-naliotchik","DIRECT_ASSET","web/elyndor-web/src/assets/monsters/pepelnyi-naliotchik.webp","Враги/Враги Пепельной границы и Топей Лунного Пепла/пепельный налётчик.png",""
"Monster","BANDIT_ARCHER_L16","Разбойник-лучник","Normal","","bandit-archer","DIRECT_ASSET","web/elyndor-web/src/assets/monsters/bandit-archer.png","",""
"Monster","BANDIT_ROGUE_L15","Лесной разбойник","Normal","","enemy-lesnoy-razboynik","DIRECT_ASSET","web/elyndor-web/src/assets/monsters/enemy-lesnoy-razboynik.webp","Враги/Ранние враги открытого мира/лесной разбойник.png",""
"Monster","BANDIT_ROGUE_L19","Опытный лесной разбойник","Normal","","bandit-rogue","DIRECT_ASSET","web/elyndor-web/src/assets/monsters/bandit-rogue.png","",""
"Monster","BLIGHTED_GROVE_BOLOTNYI_VASILISK_L19","Болотный василиск","Normal","","bolotnyi-vasilisk","DIRECT_ASSET","web/elyndor-web/src/assets/monsters/bolotnyi-vasilisk.webp","Враги/Враги Осквернённой чащи/болотный василиск.png",""
"Monster","BLIGHTED_GROVE_GLASHATAI_PORCHI_L20","Глашатай порчи","Elite","","glashatai-porchi","DIRECT_ASSET","web/elyndor-web/src/assets/monsters/glashatai-porchi.webp","Враги/Враги Осквернённой чащи/глашатай порчи.png",""
"Monster","BLIGHTED_GROVE_IADOVITAIA_MATRONA_CHASHCHI_L19","Ядовитая матрона чащи","Normal","","iadovitaia-matrona-chashchi","DIRECT_ASSET","web/elyndor-web/src/assets/monsters/iadovitaia-matrona-chashchi.webp","Враги/Враги Осквернённой чащи/ядовитая матрона чащи.png",""
"Monster","BLIGHTED_GROVE_LESNAIA_VEDMA_L19","Лесная ведьма","Elite","","lesnaia-vedma","DIRECT_ASSET","web/elyndor-web/src/assets/monsters/lesnaia-vedma.webp","Враги/Враги Осквернённой чащи/лесная ведьма.png",""
"Monster","BLIGHTED_GROVE_LOZOVYI_DUSHITEL_L20","Лозовый душитель","Normal","","lozovyi-dushitel","DIRECT_ASSET","web/elyndor-web/src/assets/monsters/lozovyi-dushitel.webp","Враги/Враги Осквернённой чащи/лозовый душитель.png",""
"Monster","BLIGHTED_GROVE_PEPELNYI_NALIOTCHIK_L16","Пепельный налётчик","Normal","","pepelnyi-naliotchik","DIRECT_ASSET","web/elyndor-web/src/assets/monsters/pepelnyi-naliotchik.webp","Враги/Враги Пепельной границы и Топей Лунного Пепла/пепельный налётчик.png",""
"Monster","BLIGHTED_GROVE_PORCHENNYI_DREVEN_L19","Порченный древень","Normal","","porchennyi-dreven","DIRECT_ASSET","web/elyndor-web/src/assets/monsters/porchennyi-dreven.webp","Враги/Враги Осквернённой чащи/порченный древень.png",""
"Monster","BLIGHTED_GROVE_PORCHENYI_VOLK_L15","Порченый волк","Normal","","porchenyi-volk","DIRECT_ASSET","web/elyndor-web/src/assets/monsters/porchenyi-volk.webp","Враги/Враги Осквернённой чащи/порченый волк.png",""
"Monster","BLIGHTED_GROVE_SHIPASTYI_KHISHCHNIK_L18","Шипастый хищник","Normal","","shipastyi-khishchnik","DIRECT_ASSET","web/elyndor-web/src/assets/monsters/shipastyi-khishchnik.webp","Враги/Враги Осквернённой чащи/шипастый хищник.png",""
"Monster","BLIGHTED_GROVE_ZARAZHIONNYI_OLEN_L18","Заражённый олень","Normal","","zarazhionnyi-olen","DIRECT_ASSET","web/elyndor-web/src/assets/monsters/zarazhionnyi-olen.webp","Враги/Враги Осквернённой чащи/заражённый олень.png",""
"Monster","BLIGHTED_SPIDER_L18","Осквернённый паук","Normal","","giant-spider","DIRECT_ASSET","web/elyndor-web/src/assets/monsters/giant-spider.png","",""
"Monster","CORRUPTED_BOAR_L17","Осквернённый вепрь","Normal","","corrupted-boar","DIRECT_ASSET","web/elyndor-web/src/assets/monsters/corrupted-boar.png","",""
"Monster","CORRUPTED_BOAR_L7","Осквернённый кабан","Normal","","corrupted-boar","DIRECT_ASSET","web/elyndor-web/src/assets/monsters/corrupted-boar.png","",""
"Monster","DEEP_FOREST_GOBLIN_KAPKANSHCHIK_L10","Гоблин-капканщик","Normal","","goblin-kapkanshchik","DIRECT_ASSET","web/elyndor-web/src/assets/monsters/goblin-kapkanshchik.webp","Враги/Ранние враги открытого мира/гоблин-капканщик.png",""
"Monster","DEEP_SPIDER_L8","Глубинный паук","Normal","","giant-spider","DIRECT_ASSET","web/elyndor-web/src/assets/monsters/giant-spider.png","",""
"Monster","DEEP_WOLF_L10","Матёрый лесной волк","Normal","","wolf","DIRECT_ASSET","web/elyndor-web/src/assets/monsters/wolf.svg","",""
"Monster","DEEP_WOLF_L6","Тёмный лесной волк","Normal","","wolf","DIRECT_ASSET","web/elyndor-web/src/assets/monsters/wolf.svg","",""
"Monster","ECLIPSED_CITADEL_ARCHON_L25","Архонт Погасшей Звезды","Boss","","namestnik-tsitadeli","DIRECT_ASSET","web/elyndor-web/src/assets/monsters/namestnik-tsitadeli.webp","",""
"Monster","ECLIPSED_CITADEL_EXECUTIONER_L25","Палач Чёрного Созвездия","Elite","","alebardshchik-bastiona","DIRECT_ASSET","web/elyndor-web/src/assets/monsters/alebardshchik-bastiona.webp","",""
"Monster","ECLIPSED_CITADEL_GOLEM_L25","Каменный страж Бастиона","Elite","","kamennyi-strazh","DIRECT_ASSET","web/elyndor-web/src/assets/monsters/kamennyi-strazh.webp","",""
"Monster","ECLIPSED_CITADEL_SENTINEL_L25","Пепельный часовой","Elite","","soldat-zatmeniia","DIRECT_ASSET","web/elyndor-web/src/assets/monsters/soldat-zatmeniia.webp","",""
"Monster","ECLIPSED_CITADEL_WEAVER_L25","Ткач Пустоты","Elite","","giant-spider","DIRECT_ASSET","web/elyndor-web/src/assets/monsters/giant-spider.png","",""
"Monster","FOREST_BOAR_L2","Лесной кабан","Normal","","forest-boar","DIRECT_ASSET","web/elyndor-web/src/assets/monsters/forest-boar.png","",""
"Monster","FOREST_WOLF_L1","Лесной волк","Normal","","enemy-lesnoy-volk","DIRECT_ASSET","web/elyndor-web/src/assets/monsters/enemy-lesnoy-volk.webp","Враги/Ранние враги открытого мира/лесной волк.png",""
"Monster","FOREST_WOLF_L4","Лесной волк","Normal","","enemy-lesnoy-volk","DIRECT_ASSET","web/elyndor-web/src/assets/monsters/enemy-lesnoy-volk.webp","Враги/Ранние враги открытого мира/лесной волк.png",""
"Monster","GIANT_SPIDER_L3","Гигантский паук","Normal","","enemy-gigantskiy-pauk","DIRECT_ASSET","web/elyndor-web/src/assets/monsters/enemy-gigantskiy-pauk.webp","Враги/Ранние враги открытого мира/гигантский паук.png",""
"Monster","GOBLIN_SCOUT_L9","Гоблин-разведчик","Normal","","goblin-scout","DIRECT_ASSET","web/elyndor-web/src/assets/monsters/goblin-scout.png","",""
"Monster","HEART_OF_BLIGHTED_GROVE_PORCHENYI_DREVEN_L20","Порченый древень","Elite","","porchenyi-dreven","DIRECT_ASSET","web/elyndor-web/src/assets/monsters/porchenyi-dreven.webp","",""
"Monster","MOON_ASH_MARSHES_BOLOTNAIA_MAT_L26","Болотная мать","Elite","","bolotnaia-mat","DIRECT_ASSET","web/elyndor-web/src/assets/monsters/bolotnaia-mat.webp","Враги/Враги Пепельной границы и Топей Лунного Пепла/болотная мать.png",""
"Monster","MOON_ASH_MARSHES_BOLOTNYI_POZHIRATEL_L24","Болотный пожиратель","Normal","","bolotnyi-pozhiratel","DIRECT_ASSET","web/elyndor-web/src/assets/monsters/bolotnyi-pozhiratel.webp","Враги/Враги Пепельной границы и Топей Лунного Пепла/болотный пожиратель.png",""
"Monster","MOON_ASH_MARSHES_LUNNOPEPELNYI_UTOPLENNIK_L25","Луннопепельный утопленник","Normal","","lunnopepelnyi-utoplennik","DIRECT_ASSET","web/elyndor-web/src/assets/monsters/lunnopepelnyi-utoplennik.webp","Враги/Враги Пепельной границы и Топей Лунного Пепла/луннопепельный утопленник.png",""
"Monster","MOON_ASH_MARSHES_PRIZRACHNYI_PALOMNIK_L26","Призрачный паломник","Normal","","enemy-prizrachnyy-palomnik","DIRECT_ASSET","web/elyndor-web/src/assets/monsters/enemy-prizrachnyy-palomnik.webp","Враги/Враги Пепельной границы и Топей Лунного Пепла/призрачный паломник.png",""
"Monster","MOON_ASH_MARSHES_VEDMAK_TOPEI_L25","Ведьмак топей","Normal","","vedmak-topei","DIRECT_ASSET","web/elyndor-web/src/assets/monsters/vedmak-topei.webp","Враги/Враги Пепельной границы и Топей Лунного Пепла/ведьмак топей.png",""
"Monster","OLD_ROAD_DOROZHNYI_MARODIOR_L14","Дорожный мародёр","Normal","","dorozhnyi-marodior","DIRECT_ASSET","web/elyndor-web/src/assets/monsters/dorozhnyi-marodior.webp","Враги/Ранние враги открытого мира/дорожный мародёр.png",""
"Monster","SHATTERED_LANDS_CHARODEI_RASKOLA_L31","Чародей раскола","Normal","","enemy-charodey-raskola","DIRECT_ASSET","web/elyndor-web/src/assets/monsters/enemy-charodey-raskola.webp","Враги/Враги Земель Раскола и Цитадели Расколотого Ордена/чародей раскола.png",""
"Monster","SHATTERED_LANDS_ISKAZHIONNYI_POSLUSHNIK_L31","Искажённый послушник","Normal","","iskazhionnyi-poslushnik","DIRECT_ASSET","web/elyndor-web/src/assets/monsters/iskazhionnyi-poslushnik.webp","Враги/Враги Земель Раскола и Цитадели Расколотого Ордена/искажённый послушник.png",""
"Monster","SHATTERED_LANDS_KHRANITEL_RAZLOMA_L32","Хранитель разлома","Elite","","enemy-khranitel-razloma","DIRECT_ASSET","web/elyndor-web/src/assets/monsters/enemy-khranitel-razloma.webp","Враги/Враги Земель Раскола и Цитадели Расколотого Ордена/хранитель разлома.png",""
"Monster","SHATTERED_LANDS_OSKOLOCHNYI_STRAZH_L30","Осколочный страж","Normal","","enemy-oskolochnyy-strazh","DIRECT_ASSET","web/elyndor-web/src/assets/monsters/enemy-oskolochnyy-strazh.webp","Враги/Враги Земель Раскола и Цитадели Расколотого Ордена/осколочный страж.png",""
"Monster","SHATTERED_LANDS_OTRAZHIONNYI_ZVER_L32","Отражённый зверь","Normal","","otrazhionnyi-zver","DIRECT_ASSET","web/elyndor-web/src/assets/monsters/otrazhionnyi-zver.webp","Враги/Враги Земель Раскола и Цитадели Расколотого Ордена/отражённый зверь.png",""
"Monster","SHATTERED_LANDS_ZERKALNYI_CHASOVOI_L31","Зеркальный часовой","Elite","","zerkalnyi-chasovoi","DIRECT_ASSET","web/elyndor-web/src/assets/monsters/zerkalnyi-chasovoi.webp","Враги/Враги Земель Раскола и Цитадели Расколотого Ордена/зеркальный часовой.png",""
"Monster","SHATTERED_ORDER_AZRAEL_FIRE_L25","Азраэль Пламени","Elite","","zhrets-ugasshego-sveta","DIRECT_ASSET","web/elyndor-web/src/assets/monsters/zhrets-ugasshego-sveta.webp","",""
"Monster","SHATTERED_ORDER_AZRAEL_FROST_L25","Азраэль Холода","Elite","","charodei-raskola","DIRECT_ASSET","web/elyndor-web/src/assets/monsters/charodei-raskola.webp","",""
"Monster","SHATTERED_ORDER_AZRAEL_L25","Триединый Магистр Азраэль","Boss","","magistr-razbitogo-ordena","DIRECT_ASSET","web/elyndor-web/src/assets/monsters/magistr-razbitogo-ordena.webp","",""
"Monster","SHATTERED_ORDER_AZRAEL_VOID_L25","Азраэль Бездны","Elite","","khranitel-razloma","DIRECT_ASSET","web/elyndor-web/src/assets/monsters/khranitel-razloma.webp","",""
"Monster","SHATTERED_ORDER_CITADEL_CHARODEI_RASKOLA_L30","Чародей раскола","Elite","","enemy-charodey-raskola","DIRECT_ASSET","web/elyndor-web/src/assets/monsters/enemy-charodey-raskola.webp","Враги/Враги Земель Раскола и Цитадели Расколотого Ордена/чародей раскола.png",""
"Monster","SHATTERED_ORDER_CITADEL_ISKAZHIONNYI_POSLUSHNIK_L30","Искажённый послушник","Elite","","iskazhionnyi-poslushnik","DIRECT_ASSET","web/elyndor-web/src/assets/monsters/iskazhionnyi-poslushnik.webp","Враги/Враги Земель Раскола и Цитадели Расколотого Ордена/искажённый послушник.png",""
"Monster","SHATTERED_ORDER_CITADEL_KHRANITEL_RAZLOMA_L30","Хранитель разлома","Elite","","enemy-khranitel-razloma","DIRECT_ASSET","web/elyndor-web/src/assets/monsters/enemy-khranitel-razloma.webp","Враги/Враги Земель Раскола и Цитадели Расколотого Ордена/хранитель разлома.png",""
"Monster","SHATTERED_ORDER_CITADEL_MAGISTR_RAZBITOGO_ORDENA_L30","Магистр разбитого ордена","Elite","","enemy-magistr-razbitogo-ordena","DIRECT_ASSET","web/elyndor-web/src/assets/monsters/enemy-magistr-razbitogo-ordena.webp","Враги/Враги Земель Раскола и Цитадели Расколотого Ордена/магистр разбитого ордена.png",""
"Monster","SHATTERED_ORDER_CITADEL_OSKOLOCHNYI_STRAZH_L30","Осколочный страж","Elite","","enemy-oskolochnyy-strazh","DIRECT_ASSET","web/elyndor-web/src/assets/monsters/enemy-oskolochnyy-strazh.webp","Враги/Враги Земель Раскола и Цитадели Расколотого Ордена/осколочный страж.png",""
"Monster","SHATTERED_ORDER_CITADEL_OTRAZHIONNYI_ZVER_L30","Отражённый зверь","Elite","","otrazhionnyi-zver","DIRECT_ASSET","web/elyndor-web/src/assets/monsters/otrazhionnyi-zver.webp","Враги/Враги Земель Раскола и Цитадели Расколотого Ордена/отражённый зверь.png",""
"Monster","SHATTERED_ORDER_CITADEL_RYTSAR_ZERKALNOGO_IADRA_L30","Рыцарь зеркального ядра","Elite","","enemy-rytsar-zerkalnogo-yadra","DIRECT_ASSET","web/elyndor-web/src/assets/monsters/enemy-rytsar-zerkalnogo-yadra.webp","Враги/Враги Земель Раскола и Цитадели Расколотого Ордена/рыцарь зеркального ядра.png",""
"Monster","SHATTERED_ORDER_CITADEL_ZERKALNYI_CHASOVOI_L30","Зеркальный часовой","Elite","","zerkalnyi-chasovoi","DIRECT_ASSET","web/elyndor-web/src/assets/monsters/zerkalnyi-chasovoi.webp","Враги/Враги Земель Раскола и Цитадели Расколотого Ордена/зеркальный часовой.png",""
"Monster","SHATTERED_ORDER_MANA_FEEDER_L25","Проводник маны","Elite","","charodei-raskola","DIRECT_ASSET","web/elyndor-web/src/assets/monsters/charodei-raskola.webp","",""
"Monster","SHATTERED_ORDER_MIRROR_CASTELLAN_L25","Зеркальный Кастелан","Boss","","rytsar-zerkalnogo-iadra","DIRECT_ASSET","web/elyndor-web/src/assets/monsters/rytsar-zerkalnogo-iadra.webp","",""
"Monster","SHATTERED_ORDER_MIRROR_EXECUTIONER_L25","Палач Зеркала","Elite","","rytsar-zerkalnogo-iadra","DIRECT_ASSET","web/elyndor-web/src/assets/monsters/rytsar-zerkalnogo-iadra.webp","",""
"Monster","SHATTERED_ORDER_MIRROR_GUARDIAN_L25","Страж Зеркала","Elite","","oskolochnyi-strazh","DIRECT_ASSET","web/elyndor-web/src/assets/monsters/oskolochnyi-strazh.webp","",""
"Monster","SHATTERED_ORDER_MIRROR_PRIEST_L25","Жрец Зеркала","Elite","","zhrets-ugasshego-sveta","DIRECT_ASSET","web/elyndor-web/src/assets/monsters/zhrets-ugasshego-sveta.webp","",""
"Monster","SHATTERED_ORDER_MOR_ET_L25","Хранитель Душ Мор-Эт","Boss","","khranitel-razloma","DIRECT_ASSET","web/elyndor-web/src/assets/monsters/khranitel-razloma.webp","",""
"Monster","SHATTERED_ORDER_SOUL_ARCHER_L25","Потерянная душа лучника","Elite","","sumerechnyi-luchnik","DIRECT_ASSET","web/elyndor-web/src/assets/monsters/sumerechnyi-luchnik.webp","",""
"Monster","SHATTERED_ORDER_SOUL_MAGE_L25","Потерянная душа мага","Elite","","charodei-raskola","DIRECT_ASSET","web/elyndor-web/src/assets/monsters/charodei-raskola.webp","",""
"Monster","SHATTERED_ORDER_SOUL_PALADIN_L25","Потерянная душа паладина","Elite","","prizrachnyi-palomnik","DIRECT_ASSET","web/elyndor-web/src/assets/monsters/prizrachnyi-palomnik.webp","",""
"Monster","SHATTERED_ORDER_SOUL_WARRIOR_L25","Потерянная душа воина","Elite","","prizrachnyi-palomnik","DIRECT_ASSET","web/elyndor-web/src/assets/monsters/prizrachnyi-palomnik.webp","",""
"Monster","SHATTERED_ORDER_VELARIUS_L25","Архимаг Веллариус","Boss","","magistr-razbitogo-ordena","DIRECT_ASSET","web/elyndor-web/src/assets/monsters/magistr-razbitogo-ordena.webp","",""
"Monster","STONE_SPURS_MOLODOI_KAMNEGLOT_L16","Молодой камнеглот","Normal","","molodoi-kamneglot","DIRECT_ASSET","web/elyndor-web/src/assets/monsters/molodoi-kamneglot.webp","Враги/Ранние враги открытого мира/молодой камнеглот.png",""
"Monster","WHISPERING_FOREST_DIKII_KABAN_VOZHAK_L4","Дикий кабан-вожак","Elite","","dikii-kaban-vozhak","DIRECT_ASSET","web/elyndor-web/src/assets/monsters/dikii-kaban-vozhak.webp","Враги/Ранние враги открытого мира/дикий кабан-вожак.png",""
"Monster","WHISPERING_FOREST_GIGANTSKII_PAUK_L5","Гигантский паук","Normal","","enemy-gigantskiy-pauk","DIRECT_ASSET","web/elyndor-web/src/assets/monsters/enemy-gigantskiy-pauk.webp","Враги/Ранние враги открытого мира/гигантский паук.png",""
"Monster","WHISPERING_FOREST_IADOVITYI_PAUK_L3","Ядовитый паук","Normal","","iadovityi-pauk","DIRECT_ASSET","web/elyndor-web/src/assets/monsters/iadovityi-pauk.webp","Враги/Ранние враги открытого мира/ядовитый паук.png",""
"Monster","WHISPERING_FOREST_KABAN_L4","Кабан","Normal","","enemy-kaban","DIRECT_ASSET","web/elyndor-web/src/assets/monsters/enemy-kaban.webp","Враги/Ранние враги открытого мира/кабан.png",""
"Monster","WHISPERING_FOREST_LESNOI_RAZBOINIK_L5","Лесной разбойник","Normal","","enemy-lesnoy-razboynik","DIRECT_ASSET","web/elyndor-web/src/assets/monsters/enemy-lesnoy-razboynik.webp","Враги/Ранние враги открытого мира/лесной разбойник.png",""
"Monster","WHISPERING_FOREST_LESNOI_VOLK_L3","Лесной волк","Normal","","enemy-lesnoy-volk","DIRECT_ASSET","web/elyndor-web/src/assets/monsters/enemy-lesnoy-volk.webp","Враги/Ранние враги открытого мира/лесной волк.png",""
"Monster","WHISPERING_FOREST_MATIORYI_VOLK_L4","Матёрый волк","Normal","","matioryi-volk","DIRECT_ASSET","web/elyndor-web/src/assets/monsters/matioryi-volk.webp","Враги/Ранние враги открытого мира/матёрый волк.png",""
"Monster","ASHEN_BORDER_GLASHATAI_ZATMENIIA_L22","Глашатай Затмения","Elite","","glashatai-zatmeniia","MISSING_DIRECT_ASSET","","",""
"Monster","ASHEN_BORDER_KULTIST_ZATMENIIA_L19","Культист Затмения","Normal","","kultist-zatmeniia","MISSING_DIRECT_ASSET","","",""
"Monster","ASHEN_BORDER_OBUGLENNYI_DREVEN_L21","Обугленный древень","Normal","","obuglennyi-dreven","MISSING_DIRECT_ASSET","","",""
"Monster","ASHEN_BORDER_PALACH_GRANITSY_L22","Палач границы","Elite","","palach-granitsy","MISSING_DIRECT_ASSET","","",""
"Monster","ASHEN_BORDER_PEPELNYI_ELEMENTAL_L21","Пепельный элементаль","Normal","","pepelnyi-elemental","MISSING_DIRECT_ASSET","","",""
"Monster","ASHEN_BORDER_PEPELNYI_STRELOK_L18","Пепельный стрелок","Normal","","pepelnyi-strelok","MISSING_DIRECT_ASSET","","",""
"Monster","ASHEN_BORDER_PEPELNYI_VOLK_L22","Пепельный волк","Normal","","pepelnyi-volk","MISSING_DIRECT_ASSET","","",""
"Monster","ASHEN_BORDER_REKRUT_ZATMENIIA_L18","Рекрут Затмения","Normal","","rekrut-zatmeniia","MISSING_DIRECT_ASSET","","",""
"Monster","ASHEN_BORDER_ZAKLINATEL_TLEIUSHCHIKH_RUN_L20","Заклинатель тлеющих рун","Normal","","zaklinatel-tleiushchikh-run","MISSING_DIRECT_ASSET","","",""
"Monster","BLACK_BASTION_BASTIONNYI_PALACH_L40","Бастионный палач","Elite","","bastionnyi-palach","MISSING_DIRECT_ASSET","","",""
"Monster","BLACK_BASTION_BOSS_INKVIZITOR_SEIRA_L40","Инквизитор Сейра","Boss","","inkvizitor-seira","MISSING_DIRECT_ASSET","","",""
"Monster","BLACK_BASTION_BOSS_KOMENDANT_VRAT_RAGNOR_L40","Комендант Врат Рагнор","Boss","","komendant-vrat-ragnor","MISSING_DIRECT_ASSET","","",""
"Monster","BLACK_BASTION_BOSS_MAGISTR_CHIORNOI_ZVEZDY_L40","Магистр Чёрной Звезды","Boss","","magistr-chiornoi-zvezdy","MISSING_DIRECT_ASSET","","",""
"Monster","BLACK_BASTION_BOSS_MARSHAL_PEPELNOGO_ZNAMENI_L40","Маршал Пепельного Знамени","Boss","","marshal-pepelnogo-znameni","MISSING_DIRECT_ASSET","","",""
"Monster","BLACK_BASTION_BOSS_PERVYI_STRAZH_MOR_KAR_L40","Первый Страж Мор-Кар","Boss","","pervyi-strazh-mor-kar","MISSING_DIRECT_ASSET","","",""
"Monster","BLACK_BASTION_BOSS_RUNNYI_KOLOSS_ARK_TOR_L40","Рунный Колосс Арк-Тор","Boss","","runnyi-koloss-ark-tor","MISSING_DIRECT_ASSET","","",""
"Monster","BLACK_BASTION_CHIORNYI_INKVIZITOR_L40","Чёрный инквизитор","Elite","","chiornyi-inkvizitor","MISSING_DIRECT_ASSET","","",""
"Monster","BLACK_BASTION_OBSIDIANOVAIA_GONCHAIA_L40","Обсидиановая гончая","Elite","","obsidianovaia-gonchaia","MISSING_DIRECT_ASSET","","",""
"Monster","BLACK_BASTION_PEPELNYI_RYTSAR_L40","Пепельный рыцарь","Elite","","pepelnyi-rytsar","MISSING_DIRECT_ASSET","","",""
"Monster","BLACK_BASTION_PRIZRACHNYI_ZNAMENOSETS_L40","Призрачный знаменосец","Elite","","prizrachnyi-znamenosets","MISSING_DIRECT_ASSET","","",""
"Monster","BLACK_BASTION_RUNNYI_RAZRUSHITEL_L40","Рунный разрушитель","Elite","","runnyi-razrushitel","MISSING_DIRECT_ASSET","","",""
"Monster","BLACKSTONE_HIGHLANDS_BRONESPIN_L30","Бронеспин","Normal","","bronespin","MISSING_DIRECT_ASSET","","",""
"Monster","BLACKSTONE_HIGHLANDS_CHERNOKAMENNYI_GROMILA_L35","Чернокаменный громила","Normal","","chernokamennyi-gromila","MISSING_DIRECT_ASSET","","",""
"Monster","BLACKSTONE_HIGHLANDS_CHERNOKAMENNYI_VOLK_L30","Чернокаменный волк","Normal","","chernokamennyi-volk","MISSING_DIRECT_ASSET","","",""
"Monster","BLACKSTONE_HIGHLANDS_GORNYI_NALIOTCHIK_L32","Горный налётчик","Normal","","gornyi-naliotchik","MISSING_DIRECT_ASSET","","",""
"Monster","BLACKSTONE_HIGHLANDS_KAMENNOE_CHUDOVISHCHE_L34","Каменное чудовище","Normal","","kamennoe-chudovishche","MISSING_DIRECT_ASSET","","",""
"Monster","BLACKSTONE_HIGHLANDS_KRYLATYI_OKHOTNIK_L31","Крылатый охотник","Normal","","krylatyi-okhotnik","MISSING_DIRECT_ASSET","","",""
"Monster","BLACKSTONE_HIGHLANDS_KUZNETS_CHIORNOGO_ZHELEZA_L32","Кузнец чёрного железа","Normal","","kuznets-chiornogo-zheleza","MISSING_DIRECT_ASSET","","",""
"Monster","BLACKSTONE_HIGHLANDS_OBSIDIANOVYI_SKORPION_L32","Обсидиановый скорпион","Normal","","obsidianovyi-skorpion","MISSING_DIRECT_ASSET","","",""
"Monster","BLACKSTONE_HIGHLANDS_PIROMANT_NAGORIA_L34","Пиромант нагорья","Normal","","piromant-nagoria","MISSING_DIRECT_ASSET","","",""
"Monster","BLACKSTONE_HIGHLANDS_RUNNYI_GOLEM_L34","Рунный голем","Elite","","runnyi-golem","MISSING_DIRECT_ASSET","","",""
"Monster","BLACKSTONE_HIGHLANDS_STRAZH_CHIORNOGO_PEREVALA_L34","Страж Чёрного перевала","Elite","","strazh-chiornogo-perevala","MISSING_DIRECT_ASSET","","",""
"Monster","BLIGHTED_GROVE_BRAKONER_CHASHCHI_L17","Браконьер чащи","Normal","","brakoner-chashchi","MISSING_DIRECT_ASSET","","",""
"Monster","BLIGHTED_GROVE_MATIORYI_VOZHAK_L19","Матёрый вожак","Elite","","matioryi-vozhak","MISSING_DIRECT_ASSET","","",""
"Monster","BLIGHTED_GROVE_PORCHENYI_KABAN_L15","Порченый кабан","Normal","","porchenyi-kaban","MISSING_DIRECT_ASSET","","",""
"Monster","BLIGHTED_GROVE_PORCHENYI_PAUK_L16","Порченый паук","Normal","","porchenyi-pauk","MISSING_DIRECT_ASSET","","",""
"Monster","BLIGHTED_GROVE_SOBIRATEL_PORCHI_L17","Собиратель порчи","Normal","","sobiratel-porchi","MISSING_DIRECT_ASSET","","",""
"Monster","BLIGHTED_GROVE_TENEVOI_BRAKONER_L17","Теневой браконьер","Normal","","tenevoi-brakoner","MISSING_DIRECT_ASSET","","",""
"Monster","CRIMSON_WASTELAND_BAGROVAIA_GARPIIA_L34","Багровая гарпия","Normal","","bagrovaia-garpiia","MISSING_DIRECT_ASSET","","",""
"Monster","CRIMSON_WASTELAND_BAGROVYI_KULTIST_L34","Багровый культист","Normal","","bagrovyi-kultist","MISSING_DIRECT_ASSET","","",""
"Monster","CRIMSON_WASTELAND_BEZYMIANNYI_MARSHAL_L37","Безымянный маршал","Elite","","bezymiannyi-marshal","MISSING_DIRECT_ASSET","","",""
"Monster","CRIMSON_WASTELAND_CHUMNOI_MAGISTR_L37","Чумной магистр","Elite","","chumnoi-magistr","MISSING_DIRECT_ASSET","","",""
"Monster","CRIMSON_WASTELAND_CHUMNOI_SLUGA_L36","Чумной слуга","Normal","","chumnoi-sluga","MISSING_DIRECT_ASSET","","",""
"Monster","CRIMSON_WASTELAND_CHUMNOI_ZHRETS_L34","Чумной жрец","Normal","","chumnoi-zhrets","MISSING_DIRECT_ASSET","","",""
"Monster","CRIMSON_WASTELAND_KHODIACHII_MERTVETS_L35","Ходячий мертвец","Normal","","khodiachii-mertvets","MISSING_DIRECT_ASSET","","",""
"Monster","CRIMSON_WASTELAND_KLADBISHCHENSKII_AKOLIT_L36","Кладбищенский аколит","Normal","","kladbishchenskii-akolit","MISSING_DIRECT_ASSET","","",""
"Monster","CRIMSON_WASTELAND_KOSTIANOI_ISPOLIN_L33","Костяной исполин","Normal","","kostianoi-ispolin","MISSING_DIRECT_ASSET","","",""
"Monster","CRIMSON_WASTELAND_KOSTIANOI_NADSMOTRSHCHIK_L37","Костяной надсмотрщик","Elite","","kostianoi-nadsmotrshchik","MISSING_DIRECT_ASSET","","",""
"Monster","CRIMSON_WASTELAND_KOSTIANOI_PIOS_L37","Костяной пёс","Normal","","kostianoi-pios","MISSING_DIRECT_ASSET","","",""
"Monster","CRIMSON_WASTELAND_KOSTIANOI_RYTSAR_L33","Костяной рыцарь","Normal","","kostianoi-rytsar","MISSING_DIRECT_ASSET","","",""
"Monster","CRIMSON_WASTELAND_KOSTIANOI_SHAKAL_L33","Костяной шакал","Normal","","kostianoi-shakal","MISSING_DIRECT_ASSET","","",""
"Monster","CRIMSON_WASTELAND_KOSTIANOI_VELIKAN_L35","Костяной великан","Normal","","kostianoi-velikan","MISSING_DIRECT_ASSET","","",""
"Monster","CRIMSON_WASTELAND_MERTVENNYI_RYTSAR_L37","Мертвенный рыцарь","Elite","","mertvennyi-rytsar","MISSING_DIRECT_ASSET","","",""
"Monster","CRIMSON_WASTELAND_MOGILNYI_KOLDUN_L38","Могильный колдун","Elite","","mogilnyi-koldun","MISSING_DIRECT_ASSET","","",""
"Monster","CRIMSON_WASTELAND_PADALSHCHIK_L34","Падальщик","Normal","","padalshchik","MISSING_DIRECT_ASSET","","",""
"Monster","CRIMSON_WASTELAND_POGREBALNAIA_BANSHI_L38","Погребальная банши","Elite","","pogrebalnaia-banshi","MISSING_DIRECT_ASSET","","",""
"Monster","CRIMSON_WASTELAND_POGREBALNYI_STRAZH_L37","Погребальный страж","Normal","","pogrebalnyi-strazh","MISSING_DIRECT_ASSET","","",""
"Monster","CRIMSON_WASTELAND_POZHIRATEL_DUSH_L35","Пожиратель душ","Normal","","pozhiratel-dush","MISSING_DIRECT_ASSET","","",""
"Monster","CRIMSON_WASTELAND_PREDVESTNIK_PUSTOSHI_L37","Предвестник пустоши","Elite","","predvestnik-pustoshi","MISSING_DIRECT_ASSET","","",""
"Monster","CRIMSON_WASTELAND_RAZLOZHIVSHIISIA_PEKHOTINETS_L36","Разложившийся пехотинец","Normal","","razlozhivshiisia-pekhotinets","MISSING_DIRECT_ASSET","","",""
"Monster","CRIMSON_WASTELAND_SKELET_LUCHNIK_L36","Скелет-лучник","Normal","","skelet-luchnik","MISSING_DIRECT_ASSET","","",""
"Monster","CRIMSON_WASTELAND_SKELET_MECHNIK_L36","Скелет-мечник","Normal","","skelet-mechnik","MISSING_DIRECT_ASSET","","",""
"Monster","CRIMSON_WASTELAND_TENEVOI_NEKROMANT_L34","Теневой некромант","Normal","","tenevoi-nekromant","MISSING_DIRECT_ASSET","","",""
"Monster","CRIMSON_WASTELAND_VLADYKA_SKLEPA_L38","Владыка склепа","Elite","","vladyka-sklepa","MISSING_DIRECT_ASSET","","",""
"Monster","DEEP_FOREST_ALFA_VOLK_L7","Альфа-волк","Normal","","alfa-volk","MISSING_DIRECT_ASSET","","",""
"Monster","DEEP_FOREST_GLUBINNYI_PAUK_L8","Глубинный паук","Normal","","glubinnyi-pauk","MISSING_DIRECT_ASSET","","",""
"Monster","DEEP_FOREST_GOBLIN_RAZVEDCHIK_L9","Гоблин-разведчик","Normal","","goblin-razvedchik","MISSING_DIRECT_ASSET","","",""
"Monster","DEEP_FOREST_LESNOI_DUKH_L10","Лесной дух","Normal","","lesnoi-dukh","MISSING_DIRECT_ASSET","","",""
"Monster","DEEP_FOREST_OSKVERNIONNYI_KABAN_L7","Осквернённый кабан","Normal","","oskvernionnyi-kaban","MISSING_DIRECT_ASSET","","",""
"Monster","DEEP_FOREST_SGUSTOK_LESNOI_PORCHI_L11","Сгусток лесной порчи","Normal","","sgustok-lesnoi-porchi","MISSING_DIRECT_ASSET","","",""
"Monster","DEEP_FOREST_VOLK_CHASHCHOBY_L6","Волк чащобы","Normal","","volk-chashchoby","MISSING_DIRECT_ASSET","","",""
"Monster","ECLIPSE_OUTSKIRTS_CHASOVOI_UMBRY_L29","Часовой Умбры","Elite","","chasovoi-umbry","MISSING_DIRECT_ASSET","","",""
"Monster","ECLIPSE_OUTSKIRTS_MOGILNYI_AKOLIT_L26","Могильный аколит","Normal","","mogilnyi-akolit","MISSING_DIRECT_ASSET","","",""
"Monster","ECLIPSE_OUTSKIRTS_PALACH_ZATMENIIA_L28","Палач Затмения","Elite","","palach-zatmeniia","MISSING_DIRECT_ASSET","","",""
"Monster","ECLIPSE_OUTSKIRTS_PODMASTERE_RUNNOGO_KUZNETSA_L28","Подмастерье рунного кузнеца","Normal","","podmastere-runnogo-kuznetsa","MISSING_DIRECT_ASSET","","",""
"Monster","ECLIPSE_OUTSKIRTS_POKHITITEL_OSKOLKOV_L26","Похититель осколков","Normal","","pokhititel-oskolkov","MISSING_DIRECT_ASSET","","",""
"Monster","ECLIPSE_OUTSKIRTS_REKRUT_ZATMENIIA_L24","Рекрут Затмения","Normal","","rekrut-zatmeniia","MISSING_DIRECT_ASSET","","",""
"Monster","ECLIPSE_OUTSKIRTS_RUNNYI_STRAZH_ZATMENIIA_L28","Рунный страж Затмения","Normal","","runnyi-strazh-zatmeniia","MISSING_DIRECT_ASSET","","",""
"Monster","ECLIPSE_OUTSKIRTS_STRELOK_ZATMENIIA_L25","Стрелок Затмения","Normal","","strelok-zatmeniia","MISSING_DIRECT_ASSET","","",""
"Monster","ECLIPSE_OUTSKIRTS_ZAKLINATEL_RASKOLA_L27","Заклинатель раскола","Normal","","zaklinatel-raskola","MISSING_DIRECT_ASSET","","",""
"Monster","FLOWER_MEADOW_KORNEVOI_DUKH_L7","Корневой дух","Normal","","kornevoi-dukh","MISSING_DIRECT_ASSET","","",""
"Monster","FLOWER_MEADOW_LUGOVOI_KABAN_L5","Луговой кабан","Normal","","lugovoi-kaban","MISSING_DIRECT_ASSET","","",""
"Monster","FLOWER_MEADOW_MATKA_ROEVIKOV_L7","Матка роевиков","Elite","","matka-roevikov","MISSING_DIRECT_ASSET","","",""
"Monster","FLOWER_MEADOW_ODICHAVSHII_OLEN_L5","Одичавший олень","Normal","","odichavshii-olen","MISSING_DIRECT_ASSET","","",""
"Monster","FLOWER_MEADOW_POLEVOI_MARODIOR_L8","Полевой мародёр","Normal","","polevoi-marodior","MISSING_DIRECT_ASSET","","",""
"Monster","FLOWER_MEADOW_POLEVOI_VOLK_L4","Полевой волк","Normal","","polevoi-volk","MISSING_DIRECT_ASSET","","",""
"Monster","FLOWER_MEADOW_TERNOVYI_BES_L7","Терновый бес","Normal","","ternovyi-bes","MISSING_DIRECT_ASSET","","",""
"Monster","FLOWER_MEADOW_ZHALIASHCHII_ROEVIK_L6","Жалящий роевик","Normal","","zhaliashchii-roevik","MISSING_DIRECT_ASSET","","",""
"Monster","HEART_OF_BLIGHTED_GROVE_BOSS_KRIVOKOREN_STRAZH_SERDTSA_L20","Кривокорень, Страж Сердца","Boss","","krivokoren-strazh-serdtsa","MISSING_DIRECT_ASSET","","",""
"Monster","HEART_OF_BLIGHTED_GROVE_BOSS_MATRONA_IADOVITYKH_LOZ_L20","Матрона Ядовитых Лоз","Boss","","matrona-iadovitykh-loz","MISSING_DIRECT_ASSET","","",""
"Monster","HEART_OF_BLIGHTED_GROVE_BOSS_PROPOVEDNIK_GNILI_SAL_VER_L20","Проповедник Гнили Сал-Вер","Boss","","propovednik-gnili-sal-ver","MISSING_DIRECT_ASSET","","",""
"Monster","HEART_OF_BLIGHTED_GROVE_BOSS_SERDTSE_CHASHCHI_OSKVERNIONNYI_DUKH_L20","Сердце Чащи, Осквернённый Дух","Boss","","serdtse-chashchi-oskvernionnyi-dukh","MISSING_DIRECT_ASSET","","",""
"Monster","HEART_OF_BLIGHTED_GROVE_GNIIUSHCHII_KULTIST_L20","Гниющий культист","Elite","","gniiushchii-kultist","MISSING_DIRECT_ASSET","","",""
"Monster","HEART_OF_BLIGHTED_GROVE_IADOVITYI_LOZOVIK_L20","Ядовитый лозовик","Elite","","iadovityi-lozovik","MISSING_DIRECT_ASSET","","",""
"Monster","HEART_OF_BLIGHTED_GROVE_SERDECHNYI_STRAZH_L20","Сердечный страж","Elite","","serdechnyi-strazh","MISSING_DIRECT_ASSET","","",""
"Monster","MOON_ASH_MARSHES_BOLOTNYI_KLYK_L21","Болотный клык","Normal","","bolotnyi-klyk","MISSING_DIRECT_ASSET","","",""
"Monster","MOON_ASH_MARSHES_BOLOTNYI_STRAZH_L23","Болотный страж","Normal","","bolotnyi-strazh","MISSING_DIRECT_ASSET","","",""
"Monster","MOON_ASH_MARSHES_LUNNYI_VASILISK_L21","Лунный василиск","Normal","","lunnyi-vasilisk","MISSING_DIRECT_ASSET","","",""
"Monster","MOON_ASH_MARSHES_MATER_TOPEI_L25","Матерь топей","Elite","","mater-topei","MISSING_DIRECT_ASSET","","",""
"Monster","MOON_ASH_MARSHES_PIIAVOCHNIK_L22","Пиявочник","Normal","","piiavochnik","MISSING_DIRECT_ASSET","","",""
"Monster","MOON_ASH_MARSHES_POZHIRATEL_SVETA_L25","Пожиратель света","Elite","","pozhiratel-sveta","MISSING_DIRECT_ASSET","","",""
"Monster","MOON_ASH_MARSHES_TOPIANOI_ROEVIK_L22","Топяной роевик","Normal","","topianoi-roevik","MISSING_DIRECT_ASSET","","",""
"Monster","MOON_ASH_MARSHES_UTONUVSHII_PALOMNIK_L23","Утонувший паломник","Normal","","utonuvshii-palomnik","MISSING_DIRECT_ASSET","","",""
"Monster","MOON_ASH_MARSHES_VEDMA_TRIASINY_L23","Ведьма трясины","Normal","","vedma-triasiny","MISSING_DIRECT_ASSET","","",""
"Monster","OBSIDIAN_EDGE_BASTIONNYI_PALACH_L40","Бастионный палач","Elite","","bastionnyi-palach","MISSING_DIRECT_ASSET","","",""
"Monster","OBSIDIAN_EDGE_CHIORNYI_GOLEM_L39","Чёрный голем","Elite","","chiornyi-golem","MISSING_DIRECT_ASSET","","",""
"Monster","OBSIDIAN_EDGE_INKVIZITOR_BASTIONA_L37","Инквизитор Бастиона","Normal","","inkvizitor-bastiona","MISSING_DIRECT_ASSET","","",""
"Monster","OBSIDIAN_EDGE_MAGISTR_BASTIONA_L39","Магистр Бастиона","Elite","","magistr-bastiona","MISSING_DIRECT_ASSET","","",""
"Monster","OBSIDIAN_EDGE_OBSIDIANOVYI_CHASOVOI_L40","Обсидиановый часовой","Elite","","obsidianovyi-chasovoi","MISSING_DIRECT_ASSET","","",""
"Monster","OBSIDIAN_EDGE_OBSIDIANOVYI_GONCHII_L36","Обсидиановый гончий","Normal","","obsidianovyi-gonchii","MISSING_DIRECT_ASSET","","",""
"Monster","OBSIDIAN_EDGE_PEPELNYI_RYTSAR_L36","Пепельный рыцарь","Normal","","pepelnyi-rytsar","MISSING_DIRECT_ASSET","","",""
"Monster","OBSIDIAN_EDGE_PREDVESTNIK_PERVOGO_STRAZHA_L39","Предвестник Первого Стража","Elite","","predvestnik-pervogo-strazha","MISSING_DIRECT_ASSET","","",""
"Monster","OBSIDIAN_EDGE_PRIZRACHNYI_ZNAMENOSETS_L38","Призрачный знаменосец","Normal","","prizrachnyi-znamenosets","MISSING_DIRECT_ASSET","","",""
"Monster","OBSIDIAN_EDGE_RUNNYI_RAZRUSHITEL_L37","Рунный разрушитель","Normal","","runnyi-razrushitel","MISSING_DIRECT_ASSET","","",""
"Monster","OBSIDIAN_EDGE_STRAZH_VRAT_L39","Страж врат","Normal","","strazh-vrat","MISSING_DIRECT_ASSET","","",""
"Monster","OBSIDIAN_EDGE_STRELOK_BASTIONA_L37","Стрелок Бастиона","Normal","","strelok-bastiona","MISSING_DIRECT_ASSET","","",""
"Monster","OLD_ROAD_BOEVOI_PIOS_TRAKTA_L12","Боевой пёс тракта","Normal","","boevoi-pios-trakta","MISSING_DIRECT_ASSET","","",""
"Monster","OLD_ROAD_BRODIACHII_NAIOMNIK_L13","Бродячий наёмник","Normal","","brodiachii-naiomnik","MISSING_DIRECT_ASSET","","",""
"Monster","OLD_ROAD_DOROZHNYI_PADALSHCHIK_L12","Дорожный падальщик","Normal","","dorozhnyi-padalshchik","MISSING_DIRECT_ASSET","","",""
"Monster","OLD_ROAD_GOBLIN_MARODIOR_L11","Гоблин-мародёр","Normal","","goblin-marodior","MISSING_DIRECT_ASSET","","",""
"Monster","OLD_ROAD_GRABITELI_L9","Грабители","Normal","","grabiteli","MISSING_DIRECT_ASSET","","",""
"Monster","OLD_ROAD_KAPITAN_L13","Капитан","Elite","","kapitan","MISSING_DIRECT_ASSET","","",""
"Monster","OLD_ROAD_KAPITAN_PYLNOI_DOROGI_L13","Капитан Пыльной дороги","Elite","","kapitan-pylnoi-dorogi","MISSING_DIRECT_ASSET","","",""
"Monster","OLD_ROAD_LUCHNIKI_L9","Лучники","Normal","","luchniki","MISSING_DIRECT_ASSET","","",""
"Monster","OLD_ROAD_NAIOMNIKI_L10","Наёмники","Normal","","naiomniki","MISSING_DIRECT_ASSET","","",""
"Monster","OLD_ROAD_PODRYVNIKI_L10","Подрывники","Normal","","podryvniki","MISSING_DIRECT_ASSET","","",""
"Monster","OLD_ROAD_RAZBOINIK_LUCHNIK_L13","Разбойник-лучник","Normal","","razboinik-luchnik","MISSING_DIRECT_ASSET","","",""
"Monster","OLD_ROAD_RAZBOINIK_PODRYVNIK_L14","Разбойник-подрывник","Normal","","razboinik-podryvnik","MISSING_DIRECT_ASSET","","",""
"Monster","SHATTERED_LANDS_FANATIK_RASKOLA_L27","Фанатик Раскола","Normal","","fanatik-raskola","MISSING_DIRECT_ASSET","","",""
"Monster","SHATTERED_LANDS_KHRANITEL_RASKOLA_L31","Хранитель раскола","Elite","","khranitel-raskola","MISSING_DIRECT_ASSET","","",""
"Monster","SHATTERED_LANDS_OTRAZHENIE_LUCHNIKA_L30","Отражение лучника","Normal","","otrazhenie-luchnika","MISSING_DIRECT_ASSET","","",""
"Monster","SHATTERED_LANDS_OTRAZHENIE_MAGA_L29","Отражение мага","Normal","","otrazhenie-maga","MISSING_DIRECT_ASSET","","",""
"Monster","SHATTERED_LANDS_OTRAZHENIE_VOINA_L29","Отражение воина","Normal","","otrazhenie-voina","MISSING_DIRECT_ASSET","","",""
"Monster","SHATTERED_LANDS_PROVODNIK_MANY_L28","Проводник маны","Normal","","provodnik-many","MISSING_DIRECT_ASSET","","",""
"Monster","SHATTERED_LANDS_PUSTOTNYI_UCHENIK_L29","Пустотный ученик","Normal","","pustotnyi-uchenik","MISSING_DIRECT_ASSET","","",""
"Monster","SHATTERED_LANDS_RYTSAR_RASKOLA_L27","Рыцарь Раскола","Normal","","rytsar-raskola","MISSING_DIRECT_ASSET","","",""
"Monster","SHATTERED_LANDS_STRELOK_RASKOLA_L28","Стрелок Раскола","Normal","","strelok-raskola","MISSING_DIRECT_ASSET","","",""
"Monster","SHATTERED_LANDS_ZERKALNYI_STRAZH_L30","Зеркальный страж","Normal","","zerkalnyi-strazh","MISSING_DIRECT_ASSET","","",""
"Monster","SHATTERED_LANDS_ZHRETS_OTRAZHENII_L28","Жрец отражений","Normal","","zhrets-otrazhenii","MISSING_DIRECT_ASSET","","",""
"Monster","SHATTERED_ORDER_CITADEL_BOSS_ARKHIMAG_VELLARIUS_L30","Архимаг Веллариус","Boss","","arkhimag-vellarius","MISSING_DIRECT_ASSET","","",""
"Monster","SHATTERED_ORDER_CITADEL_BOSS_KHRANITEL_DUSH_MOR_ET_L30","Хранитель Душ Мор-Эт","Boss","","khranitel-dush-mor-et","MISSING_DIRECT_ASSET","","",""
"Monster","SHATTERED_ORDER_CITADEL_BOSS_TRIEDINYI_MAGISTR_AZRAEL_L30","Триединый Магистр Азраэль","Boss","","triedinyi-magistr-azrael","MISSING_DIRECT_ASSET","","",""
"Monster","SHATTERED_ORDER_CITADEL_BOSS_ZERKALNYI_KASTELAN_L30","Зеркальный Кастелан","Boss","","zerkalnyi-kastelan","MISSING_DIRECT_ASSET","","",""
"Monster","STONE_SPURS_GLUBINNYI_LAZUTCHIK_L14","Глубинный лазутчик","Normal","","glubinnyi-lazutchik","MISSING_DIRECT_ASSET","","",""
"Monster","STONE_SPURS_KAMNEGLOT_L15","Камнеглот","Normal","","kamneglot","MISSING_DIRECT_ASSET","","",""
"Monster","STONE_SPURS_KHOZIAIN_ZHIL_L16","Хозяин жил","Elite","","khoziain-zhil","MISSING_DIRECT_ASSET","","",""
"Monster","STONE_SPURS_NETOPYR_L12","Нетопырь","Normal","","netopyr","MISSING_DIRECT_ASSET","","",""
"Monster","STONE_SPURS_OBEZUMEVSHII_SHAKHTIOR_L14","Обезумевший шахтёр","Normal","","obezumevshii-shakhtior","MISSING_DIRECT_ASSET","","",""
"Monster","STONE_SPURS_POLZUN_L12","Ползун","Normal","","polzun","MISSING_DIRECT_ASSET","","",""
"Monster","STONE_SPURS_RUDNYI_ZHUK_L15","Рудный жук","Elite","","rudnyi-zhuk","MISSING_DIRECT_ASSET","","",""
"Monster","STONE_SPURS_RUNNOKAMENNYI_STRAZH_L14","Руннокаменный страж","Normal","","runnokamennyi-strazh","MISSING_DIRECT_ASSET","","",""
"Monster","WHISPERING_FOREST_LESNOI_KABAN_L2","Лесной кабан","Normal","","lesnoi-kaban","MISSING_DIRECT_ASSET","","",""
"Monster","WHISPERING_FOREST_LESNOI_PAUK_L3","Лесной паук","Normal","","lesnoi-pauk","MISSING_DIRECT_ASSET","","",""
"Monster","WHISPERING_FOREST_MATIORYI_VOZHAK_L4","Матёрый вожак","Elite","","matioryi-vozhak","MISSING_DIRECT_ASSET","","",""
"Monster","WHISPERING_FOREST_MOLODOI_VOLK_L1","Молодой волк","Normal","","molodoi-volk","MISSING_DIRECT_ASSET","","",""
"Monster","WHISPERING_FOREST_RAZIARIONNYI_KABAN_L3","Разъярённый кабан","Normal","","raziarionnyi-kaban","MISSING_DIRECT_ASSET","","",""
"Monster","WHISPERING_FOREST_SERYI_VOLK_L1","Серый волк","Normal","","seryi-volk","MISSING_DIRECT_ASSET","","",""
"Monster","WHISPERING_FOREST_VOLK_OKHOTNIK_L2","Волк-охотник","Normal","","volk-okhotnik","MISSING_DIRECT_ASSET","","",""
"SetSheet","","Броня Хранителя Глубин","","","","SOURCE_HAS_NO_CURRENT_SET","","item set/Древняя шахта/Броня Хранителя Глубин.png",""
"SetSheet","","Доспех Воеводы Сумерек","","","","SOURCE_HAS_NO_CURRENT_SET","","item set/Цитадель Затмения/Доспех Воеводы Сумерек.png",""
"SetSheet","","Доспех Карателя Шахты","","","","SOURCE_HAS_NO_CURRENT_SET","","item set/Древняя шахта/Доспех Карателя Шахты.png",""
"SetSheet","","Клятва Карающего Затмения","","","","SOURCE_HAS_NO_CURRENT_SET","","item set/Цитадель Затмения/Клятва Карающего Затмения.png",""
"SetSheet","","Кровь Подземного Клыка","","","","SOURCE_HAS_NO_CURRENT_SET","","item set/Древняя шахта/Кровь Подземного Клыка.png",""
"SetSheet","","Кровь Сломленных","","","","SOURCE_HAS_NO_CURRENT_SET","","item set/Цитадель Затмения/Кровь Сломленных.png",""
"SetSheet","","Латы Последнего Луча","","","","SOURCE_HAS_NO_CURRENT_SET","","item set/Цитадель Затмения/Латы Последнего Луча.png",""
"SetSheet","","Латы Светоча Глубин","","","","SOURCE_HAS_NO_CURRENT_SET","","item set/Древняя шахта/Латы Светоча Глубин.png",""
"SetSheet","","Мантия Погасшей Звезды","","","","SOURCE_HAS_NO_CURRENT_SET","","item set/Цитадель Затмения/Мантия Погасшей Звезды.png",""
"SetSheet","","Одеяния Пепельной Жилы","","","","SOURCE_HAS_NO_CURRENT_SET","","item set/Древняя шахта/Одеяния Пепельной Жилы.png",""
"SetSheet","","Одеяния Погасшего Пламени","","","","SOURCE_HAS_NO_CURRENT_SET","","item set/Цитадель Затмения/Одеяния Погасшего Пламени.png",""
"SetSheet","","Оплот Внутренних Врат","","","","SOURCE_HAS_NO_CURRENT_SET","","item set/Цитадель Затмения/Оплот Внутренних Врат.png",""
"SetSheet","","Оплот Нижних Врат","","","","SOURCE_HAS_NO_CURRENT_SET","","item set/Древняя шахта/Оплот Нижних Врат.png",""
"SetSheet","","Покров Ледяного Кварца","","","","SOURCE_HAS_NO_CURRENT_SET","","item set/Древняя шахта/Покров Ледяного Кварца.png",""
"SetSheet","","Покров Холодной Тени","","","","SOURCE_HAS_NO_CURRENT_SET","","item set/Цитадель Затмения/Покров Холодной Тени.png",""
"SetSheet","","Ризы Рунного Эха","","","","SOURCE_HAS_NO_CURRENT_SET","","item set/Древняя шахта/Ризы Рунного Эха.png",""
"SetSheet","","Снаряжение Пещерного Ловчего","","","","SOURCE_HAS_NO_CURRENT_SET","","item set/Древняя шахта/Снаряжение Пещерного Ловчего.png",""
"SetSheet","","Снаряжение Сумеречного Ловчего","","","","SOURCE_HAS_NO_CURRENT_SET","","item set/Цитадель Затмения/Снаряжение Сумеречного Ловчего.png",""
"SetSheet","","Снаряжение Сумеречного Следопыта","","","","SOURCE_HAS_NO_CURRENT_SET","","item set/Цитадель Затмения/Снаряжение Сумеречного Следопыта.png",""
"SetSheet","","Снаряжение Шахтного Следопыта","","","","SOURCE_HAS_NO_CURRENT_SET","","item set/Древняя шахта/Снаряжение Шахтного Следопыта.png",""
"SetSheet","","Сталь Затмения","","","","SOURCE_HAS_NO_CURRENT_SET","","item set/Цитадель Затмения/Сталь Затмения.png",""
"SetSheet","","Сталь Штольневого Знамени","","","","SOURCE_HAS_NO_CURRENT_SET","","item set/Древняя шахта/Сталь Штольневого Знамени.png",""
"SetSheet","","Шкуры Ночного Ловчего","","","","SOURCE_HAS_NO_CURRENT_SET","","item set/Цитадель Затмения/Шкуры Ночного Ловчего.png",""
"SetSheet","","Шкуры Пещерного Вожака","","","","SOURCE_HAS_NO_CURRENT_SET","","item set/Древняя шахта/Шкуры Пещерного Вожака.png",""
"SourceItem","","Ж","","","","NO_EXACT_RUNTIME_ITEM","","Материалы, не используемых в профессиях/Охотничьи и звериные трофеи.png","0 (2x2)"
"SourceItem","","З","","","","NO_EXACT_RUNTIME_ITEM","","Предметы вне комплектов/Цитадель Расколотого Ордена — вещи вне комплектов.png","0 (4x2)"
"SourceItem","","З","","","","NO_EXACT_RUNTIME_ITEM","","Материал профессий/Собирательство — поздние материалы.png","0 (2x2)"
"SourceItem","","Зеркальный клинок отражения","","","","NO_EXACT_RUNTIME_ITEM","","Предметы вне комплектов/Именные вещи открытого мира — средний диапазон 15–29.png","13 (5x4)"
"SourceItem","","К","","","","NO_EXACT_RUNTIME_ITEM","","Предметы вне комплектов/Сердце Осквернённой Чащи — вещи вне комплектов.png","0 (4x2)"
"SourceItem","","К","","","","NO_EXACT_RUNTIME_ITEM","","Предметы вне комплектов/Цитадель Затмения — вещи вне комплектов.png","0 (4x2)"
"SourceItem","","К","","","","NO_EXACT_RUNTIME_ITEM","","Предметы вне комплектов/Чёрный Бастион — вещи вне комплектов.png","0 (2x2)"
"SourceItem","","Клинок Чёрного Созвездия","","","","NO_EXACT_RUNTIME_ITEM","","Предметы вне комплектов/Именные вещи открытого мира — средний диапазон 15–29.png","11 (5x4)"
"SourceItem","","Костяной великий меч","","","","NO_EXACT_RUNTIME_ITEM","","Предметы вне комплектов/Именные вещи открытого мира — поздний диапазон 30–40.png","4 (4x3)"
"SourceItem","","Крыло горного охотника","","","","NO_EXACT_RUNTIME_ITEM","","Предметы вне комплектов/Именные вещи открытого мира — поздний диапазон 30–40.png","1 (4x3)"
"SourceItem","","Л","","","","NO_EXACT_RUNTIME_ITEM","","Материал профессий/Собирательство — ранние материалы.png","0 (5x4)"
"SourceItem","","Л","","","","NO_EXACT_RUNTIME_ITEM","","Материал профессий/Снятие шкур — ранние материалы.png","0 (2x2)"
"SourceItem","","л","","","","NO_EXACT_RUNTIME_ITEM","","Материал профессий/Группа материалов для кожевничества.png","0 (4x3)"
"SourceItem","","М","","","","NO_EXACT_RUNTIME_ITEM","","Материал профессий/Горное дело — ранние материалы.png","0 (2x2)"
"SourceItem","","О","","","","NO_EXACT_RUNTIME_ITEM","","Материал профессий/Горное дело — средние материалы.png","0 (4x3)"
"SourceItem","","П","","","","NO_EXACT_RUNTIME_ITEM","","Материалы, не используемых в профессиях/Тёмные и магические реагенты.png","0 (5x4)"
"SourceItem","","П","","","","NO_EXACT_RUNTIME_ITEM","","Материал профессий/Снятие шкур — средние материалы.png","0 (2x2)"
"SourceItem","","П","","","","NO_EXACT_RUNTIME_ITEM","","Материал профессий/Собирательство — средние материалы.png","0 (2x2)"
"SourceItem","","Перья Багровой гарпии","","","","NO_EXACT_RUNTIME_ITEM","","Предметы вне комплектов/Именные вещи открытого мира — поздний диапазон 30–40.png","6 (4x3)"
"SourceItem","","Посох прерванной маны","","","","NO_EXACT_RUNTIME_ITEM","","Предметы вне комплектов/Именные вещи открытого мира — средний диапазон 15–29.png","14 (5x4)"
"SourceItem","","Р","","","","NO_EXACT_RUNTIME_ITEM","","Предметы вне комплектов/Древняя шахта — вещи вне комплектов.png","0 (3x2)"
"SourceItem","","Фиал пойманной души","","","","NO_EXACT_RUNTIME_ITEM","","Предметы вне комплектов/Именные вещи открытого мира — поздний диапазон 30–40.png","7 (4x3)"
"SourceItem","","Ч","","","","NO_EXACT_RUNTIME_ITEM","","Материал профессий/Снятие шкур — поздние материалы.png","0 (4x3)"
"SourceItem","","Ч","","","","NO_EXACT_RUNTIME_ITEM","","Материал профессий/Горное дело — поздние материалы.png","0 (2x2)"
"SourceItem","","Чернозвёздный фокус","","","","NO_EXACT_RUNTIME_ITEM","","Предметы вне комплектов/Именные вещи открытого мира — поздний диапазон 30–40.png","10 (4x3)"
"SourceItem","","Ш","","","","NO_EXACT_RUNTIME_ITEM","","Материалы, не используемых в профессиях/Боссовые трофеи и особые находки.png","0 (4x3)"
